2026-09-05T00:00:22.262-04:00 DEBUG 4940 --- [backend] [HikariPool-1 housekeeper] com.zaxxer.hikari.pool.HikariPool        : HikariPool-1 - Pool stats (total=10, active=0, idle=10, waiting=0)
2026-09-05T00:00:22.265-04:00 DEBUG 4940 --- [backend] [HikariPool-1 housekeeper] com.zaxxer.hikari.pool.HikariPool        : HikariPool-1 - Fill pool skipped, pool has sufficient level or currently being filled.
2026-09-05T00:00:52.268-04:00 DEBUG 4940 --- [backend] [HikariPool-1 housekeeper] com.zaxxer.hikari.pool.HikariPool        : HikariPool-1 - Pool stats (total=10, active=0, idle=10, waiting=0)
2026-09-05T00:00:52.268-04:00 DEBUG 4940 --- [backend] [HikariPool-1 housekeeper] com.zaxxer.hikari.pool.HikariPool        : HikariPool-1 - Fill pool skipped, pool has sufficient level or currently being filled.
2026-09-05T00:01:22.269-04:00 DEBUG 4940 --- [backend] [HikariPool-1 housekeeper] com.zaxxer.hikari.pool.HikariPool        : HikariPool-1 - Pool stats (total=10, active=0, idle=10, waiting=0)
2026-09-05T00:01:22.269-04:00 DEBUG 4940 --- [backend] [HikariPool-1 housekeeper] com.zaxxer.hikari.pool.HikariPool        : HikariPool-1 - Fill pool skipped, pool has sufficient level or currently being filled.
2026-09-05T00:01:52.271-04:00 DEBUG 4940 --- [backend] [HikariPool-1 housekeeper] com.zaxxer.hikari.pool.HikariPool        : HikariPool-1 - Pool stats (total=10, active=0, idle=10, waiting=0)
2026-09-05T00:01:52.271-04:00 DEBUG 4940 --- [backend] [HikariPool-1 housekeeper] com.zaxxer.hikari.pool.HikariPool        : HikariPool-1 - Fill pool skipped, pool has sufficient level or currently being filled.
2026-09-05T00:02:22.273-04:00 DEBUG 4940 --- [backend] [HikariPool-1 housekeeper] com.zaxxer.hikari.pool.HikariPool        : HikariPool-1 - Pool stats (total=10, active=0, idle=10, waiting=0)
2026-09-05T00:02:22.273-04:00 DEBUG 4940 --- [backend] [HikariPool-1 housekeeper] com.zaxxer.hikari.pool.HikariPool        : HikariPool-1 - Fill pool skipped, pool has sufficient level or currently being filled.
2026-09-05T00:02:52.275-04:00 DEBUG 4940 --- [backend] [HikariPool-1 housekeeper] com.zaxxer.hikari.pool.HikariPool        : HikariPool-1 - Pool stats (total=10, active=0, idle=10, waiting=0)
2026-09-05T00:02:52.275-04:00 DEBUG 4940 --- [backend] [HikariPool-1 housekeeper] com.zaxxer.hikari.pool.HikariPool        : HikariPool-1 - Fill pool skipped, pool has sufficient level or currently being filled.
2026-09-05T00:03:22.276-04:00 DEBUG 4940 --- [backend] [HikariPool-1 housekeeper] com.zaxxer.hikari.pool.HikariPool        : HikariPool-1 - Pool stats (total=10, active=0, idle=10, waiting=0)
2026-09-05T00:03:22.276-04:00 DEBUG 4940 --- [backend] [HikariPool-1 housekeeper] com.zaxxer.hikari.pool.HikariPool        : HikariPool-1 - Fill pool skipped, pool has sufficient level or currently being filled.
2026-09-05T00:03:52.278-04:00 DEBUG 4940 --- [backend] [HikariPool-1 housekeeper] com.zaxxer.hikari.pool.HikariPool        : HikariPool-1 - Pool stats (total=10, active=0, idle=10, waiting=0)
2026-09-05T00:03:52.278-04:00 DEBUG 4940 --- [backend] [HikariPool-1 housekeeper] com.zaxxer.hikari.pool.HikariPool        : HikariPool-1 - Fill pool skipped, pool has sufficient level or currently being filled.
2026-09-05T00:04:22.280-04:00 DEBUG 4940 --- [backend] [HikariPool-1 housekeeper] com.zaxxer.hikari.pool.HikariPool        : HikariPool-1 - Pool stats (total=10, active=0, idle=10, waiting=0)
2026-09-05T00:04:22.280-04:00 DEBUG 4940 --- [backend] [HikariPool-1 housekeeper] com.zaxxer.hikari.pool.HikariPool        : HikariPool-1 - Fill pool skipped, pool has sufficient level or currently being filled.
2026-09-05T00:04:52.280-04:00 DEBUG 4940 --- [backend] [HikariPool-1 housekeeper] com.zaxxer.hikari.pool.HikariPool        : HikariPool-1 - Pool stats (total=10, active=0, idle=10, waiting=0)
2026-09-05T00:04:52.280-04:00 DEBUG 4940 --- [backend] [HikariPool-1 housekeeper] com.zaxxer.hikari.pool.HikariPool        : HikariPool-1 - Fill pool skipped, pool has sufficient level or currently being filled.
2026-09-05T00:05:22.282-04:00 DEBUG 4940 --- [backend] [HikariPool-1 housekeeper] com.zaxxer.hikari.pool.HikariPool        : HikariPool-1 - Pool stats (total=10, active=0, idle=10, waiting=0)
2026-09-05T00:05:22.282-04:00 DEBUG 4940 --- [backend] [HikariPool-1 housekeeper] com.zaxxer.hikari.pool.HikariPool        : HikariPool-1 - Fill pool skipped, pool has sufficient level or currently being filled.
2026-09-05T00:05:52.284-04:00 DEBUG 4940 --- [backend] [HikariPool-1 housekeeper] com.zaxxer.hikari.pool.HikariPool        : HikariPool-1 - Pool stats (total=10, active=0, idle=10, waiting=0)
2026-09-05T00:05:52.284-04:00 DEBUG 4940 --- [backend] [HikariPool-1 housekeeper] com.zaxxer.hikari.pool.HikariPool        : HikariPool-1 - Fill pool skipped, pool has sufficient level or currently being filled.
2026-09-05T00:06:22.286-04:00 DEBUG 4940 --- [backend] [HikariPool-1 housekeeper] com.zaxxer.hikari.pool.HikariPool        : HikariPool-1 - Pool stats (total=10, active=0, idle=10, waiting=0)
2026-09-05T00:06:22.286-04:00 DEBUG 4940 --- [backend] [HikariPool-1 housekeeper] com.zaxxer.hikari.pool.HikariPool        : HikariPool-1 - Fill pool skipped, pool has sufficient level or currently being filled.
2026-09-05T00:06:52.287-04:00 DEBUG 4940 --- [backend] [HikariPool-1 housekeeper] com.zaxxer.hikari.pool.HikariPool        : HikariPool-1 - Pool stats (total=10, active=0, idle=10, waiting=0)
2026-09-05T00:06:52.287-04:00 DEBUG 4940 --- [backend] [HikariPool-1 housekeeper] com.zaxxer.hikari.pool.HikariPool        : HikariPool-1 - Fill pool skipped, pool has sufficient level or currently being filled.
2026-09-05T00:07:22.289-04:00 DEBUG 4940 --- [backend] [HikariPool-1 housekeeper] com.zaxxer.hikari.pool.HikariPool        : HikariPool-1 - Pool stats (total=10, active=0, idle=10, waiting=0)
2026-09-05T00:07:22.289-04:00 DEBUG 4940 --- [backend] [HikariPool-1 housekeeper] com.zaxxer.hikari.pool.HikariPool        : HikariPool-1 - Fill pool skipped, pool has sufficient level or currently being filled.
2026-09-05T00:07:52.289-04:00 DEBUG 4940 --- [backend] [HikariPool-1 housekeeper] com.zaxxer.hikari.pool.HikariPool        : HikariPool-1 - Pool stats (total=10, active=0, idle=10, waiting=0)
2026-09-05T00:07:52.289-04:00 DEBUG 4940 --- [backend] [HikariPool-1 housekeeper] com.zaxxer.hikari.pool.HikariPool        : HikariPool-1 - Fill pool skipped, pool has sufficient level or currently being filled.
2026-09-05T00:08:22.291-04:00 DEBUG 4940 --- [backend] [HikariPool-1 housekeeper] com.zaxxer.hikari.pool.HikariPool        : HikariPool-1 - Pool stats (total=10, active=0, idle=10, waiting=0)
2026-09-05T00:08:22.291-04:00 DEBUG 4940 --- [backend] [HikariPool-1 housekeeper] com.zaxxer.hikari.pool.HikariPool        : HikariPool-1 - Fill pool skipped, pool has sufficient level or currently being filled.
2026-09-05T00:08:52.291-04:00 DEBUG 4940 --- [backend] [HikariPool-1 housekeeper] com.zaxxer.hikari.pool.HikariPool        : HikariPool-1 - Pool stats (total=10, active=0, idle=10, waiting=0)
2026-09-05T00:08:52.291-04:00 DEBUG 4940 --- [backend] [HikariPool-1 housekeeper] com.zaxxer.hikari.pool.HikariPool        : HikariPool-1 - Fill pool skipped, pool has sufficient level or currently being filled.
2026-09-05T00:09:22.292-04:00 DEBUG 4940 --- [backend] [HikariPool-1 housekeeper] com.zaxxer.hikari.pool.HikariPool        : HikariPool-1 - Pool stats (total=10, active=0, idle=10, waiting=0)
2026-09-05T00:09:22.292-04:00 DEBUG 4940 --- [backend] [HikariPool-1 housekeeper] com.zaxxer.hikari.pool.HikariPool        : HikariPool-1 - Fill pool skipped, pool has sufficient level or currently being filled.
2026-09-05T00:09:52.292-04:00 DEBUG 4940 --- [backend] [HikariPool-1 housekeeper] com.zaxxer.hikari.pool.HikariPool        : HikariPool-1 - Pool stats (total=10, active=0, idle=10, waiting=0)
2026-09-05T00:09:52.292-04:00 DEBUG 4940 --- [backend] [HikariPool-1 housekeeper] com.zaxxer.hikari.pool.HikariPool        : HikariPool-1 - Fill pool skipped, pool has sufficient level or currently being filled.
2026-09-05T00:10:17.758-04:00 DEBUG 4940 --- [backend] [HikariPool-1 connection closer] com.zaxxer.hikari.pool.PoolBase          : HikariPool-1 - Closing connection com.mysql.cj.jdbc.ConnectionImpl@b669eac: (connection has passed maxLifetime)
2026-09-05T00:10:17.774-04:00 DEBUG 4940 --- [backend] [HikariPool-1 connection adder] com.zaxxer.hikari.pool.HikariPool        : HikariPool-1 - Added connection com.mysql.cj.jdbc.ConnectionImpl@6c65e956
2026-09-05T00:10:17.804-04:00 DEBUG 4940 --- [backend] [HikariPool-1 connection adder] com.zaxxer.hikari.pool.HikariPool        : HikariPool-1 - Connection not added, stats (total=10, active=0, idle=10, waiting=0)
2026-09-05T00:10:22.294-04:00 DEBUG 4940 --- [backend] [HikariPool-1 housekeeper] com.zaxxer.hikari.pool.HikariPool        : HikariPool-1 - Pool stats (total=10, active=0, idle=10, waiting=0)
2026-09-05T00:10:22.294-04:00 DEBUG 4940 --- [backend] [HikariPool-1 housekeeper] com.zaxxer.hikari.pool.HikariPool        : HikariPool-1 - Fill pool skipped, pool has sufficient level or currently being filled.
2026-09-05T00:10:50.607-04:00 DEBUG 4940 --- [backend] [HikariPool-1 connection closer] com.zaxxer.hikari.pool.PoolBase          : HikariPool-1 - Closing connection com.mysql.cj.jdbc.ConnectionImpl@15516aef: (connection has passed maxLifetime)
2026-09-05T00:10:50.623-04:00 DEBUG 4940 --- [backend] [HikariPool-1 connection adder] com.zaxxer.hikari.pool.HikariPool        : HikariPool-1 - Added connection com.mysql.cj.jdbc.ConnectionImpl@13751163
2026-09-05T00:10:50.655-04:00 DEBUG 4940 --- [backend] [HikariPool-1 connection adder] com.zaxxer.hikari.pool.HikariPool        : HikariPool-1 - Connection not added, stats (total=10, active=0, idle=10, waiting=0)
2026-09-05T00:10:51.589-04:00 DEBUG 4940 --- [backend] [HikariPool-1 connection closer] com.zaxxer.hikari.pool.PoolBase          : HikariPool-1 - Closing connection com.mysql.cj.jdbc.ConnectionImpl@6380e5ee: (connection has passed maxLifetime)
2026-09-05T00:10:51.604-04:00 DEBUG 4940 --- [backend] [HikariPool-1 connection adder] com.zaxxer.hikari.pool.HikariPool        : HikariPool-1 - Added connection com.mysql.cj.jdbc.ConnectionImpl@52481b58
2026-09-05T00:10:51.634-04:00 DEBUG 4940 --- [backend] [HikariPool-1 connection adder] com.zaxxer.hikari.pool.HikariPool        : HikariPool-1 - Connection not added, stats (total=10, active=0, idle=10, waiting=0)
2026-09-05T00:10:52.295-04:00 DEBUG 4940 --- [backend] [HikariPool-1 housekeeper] com.zaxxer.hikari.pool.HikariPool        : HikariPool-1 - Pool stats (total=10, active=0, idle=10, waiting=0)
2026-09-05T00:10:52.295-04:00 DEBUG 4940 --- [backend] [HikariPool-1 housekeeper] com.zaxxer.hikari.pool.HikariPool        : HikariPool-1 - Fill pool skipped, pool has sufficient level or currently being filled.
2026-09-05T00:10:52.682-04:00 DEBUG 4940 --- [backend] [HikariPool-1 connection closer] com.zaxxer.hikari.pool.PoolBase          : HikariPool-1 - Closing connection com.mysql.cj.jdbc.ConnectionImpl@453205d0: (connection has passed maxLifetime)
2026-09-05T00:10:52.697-04:00 DEBUG 4940 --- [backend] [HikariPool-1 connection adder] com.zaxxer.hikari.pool.HikariPool        : HikariPool-1 - Added connection com.mysql.cj.jdbc.ConnectionImpl@63d0ee18
2026-09-05T00:10:52.729-04:00 DEBUG 4940 --- [backend] [HikariPool-1 connection adder] com.zaxxer.hikari.pool.HikariPool        : HikariPool-1 - Connection not added, stats (total=10, active=0, idle=10, waiting=0)
2026-09-05T00:10:58.049-04:00 DEBUG 4940 --- [backend] [HikariPool-1 connection closer] com.zaxxer.hikari.pool.PoolBase          : HikariPool-1 - Closing connection com.mysql.cj.jdbc.ConnectionImpl@22bdefd5: (connection has passed maxLifetime)
2026-09-05T00:10:58.064-04:00 DEBUG 4940 --- [backend] [HikariPool-1 connection adder] com.zaxxer.hikari.pool.HikariPool        : HikariPool-1 - Added connection com.mysql.cj.jdbc.ConnectionImpl@1cc7e888
2026-09-05T00:10:58.095-04:00 DEBUG 4940 --- [backend] [HikariPool-1 connection adder] com.zaxxer.hikari.pool.HikariPool        : HikariPool-1 - Connection not added, stats (total=10, active=0, idle=10, waiting=0)
2026-09-05T00:11:01.254-04:00 DEBUG 4940 --- [backend] [HikariPool-1 connection closer] com.zaxxer.hikari.pool.PoolBase          : HikariPool-1 - Closing connection com.mysql.cj.jdbc.ConnectionImpl@440694e8: (connection has passed maxLifetime)
2026-09-05T00:11:01.269-04:00 DEBUG 4940 --- [backend] [HikariPool-1 connection adder] com.zaxxer.hikari.pool.HikariPool        : HikariPool-1 - Added connection com.mysql.cj.jdbc.ConnectionImpl@5dfae2b3
2026-09-05T00:11:01.300-04:00 DEBUG 4940 --- [backend] [HikariPool-1 connection adder] com.zaxxer.hikari.pool.HikariPool        : HikariPool-1 - Connection not added, stats (total=10, active=0, idle=10, waiting=0)
2026-09-05T00:11:22.297-04:00 DEBUG 4940 --- [backend] [HikariPool-1 housekeeper] com.zaxxer.hikari.pool.HikariPool        : HikariPool-1 - Pool stats (total=10, active=0, idle=10, waiting=0)
2026-09-05T00:11:22.297-04:00 DEBUG 4940 --- [backend] [HikariPool-1 housekeeper] com.zaxxer.hikari.pool.HikariPool        : HikariPool-1 - Fill pool skipped, pool has sufficient level or currently being filled.
2026-09-05T00:11:23.093-04:00 DEBUG 4940 --- [backend] [HikariPool-1 connection closer] com.zaxxer.hikari.pool.PoolBase          : HikariPool-1 - Closing connection com.mysql.cj.jdbc.ConnectionImpl@1496abeb: (connection has passed maxLifetime)
2026-09-05T00:11:23.109-04:00 DEBUG 4940 --- [backend] [HikariPool-1 connection adder] com.zaxxer.hikari.pool.HikariPool        : HikariPool-1 - Added connection com.mysql.cj.jdbc.ConnectionImpl@7e0df0bd
2026-09-05T00:11:23.140-04:00 DEBUG 4940 --- [backend] [HikariPool-1 connection adder] com.zaxxer.hikari.pool.HikariPool        : HikariPool-1 - Connection not added, stats (total=10, active=0, idle=10, waiting=0)
2026-09-05T00:11:32.314-04:00 DEBUG 4940 --- [backend] [HikariPool-1 connection closer] com.zaxxer.hikari.pool.PoolBase          : HikariPool-1 - Closing connection com.mysql.cj.jdbc.ConnectionImpl@d852c20: (connection has passed maxLifetime)
2026-09-05T00:11:32.329-04:00 DEBUG 4940 --- [backend] [HikariPool-1 connection adder] com.zaxxer.hikari.pool.HikariPool        : HikariPool-1 - Added connection com.mysql.cj.jdbc.ConnectionImpl@43afbabe
2026-09-05T00:11:32.360-04:00 DEBUG 4940 --- [backend] [HikariPool-1 connection adder] com.zaxxer.hikari.pool.HikariPool        : HikariPool-1 - Connection not added, stats (total=10, active=0, idle=10, waiting=0)
2026-09-05T00:11:34.063-04:00 DEBUG 4940 --- [backend] [HikariPool-1 connection closer] com.zaxxer.hikari.pool.PoolBase          : HikariPool-1 - Closing connection com.mysql.cj.jdbc.ConnectionImpl@701110f8: (connection has passed maxLifetime)
2026-09-05T00:11:34.078-04:00 DEBUG 4940 --- [backend] [HikariPool-1 connection adder] com.zaxxer.hikari.pool.HikariPool        : HikariPool-1 - Added connection com.mysql.cj.jdbc.ConnectionImpl@292b085
2026-09-05T00:11:34.108-04:00 DEBUG 4940 --- [backend] [HikariPool-1 connection adder] com.zaxxer.hikari.pool.HikariPool        : HikariPool-1 - Connection not added, stats (total=10, active=0, idle=10, waiting=0)
2026-09-05T00:11:52.297-04:00 DEBUG 4940 --- [backend] [HikariPool-1 housekeeper] com.zaxxer.hikari.pool.HikariPool        : HikariPool-1 - Pool stats (total=10, active=0, idle=10, waiting=0)
2026-09-05T00:11:52.297-04:00 DEBUG 4940 --- [backend] [HikariPool-1 housekeeper] com.zaxxer.hikari.pool.HikariPool        : HikariPool-1 - Fill pool skipped, pool has sufficient level or currently being filled.
2026-09-05T00:12:22.298-04:00 DEBUG 4940 --- [backend] [HikariPool-1 housekeeper] com.zaxxer.hikari.pool.HikariPool        : HikariPool-1 - Pool stats (total=10, active=0, idle=10, waiting=0)
2026-09-05T00:12:22.298-04:00 DEBUG 4940 --- [backend] [HikariPool-1 housekeeper] com.zaxxer.hikari.pool.HikariPool        : HikariPool-1 - Fill pool skipped, pool has sufficient level or currently being filled.
2026-09-05T00:12:22.721-04:00 DEBUG 4940 --- [backend] [HikariPool-1 connection closer] com.zaxxer.hikari.pool.PoolBase          : HikariPool-1 - Closing connection com.mysql.cj.jdbc.ConnectionImpl@1395f2e6: (connection has passed maxLifetime)
2026-09-05T00:12:22.736-04:00 DEBUG 4940 --- [backend] [HikariPool-1 connection adder] com.zaxxer.hikari.pool.HikariPool        : HikariPool-1 - Added connection com.mysql.cj.jdbc.ConnectionImpl@49b6db4f
2026-09-05T00:12:22.768-04:00 DEBUG 4940 --- [backend] [HikariPool-1 connection adder] com.zaxxer.hikari.pool.HikariPool        : HikariPool-1 - Connection not added, stats (total=10, active=0, idle=10, waiting=0)
2026-09-05T00:12:52.298-04:00 DEBUG 4940 --- [backend] [HikariPool-1 housekeeper] com.zaxxer.hikari.pool.HikariPool        : HikariPool-1 - Pool stats (total=10, active=0, idle=10, waiting=0)
2026-09-05T00:12:52.298-04:00 DEBUG 4940 --- [backend] [HikariPool-1 housekeeper] com.zaxxer.hikari.pool.HikariPool        : HikariPool-1 - Fill pool skipped, pool has sufficient level or currently being filled.
2026-09-05T00:13:22.300-04:00 DEBUG 4940 --- [backend] [HikariPool-1 housekeeper] com.zaxxer.hikari.pool.HikariPool        : HikariPool-1 - Pool stats (total=10, active=0, idle=10, waiting=0)
2026-09-05T00:13:22.300-04:00 DEBUG 4940 --- [backend] [HikariPool-1 housekeeper] com.zaxxer.hikari.pool.HikariPool        : HikariPool-1 - Fill pool skipped, pool has sufficient level or currently being filled.
2026-09-05T00:13:52.301-04:00 DEBUG 4940 --- [backend] [HikariPool-1 housekeeper] com.zaxxer.hikari.pool.HikariPool        : HikariPool-1 - Pool stats (total=10, active=0, idle=10, waiting=0)
2026-09-05T00:13:52.301-04:00 DEBUG 4940 --- [backend] [HikariPool-1 housekeeper] com.zaxxer.hikari.pool.HikariPool        : HikariPool-1 - Fill pool skipped, pool has sufficient level or currently being filled.
2026-09-05T00:14:22.303-04:00 DEBUG 4940 --- [backend] [HikariPool-1 housekeeper] com.zaxxer.hikari.pool.HikariPool        : HikariPool-1 - Pool stats (total=10, active=0, idle=10, waiting=0)
2026-09-05T00:14:22.303-04:00 DEBUG 4940 --- [backend] [HikariPool-1 housekeeper] com.zaxxer.hikari.pool.HikariPool        : HikariPool-1 - Fill pool skipped, pool has sufficient level or currently being filled.
2026-09-05T00:14:52.304-04:00 DEBUG 4940 --- [backend] [HikariPool-1 housekeeper] com.zaxxer.hikari.pool.HikariPool        : HikariPool-1 - Pool stats (total=10, active=0, idle=10, waiting=0)
2026-09-05T00:14:52.304-04:00 DEBUG 4940 --- [backend] [HikariPool-1 housekeeper] com.zaxxer.hikari.pool.HikariPool        : HikariPool-1 - Fill pool skipped, pool has sufficient level or currently being filled.
2026-09-05T00:15:22.305-04:00 DEBUG 4940 --- [backend] [HikariPool-1 housekeeper] com.zaxxer.hikari.pool.HikariPool        : HikariPool-1 - Pool stats (total=10, active=0, idle=10, waiting=0)
2026-09-05T00:15:22.305-04:00 DEBUG 4940 --- [backend] [HikariPool-1 housekeeper] com.zaxxer.hikari.pool.HikariPool        : HikariPool-1 - Fill pool skipped, pool has sufficient level or currently being filled.
2026-09-05T00:15:52.307-04:00 DEBUG 4940 --- [backend] [HikariPool-1 housekeeper] com.zaxxer.hikari.pool.HikariPool        : HikariPool-1 - Pool stats (total=10, active=0, idle=10, waiting=0)
2026-09-05T00:15:52.307-04:00 DEBUG 4940 --- [backend] [HikariPool-1 housekeeper] com.zaxxer.hikari.pool.HikariPool        : HikariPool-1 - Fill pool skipped, pool has sufficient level or currently being filled.
2026-09-05T00:16:22.308-04:00 DEBUG 4940 --- [backend] [HikariPool-1 housekeeper] com.zaxxer.hikari.pool.HikariPool        : HikariPool-1 - Pool stats (total=10, active=0, idle=10, waiting=0)
2026-09-05T00:16:22.308-04:00 DEBUG 4940 --- [backend] [HikariPool-1 housekeeper] com.zaxxer.hikari.pool.HikariPool        : HikariPool-1 - Fill pool skipped, pool has sufficient level or currently being filled.
2026-09-05T00:16:52.309-04:00 DEBUG 4940 --- [backend] [HikariPool-1 housekeeper] com.zaxxer.hikari.pool.HikariPool        : HikariPool-1 - Pool stats (total=10, active=0, idle=10, waiting=0)
2026-09-05T00:16:52.309-04:00 DEBUG 4940 --- [backend] [HikariPool-1 housekeeper] com.zaxxer.hikari.pool.HikariPool        : HikariPool-1 - Fill pool skipped, pool has sufficient level or currently being filled.
2026-09-05T00:17:22.310-04:00 DEBUG 4940 --- [backend] [HikariPool-1 housekeeper] com.zaxxer.hikari.pool.HikariPool        : HikariPool-1 - Pool stats (total=10, active=0, idle=10, waiting=0)
2026-09-05T00:17:22.310-04:00 DEBUG 4940 --- [backend] [HikariPool-1 housekeeper] com.zaxxer.hikari.pool.HikariPool        : HikariPool-1 - Fill pool skipped, pool has sufficient level or currently being filled.
2026-09-05T00:17:52.311-04:00 DEBUG 4940 --- [backend] [HikariPool-1 housekeeper] com.zaxxer.hikari.pool.HikariPool        : HikariPool-1 - Pool stats (total=10, active=0, idle=10, waiting=0)
2026-09-05T00:17:52.311-04:00 DEBUG 4940 --- [backend] [HikariPool-1 housekeeper] com.zaxxer.hikari.pool.HikariPool        : HikariPool-1 - Fill pool skipped, pool has sufficient level or currently being filled.
2026-09-05T00:18:22.312-04:00 DEBUG 4940 --- [backend] [HikariPool-1 housekeeper] com.zaxxer.hikari.pool.HikariPool        : HikariPool-1 - Pool stats (total=10, active=0, idle=10, waiting=0)
2026-09-05T00:18:22.312-04:00 DEBUG 4940 --- [backend] [HikariPool-1 housekeeper] com.zaxxer.hikari.pool.HikariPool        : HikariPool-1 - Fill pool skipped, pool has sufficient level or currently being filled.
2026-09-05T00:18:52.314-04:00 DEBUG 4940 --- [backend] [HikariPool-1 housekeeper] com.zaxxer.hikari.pool.HikariPool        : HikariPool-1 - Pool stats (total=10, active=0, idle=10, waiting=0)
2026-09-05T00:18:52.314-04:00 DEBUG 4940 --- [backend] [HikariPool-1 housekeeper] com.zaxxer.hikari.pool.HikariPool        : HikariPool-1 - Fill pool skipped, pool has sufficient level or currently being filled.
2026-09-05T00:19:22.315-04:00 DEBUG 4940 --- [backend] [HikariPool-1 housekeeper] com.zaxxer.hikari.pool.HikariPool        : HikariPool-1 - Pool stats (total=10, active=0, idle=10, waiting=0)
2026-09-05T00:19:22.315-04:00 DEBUG 4940 --- [backend] [HikariPool-1 housekeeper] com.zaxxer.hikari.pool.HikariPool        : HikariPool-1 - Fill pool skipped, pool has sufficient level or currently being filled.
2026-09-05T00:19:52.316-04:00 DEBUG 4940 --- [backend] [HikariPool-1 housekeeper] com.zaxxer.hikari.pool.HikariPool        : HikariPool-1 - Pool stats (total=10, active=0, idle=10, waiting=0)
2026-09-05T00:19:52.316-04:00 DEBUG 4940 --- [backend] [HikariPool-1 housekeeper] com.zaxxer.hikari.pool.HikariPool        : HikariPool-1 - Fill pool skipped, pool has sufficient level or currently being filled.
2026-09-05T00:20:22.318-04:00 DEBUG 4940 --- [backend] [HikariPool-1 housekeeper] com.zaxxer.hikari.pool.HikariPool        : HikariPool-1 - Pool stats (total=10, active=0, idle=10, waiting=0)
2026-09-05T00:20:22.318-04:00 DEBUG 4940 --- [backend] [HikariPool-1 housekeeper] com.zaxxer.hikari.pool.HikariPool        : HikariPool-1 - Fill pool skipped, pool has sufficient level or currently being filled.
2026-09-05T00:20:52.318-04:00 DEBUG 4940 --- [backend] [HikariPool-1 housekeeper] com.zaxxer.hikari.pool.HikariPool        : HikariPool-1 - Pool stats (total=10, active=0, idle=10, waiting=0)
2026-09-05T00:20:52.318-04:00 DEBUG 4940 --- [backend] [HikariPool-1 housekeeper] com.zaxxer.hikari.pool.HikariPool        : HikariPool-1 - Fill pool skipped, pool has sufficient level or currently being filled.
2026-09-05T00:21:22.319-04:00 DEBUG 4940 --- [backend] [HikariPool-1 housekeeper] com.zaxxer.hikari.pool.HikariPool        : HikariPool-1 - Pool stats (total=10, active=0, idle=10, waiting=0)
2026-09-05T00:21:22.319-04:00 DEBUG 4940 --- [backend] [HikariPool-1 housekeeper] com.zaxxer.hikari.pool.HikariPool        : HikariPool-1 - Fill pool skipped, pool has sufficient level or currently being filled.
2026-09-05T00:21:52.320-04:00 DEBUG 4940 --- [backend] [HikariPool-1 housekeeper] com.zaxxer.hikari.pool.HikariPool        : HikariPool-1 - Pool stats (total=10, active=0, idle=10, waiting=0)
2026-09-05T00:21:52.320-04:00 DEBUG 4940 --- [backend] [HikariPool-1 housekeeper] com.zaxxer.hikari.pool.HikariPool        : HikariPool-1 - Fill pool skipped, pool has sufficient level or currently being filled.
2026-09-05T00:22:22.320-04:00 DEBUG 4940 --- [backend] [HikariPool-1 housekeeper] com.zaxxer.hikari.pool.HikariPool        : HikariPool-1 - Pool stats (total=10, active=0, idle=10, waiting=0)
2026-09-05T00:22:22.320-04:00 DEBUG 4940 --- [backend] [HikariPool-1 housekeeper] com.zaxxer.hikari.pool.HikariPool        : HikariPool-1 - Fill pool skipped, pool has sufficient level or currently being filled.
2026-09-05T00:22:49.012-04:00  INFO 4940 --- [backend] [SpringApplicationShutdownHook] o.s.b.w.e.tomcat.GracefulShutdown        : Commencing graceful shutdown. Waiting for active requests to complete
2026-09-05T00:22:49.015-04:00  INFO 4940 --- [backend] [tomcat-shutdown] o.s.b.w.e.tomcat.GracefulShutdown        : Graceful shutdown complete
2026-09-05T00:22:49.019-04:00  INFO 4940 --- [backend] [SpringApplicationShutdownHook] j.LocalContainerEntityManagerFactoryBean : Closing JPA EntityManagerFactory for persistence unit 'default'
2026-09-05T00:22:49.019-04:00 DEBUG 4940 --- [backend] [SpringApplicationShutdownHook] o.hibernate.internal.SessionFactoryImpl  : HHH000031: Closing
2026-09-05T00:22:49.019-04:00 TRACE 4940 --- [backend] [SpringApplicationShutdownHook] o.h.s.i.AbstractServiceRegistryImpl      : Initializing service [role=org.hibernate.engine.jdbc.connections.spi.MultiTenantConnectionProvider]
2026-09-05T00:22:49.020-04:00 TRACE 4940 --- [backend] [SpringApplicationShutdownHook] o.h.type.spi.TypeConfiguration$Scope     : Handling #sessionFactoryClosed from [org.hibernate.internal.SessionFactoryImpl@5d035ab6] for TypeConfiguration
2026-09-05T00:22:49.020-04:00 DEBUG 4940 --- [backend] [SpringApplicationShutdownHook] o.h.type.spi.TypeConfiguration$Scope     : Un-scoping TypeConfiguration [org.hibernate.type.spi.TypeConfiguration$Scope@21bc0cfb] from SessionFactory [org.hibernate.internal.SessionFactoryImpl@5d035ab6]
2026-09-05T00:22:49.020-04:00 DEBUG 4940 --- [backend] [SpringApplicationShutdownHook] o.h.s.i.AbstractServiceRegistryImpl      : Implicitly destroying ServiceRegistry on de-registration of all child ServiceRegistries
2026-09-05T00:22:49.021-04:00 DEBUG 4940 --- [backend] [SpringApplicationShutdownHook] o.h.b.r.i.BootstrapServiceRegistryImpl   : Implicitly destroying Boot-strap registry on de-registration of all child ServiceRegistries
2026-09-05T00:22:49.021-04:00  INFO 4940 --- [backend] [SpringApplicationShutdownHook] com.zaxxer.hikari.HikariDataSource       : HikariPool-1 - Shutdown initiated...
2026-09-05T00:22:49.021-04:00 DEBUG 4940 --- [backend] [SpringApplicationShutdownHook] com.zaxxer.hikari.pool.HikariPool        : HikariPool-1 - Before shutdown stats (total=10, active=0, idle=10, waiting=0)
2026-09-05T00:22:49.022-04:00 DEBUG 4940 --- [backend] [HikariPool-1 connection closer] com.zaxxer.hikari.pool.PoolBase          : HikariPool-1 - Closing connection com.mysql.cj.jdbc.ConnectionImpl@6c65e956: (connection evicted)
2026-09-05T00:22:49.024-04:00 DEBUG 4940 --- [backend] [HikariPool-1 connection closer] com.zaxxer.hikari.pool.PoolBase          : HikariPool-1 - Closing connection com.mysql.cj.jdbc.ConnectionImpl@13751163: (connection evicted)
2026-09-05T00:22:49.025-04:00 DEBUG 4940 --- [backend] [HikariPool-1 connection closer] com.zaxxer.hikari.pool.PoolBase          : HikariPool-1 - Closing connection com.mysql.cj.jdbc.ConnectionImpl@52481b58: (connection evicted)
2026-09-05T00:22:49.026-04:00 DEBUG 4940 --- [backend] [HikariPool-1 connection closer] com.zaxxer.hikari.pool.PoolBase          : HikariPool-1 - Closing connection com.mysql.cj.jdbc.ConnectionImpl@63d0ee18: (connection evicted)
2026-09-05T00:22:49.027-04:00 DEBUG 4940 --- [backend] [HikariPool-1 connection closer] com.zaxxer.hikari.pool.PoolBase          : HikariPool-1 - Closing connection com.mysql.cj.jdbc.ConnectionImpl@1cc7e888: (connection evicted)
2026-09-05T00:22:49.028-04:00 DEBUG 4940 --- [backend] [HikariPool-1 connection closer] com.zaxxer.hikari.pool.PoolBase          : HikariPool-1 - Closing connection com.mysql.cj.jdbc.ConnectionImpl@5dfae2b3: (connection evicted)
2026-09-05T00:22:49.028-04:00 DEBUG 4940 --- [backend] [HikariPool-1 connection closer] com.zaxxer.hikari.pool.PoolBase          : HikariPool-1 - Closing connection com.mysql.cj.jdbc.ConnectionImpl@7e0df0bd: (connection evicted)
2026-09-05T00:22:49.030-04:00 DEBUG 4940 --- [backend] [HikariPool-1 connection closer] com.zaxxer.hikari.pool.PoolBase          : HikariPool-1 - Closing connection com.mysql.cj.jdbc.ConnectionImpl@43afbabe: (connection evicted)
2026-09-05T00:22:49.030-04:00 DEBUG 4940 --- [backend] [HikariPool-1 connection closer] com.zaxxer.hikari.pool.PoolBase          : HikariPool-1 - Closing connection com.mysql.cj.jdbc.ConnectionImpl@292b085: (connection evicted)
2026-09-05T00:22:49.031-04:00 DEBUG 4940 --- [backend] [HikariPool-1 connection closer] com.zaxxer.hikari.pool.PoolBase          : HikariPool-1 - Closing connection com.mysql.cj.jdbc.ConnectionImpl@49b6db4f: (connection evicted)
2026-09-05T00:22:49.032-04:00 DEBUG 4940 --- [backend] [SpringApplicationShutdownHook] com.zaxxer.hikari.pool.HikariPool        : HikariPool-1 - After shutdown stats (total=0, active=0, idle=0, waiting=0)
2026-09-05T00:22:49.032-04:00  INFO 4940 --- [backend] [SpringApplicationShutdownHook] com.zaxxer.hikari.HikariDataSource       : HikariPool-1 - Shutdown completed.
2026-09-05T00:51:42.276-04:00  INFO 27080 --- [backend] [main] com.duoc.backend.BackendApplication      : Starting BackendApplication using Java 24.0.1 with PID 27080 (E:\Carrera\6 - Bimestre\06 - Seguridad y Calidad en el Desarrollo\4 SEMANA\backend\target\classes started by AMF in E:\Carrera\6 - Bimestre\06 - Seguridad y Calidad en el Desarrollo\4 SEMANA\backend)
2026-09-05T00:51:42.278-04:00 DEBUG 27080 --- [backend] [main] com.duoc.backend.BackendApplication      : Running with Spring Boot v3.4.4, Spring v6.2.5
2026-09-05T00:51:42.278-04:00  INFO 27080 --- [backend] [main] com.duoc.backend.BackendApplication      : No active profile set, falling back to 1 default profile: "default"
2026-09-05T00:51:42.802-04:00  INFO 27080 --- [backend] [main] .s.d.r.c.RepositoryConfigurationDelegate : Bootstrapping Spring Data JPA repositories in DEFAULT mode.
2026-09-05T00:51:42.855-04:00  INFO 27080 --- [backend] [main] .s.d.r.c.RepositoryConfigurationDelegate : Finished Spring Data repository scanning in 46 ms. Found 6 JPA repository interfaces.
2026-09-05T00:51:43.313-04:00  INFO 27080 --- [backend] [main] o.s.b.w.embedded.tomcat.TomcatWebServer  : Tomcat initialized with port 8180 (http)
2026-09-05T00:51:43.331-04:00  INFO 27080 --- [backend] [main] o.apache.catalina.core.StandardService   : Starting service [Tomcat]
2026-09-05T00:51:43.332-04:00  INFO 27080 --- [backend] [main] o.apache.catalina.core.StandardEngine    : Starting Servlet engine: [Apache Tomcat/10.1.39]
2026-09-05T00:51:43.389-04:00  INFO 27080 --- [backend] [main] o.a.c.c.C.[Tomcat].[localhost].[/]       : Initializing Spring embedded WebApplicationContext
2026-09-05T00:51:43.389-04:00  INFO 27080 --- [backend] [main] w.s.c.ServletWebServerApplicationContext : Root WebApplicationContext: initialization completed in 1073 ms
2026-09-05T00:51:43.429-04:00 DEBUG 27080 --- [backend] [main] c.duoc.backend.JWTAuthorizationFilter    : Filter 'JWTAuthorizationFilter' configured for use
2026-09-05T00:51:43.446-04:00 DEBUG 27080 --- [backend] [main] com.zaxxer.hikari.HikariConfig           : Driver class com.mysql.cj.jdbc.Driver found in Thread context class loader jdk.internal.loader.ClassLoaders$AppClassLoader@11a4022a
2026-09-05T00:51:43.540-04:00 DEBUG 27080 --- [backend] [main] o.hibernate.jpa.internal.util.LogHelper  : PersistenceUnitInfo [
	name: default
	persistence provider classname: null
	classloader: jdk.internal.loader.ClassLoaders$AppClassLoader@11a4022a
	excludeUnlistedClasses: true
	JTA datasource: null
	Non JTA datasource: HikariDataSource (null)
	Transaction type: RESOURCE_LOCAL
	PU root URL: file:/E:/Carrera/6%20-%20Bimestre/06%20-%20Seguridad%20y%20Calidad%20en%20el%20Desarrollo/4%20SEMANA/backend/target/classes/
	Shared Cache Mode: UNSPECIFIED
	Validation Mode: AUTO
	Jar files URLs []
	Managed classes names [
		com.duoc.backend.Appointment.Appointment
		com.duoc.backend.Care.Care
		com.duoc.backend.Invoice.Invoice
		com.duoc.backend.Medication.Medication
		com.duoc.backend.Patient.Patient
		com.duoc.backend.User]
	Mapping files names []
	Properties []
2026-09-05T00:51:43.548-04:00 DEBUG 27080 --- [backend] [main] o.h.i.internal.IntegratorServiceImpl     : Adding Integrator [org.hibernate.boot.beanvalidation.BeanValidationIntegrator].
2026-09-05T00:51:43.551-04:00 DEBUG 27080 --- [backend] [main] o.h.i.internal.IntegratorServiceImpl     : Adding Integrator [org.hibernate.cache.internal.CollectionCacheInvalidator].
2026-09-05T00:51:43.564-04:00 TRACE 27080 --- [backend] [main] o.h.b.r.s.internal.StrategySelectorImpl  : Registering named strategy selector [org.hibernate.resource.transaction.spi.TransactionCoordinatorBuilder] : [jdbc] -> [org.hibernate.resource.transaction.backend.jdbc.internal.JdbcResourceLocalTransactionCoordinatorBuilderImpl]
2026-09-05T00:51:43.565-04:00 TRACE 27080 --- [backend] [main] o.h.b.r.s.internal.StrategySelectorImpl  : Registering named strategy selector [org.hibernate.resource.transaction.spi.TransactionCoordinatorBuilder] : [jta] -> [org.hibernate.resource.transaction.backend.jta.internal.JtaTransactionCoordinatorBuilderImpl]
2026-09-05T00:51:43.565-04:00 TRACE 27080 --- [backend] [main] o.h.b.r.s.internal.StrategySelectorImpl  : Registering named strategy selector [org.hibernate.resource.transaction.spi.TransactionCoordinatorBuilder] : [org.hibernate.transaction.JDBCTransactionFactory] -> [org.hibernate.resource.transaction.backend.jdbc.internal.JdbcResourceLocalTransactionCoordinatorBuilderImpl]
2026-09-05T00:51:43.565-04:00 TRACE 27080 --- [backend] [main] o.h.b.r.s.internal.StrategySelectorImpl  : Registering named strategy selector [org.hibernate.resource.transaction.spi.TransactionCoordinatorBuilder] : [org.hibernate.transaction.JTATransactionFactory] -> [org.hibernate.resource.transaction.backend.jta.internal.JtaTransactionCoordinatorBuilderImpl]
2026-09-05T00:51:43.565-04:00 TRACE 27080 --- [backend] [main] o.h.b.r.s.internal.StrategySelectorImpl  : Registering named strategy selector [org.hibernate.resource.transaction.spi.TransactionCoordinatorBuilder] : [org.hibernate.transaction.CMTTransactionFactory] -> [org.hibernate.resource.transaction.backend.jta.internal.JtaTransactionCoordinatorBuilderImpl]
2026-09-05T00:51:43.567-04:00 TRACE 27080 --- [backend] [main] o.h.b.r.s.internal.StrategySelectorImpl  : Registering named strategy selector [org.hibernate.query.sqm.mutation.spi.SqmMultiTableInsertStrategy] : [cte] -> [org.hibernate.query.sqm.mutation.internal.cte.CteInsertStrategy]
2026-09-05T00:51:43.568-04:00 TRACE 27080 --- [backend] [main] o.h.b.r.s.internal.StrategySelectorImpl  : Registering named strategy selector [org.hibernate.query.sqm.mutation.spi.SqmMultiTableInsertStrategy] : [global_temporary] -> [org.hibernate.query.sqm.mutation.internal.temptable.GlobalTemporaryTableInsertStrategy]
2026-09-05T00:51:43.570-04:00 TRACE 27080 --- [backend] [main] o.h.b.r.s.internal.StrategySelectorImpl  : Registering named strategy selector [org.hibernate.query.sqm.mutation.spi.SqmMultiTableInsertStrategy] : [local_temporary] -> [org.hibernate.query.sqm.mutation.internal.temptable.LocalTemporaryTableInsertStrategy]
2026-09-05T00:51:43.571-04:00 TRACE 27080 --- [backend] [main] o.h.b.r.s.internal.StrategySelectorImpl  : Registering named strategy selector [org.hibernate.query.sqm.mutation.spi.SqmMultiTableInsertStrategy] : [persistent] -> [org.hibernate.query.sqm.mutation.internal.temptable.PersistentTableInsertStrategy]
2026-09-05T00:51:43.572-04:00 TRACE 27080 --- [backend] [main] o.h.b.r.s.internal.StrategySelectorImpl  : Registering named strategy selector [org.hibernate.query.sqm.mutation.spi.SqmMultiTableMutationStrategy] : [cte] -> [org.hibernate.query.sqm.mutation.internal.cte.CteMutationStrategy]
2026-09-05T00:51:43.572-04:00 TRACE 27080 --- [backend] [main] o.h.b.r.s.internal.StrategySelectorImpl  : Registering named strategy selector [org.hibernate.query.sqm.mutation.spi.SqmMultiTableMutationStrategy] : [global_temporary] -> [org.hibernate.query.sqm.mutation.internal.temptable.GlobalTemporaryTableMutationStrategy]
2026-09-05T00:51:43.573-04:00 TRACE 27080 --- [backend] [main] o.h.b.r.s.internal.StrategySelectorImpl  : Registering named strategy selector [org.hibernate.query.sqm.mutation.spi.SqmMultiTableMutationStrategy] : [local_temporary] -> [org.hibernate.query.sqm.mutation.internal.temptable.LocalTemporaryTableMutationStrategy]
2026-09-05T00:51:43.573-04:00 TRACE 27080 --- [backend] [main] o.h.b.r.s.internal.StrategySelectorImpl  : Registering named strategy selector [org.hibernate.query.sqm.mutation.spi.SqmMultiTableMutationStrategy] : [persistent] -> [org.hibernate.query.sqm.mutation.internal.temptable.PersistentTableMutationStrategy]
2026-09-05T00:51:43.574-04:00 TRACE 27080 --- [backend] [main] o.h.b.r.s.internal.StrategySelectorImpl  : Registering named strategy selector [org.hibernate.boot.model.naming.ImplicitNamingStrategy] : [default] -> [org.hibernate.boot.model.naming.ImplicitNamingStrategyJpaCompliantImpl]
2026-09-05T00:51:43.574-04:00 TRACE 27080 --- [backend] [main] o.h.b.r.s.internal.StrategySelectorImpl  : Registering named strategy selector [org.hibernate.boot.model.naming.ImplicitNamingStrategy] : [jpa] -> [org.hibernate.boot.model.naming.ImplicitNamingStrategyJpaCompliantImpl]
2026-09-05T00:51:43.579-04:00 TRACE 27080 --- [backend] [main] o.h.b.r.s.internal.StrategySelectorImpl  : Registering named strategy selector [org.hibernate.boot.model.naming.ImplicitNamingStrategy] : [legacy-jpa] -> [org.hibernate.boot.model.naming.ImplicitNamingStrategyLegacyJpaImpl]
2026-09-05T00:51:43.579-04:00 TRACE 27080 --- [backend] [main] o.h.b.r.s.internal.StrategySelectorImpl  : Registering named strategy selector [org.hibernate.boot.model.naming.ImplicitNamingStrategy] : [legacy-hbm] -> [org.hibernate.boot.model.naming.ImplicitNamingStrategyLegacyHbmImpl]
2026-09-05T00:51:43.580-04:00 TRACE 27080 --- [backend] [main] o.h.b.r.s.internal.StrategySelectorImpl  : Registering named strategy selector [org.hibernate.boot.model.naming.ImplicitNamingStrategy] : [component-path] -> [org.hibernate.boot.model.naming.ImplicitNamingStrategyComponentPathImpl]
2026-09-05T00:51:43.584-04:00 TRACE 27080 --- [backend] [main] o.h.b.r.s.internal.StrategySelectorImpl  : Registering named strategy selector [org.hibernate.id.enhanced.ImplicitDatabaseObjectNamingStrategy] : [standard] -> [org.hibernate.id.enhanced.StandardNamingStrategy]
2026-09-05T00:51:43.585-04:00 TRACE 27080 --- [backend] [main] o.h.b.r.s.internal.StrategySelectorImpl  : Registering named strategy selector [org.hibernate.id.enhanced.ImplicitDatabaseObjectNamingStrategy] : [single] -> [org.hibernate.id.enhanced.SingleNamingStrategy]
2026-09-05T00:51:43.585-04:00 TRACE 27080 --- [backend] [main] o.h.b.r.s.internal.StrategySelectorImpl  : Registering named strategy selector [org.hibernate.id.enhanced.ImplicitDatabaseObjectNamingStrategy] : [legacy] -> [org.hibernate.id.enhanced.LegacyNamingStrategy]
2026-09-05T00:51:43.587-04:00 TRACE 27080 --- [backend] [main] o.h.b.r.s.internal.StrategySelectorImpl  : Registering named strategy selector [org.hibernate.boot.model.relational.ColumnOrderingStrategy] : [default] -> [org.hibernate.boot.model.relational.ColumnOrderingStrategyStandard]
2026-09-05T00:51:43.587-04:00 TRACE 27080 --- [backend] [main] o.h.b.r.s.internal.StrategySelectorImpl  : Registering named strategy selector [org.hibernate.boot.model.relational.ColumnOrderingStrategy] : [legacy] -> [org.hibernate.boot.model.relational.ColumnOrderingStrategyLegacy]
2026-09-05T00:51:43.588-04:00 TRACE 27080 --- [backend] [main] o.h.b.r.s.internal.StrategySelectorImpl  : Registering named strategy selector [org.hibernate.cache.spi.CacheKeysFactory] : [default] -> [org.hibernate.cache.internal.DefaultCacheKeysFactory]
2026-09-05T00:51:43.588-04:00 TRACE 27080 --- [backend] [main] o.h.b.r.s.internal.StrategySelectorImpl  : Registering named strategy selector [org.hibernate.cache.spi.CacheKeysFactory] : [simple] -> [org.hibernate.cache.internal.SimpleCacheKeysFactory]
2026-09-05T00:51:43.590-04:00 TRACE 27080 --- [backend] [main] o.h.b.r.s.internal.StrategySelectorImpl  : Registering named strategy selector [org.hibernate.type.format.FormatMapper] : [jackson] -> [org.hibernate.type.format.jackson.JacksonJsonFormatMapper]
2026-09-05T00:51:43.591-04:00 TRACE 27080 --- [backend] [main] o.h.b.r.s.internal.StrategySelectorImpl  : Registering named strategy selector [org.hibernate.type.format.FormatMapper] : [jsonb] -> [org.hibernate.type.format.jakartajson.JsonBJsonFormatMapper]
2026-09-05T00:51:43.591-04:00 TRACE 27080 --- [backend] [main] o.h.b.r.s.internal.StrategySelectorImpl  : Registering named strategy selector [org.hibernate.type.format.FormatMapper] : [jackson-xml] -> [org.hibernate.type.format.jackson.JacksonXmlFormatMapper]
2026-09-05T00:51:43.592-04:00 TRACE 27080 --- [backend] [main] o.h.b.r.s.internal.StrategySelectorImpl  : Registering named strategy selector [org.hibernate.type.format.FormatMapper] : [jaxb] -> [org.hibernate.type.format.jaxb.JaxbXmlFormatMapper]
2026-09-05T00:51:43.635-04:00  INFO 27080 --- [backend] [main] org.hibernate.Version                    : HHH000412: Hibernate ORM core version 6.6.11.Final
2026-09-05T00:51:43.637-04:00 DEBUG 27080 --- [backend] [main] org.hibernate.cfg.Environment            : HHH000206: 'hibernate.properties' not found
2026-09-05T00:51:43.655-04:00 TRACE 27080 --- [backend] [main] o.h.s.i.AbstractServiceRegistryImpl      : Initializing service [role=org.hibernate.id.factory.IdentifierGeneratorFactory]
2026-09-05T00:51:43.658-04:00 TRACE 27080 --- [backend] [main] o.h.s.i.AbstractServiceRegistryImpl      : Initializing service [role=org.hibernate.engine.config.spi.ConfigurationService]
2026-09-05T00:51:43.660-04:00 TRACE 27080 --- [backend] [main] o.h.s.i.AbstractServiceRegistryImpl      : Initializing service [role=org.hibernate.resource.beans.spi.ManagedBeanRegistry]
2026-09-05T00:51:43.665-04:00 DEBUG 27080 --- [backend] [main] org.hibernate.orm.idgen.factory          : Registering IdentifierGenerator strategy [uuid2] -> [org.hibernate.id.UUIDGenerator]
2026-09-05T00:51:43.666-04:00 DEBUG 27080 --- [backend] [main] org.hibernate.orm.idgen.factory          : Registering IdentifierGenerator strategy [guid] -> [org.hibernate.id.GUIDGenerator]
2026-09-05T00:51:43.667-04:00 DEBUG 27080 --- [backend] [main] org.hibernate.orm.idgen.factory          : Registering IdentifierGenerator strategy [uuid] -> [org.hibernate.id.UUIDHexGenerator]
2026-09-05T00:51:43.667-04:00 DEBUG 27080 --- [backend] [main] org.hibernate.orm.idgen.factory          : Registering IdentifierGenerator strategy [uuid.hex] -> [org.hibernate.id.UUIDHexGenerator]
2026-09-05T00:51:43.667-04:00 DEBUG 27080 --- [backend] [main] org.hibernate.orm.idgen.factory          : Registering IdentifierGenerator strategy [assigned] -> [org.hibernate.id.Assigned]
2026-09-05T00:51:43.669-04:00 DEBUG 27080 --- [backend] [main] org.hibernate.orm.idgen.factory          : Registering IdentifierGenerator strategy [identity] -> [org.hibernate.id.IdentityGenerator]
2026-09-05T00:51:43.669-04:00 DEBUG 27080 --- [backend] [main] org.hibernate.orm.idgen.factory          : Registering IdentifierGenerator strategy [select] -> [org.hibernate.id.SelectGenerator]
2026-09-05T00:51:43.670-04:00 DEBUG 27080 --- [backend] [main] org.hibernate.orm.idgen.factory          : Registering IdentifierGenerator strategy [sequence] -> [org.hibernate.id.enhanced.SequenceStyleGenerator]
2026-09-05T00:51:43.670-04:00 DEBUG 27080 --- [backend] [main] org.hibernate.orm.idgen.factory          : Registering IdentifierGenerator strategy [increment] -> [org.hibernate.id.IncrementGenerator]
2026-09-05T00:51:43.671-04:00 DEBUG 27080 --- [backend] [main] org.hibernate.orm.idgen.factory          : Registering IdentifierGenerator strategy [foreign] -> [org.hibernate.id.ForeignGenerator]
2026-09-05T00:51:43.671-04:00 DEBUG 27080 --- [backend] [main] org.hibernate.orm.idgen.factory          : Registering IdentifierGenerator strategy [enhanced-sequence] -> [org.hibernate.id.enhanced.SequenceStyleGenerator]
2026-09-05T00:51:43.672-04:00 DEBUG 27080 --- [backend] [main] org.hibernate.orm.idgen.factory          : Registering IdentifierGenerator strategy [enhanced-table] -> [org.hibernate.id.enhanced.TableGenerator]
2026-09-05T00:51:43.689-04:00 TRACE 27080 --- [backend] [main] o.h.s.i.AbstractServiceRegistryImpl      : Initializing service [role=org.hibernate.engine.jdbc.connections.spi.MultiTenantConnectionProvider]
2026-09-05T00:51:43.690-04:00 TRACE 27080 --- [backend] [main] o.h.s.i.AbstractServiceRegistryImpl      : Initializing service [role=org.hibernate.cache.spi.RegionFactory]
2026-09-05T00:51:43.692-04:00 DEBUG 27080 --- [backend] [main] o.h.c.internal.RegionFactoryInitiator    : Cannot default RegionFactory based on registered strategies as `[]` RegionFactory strategies were registered
2026-09-05T00:51:43.693-04:00  INFO 27080 --- [backend] [main] o.h.c.internal.RegionFactoryInitiator    : HHH000026: Second-level cache disabled
2026-09-05T00:51:43.789-04:00 DEBUG 27080 --- [backend] [main] org.hibernate.type.BasicTypeRegistry     : Adding type registration boolean -> org.hibernate.type.BasicTypeReference@230a73f2
2026-09-05T00:51:43.790-04:00 DEBUG 27080 --- [backend] [main] org.hibernate.type.BasicTypeRegistry     : Adding type registration boolean -> org.hibernate.type.BasicTypeReference@230a73f2
2026-09-05T00:51:43.790-04:00 DEBUG 27080 --- [backend] [main] org.hibernate.type.BasicTypeRegistry     : Adding type registration java.lang.Boolean -> org.hibernate.type.BasicTypeReference@230a73f2
2026-09-05T00:51:43.790-04:00 DEBUG 27080 --- [backend] [main] org.hibernate.type.BasicTypeRegistry     : Adding type registration numeric_boolean -> org.hibernate.type.BasicTypeReference@4b97b3d2
2026-09-05T00:51:43.790-04:00 DEBUG 27080 --- [backend] [main] org.hibernate.type.BasicTypeRegistry     : Adding type registration org.hibernate.type.NumericBooleanConverter -> org.hibernate.type.BasicTypeReference@4b97b3d2
2026-09-05T00:51:43.790-04:00 DEBUG 27080 --- [backend] [main] org.hibernate.type.BasicTypeRegistry     : Adding type registration true_false -> org.hibernate.type.BasicTypeReference@383cb5ce
2026-09-05T00:51:43.790-04:00 DEBUG 27080 --- [backend] [main] org.hibernate.type.BasicTypeRegistry     : Adding type registration org.hibernate.type.TrueFalseConverter -> org.hibernate.type.BasicTypeReference@383cb5ce
2026-09-05T00:51:43.790-04:00 DEBUG 27080 --- [backend] [main] org.hibernate.type.BasicTypeRegistry     : Adding type registration yes_no -> org.hibernate.type.BasicTypeReference@798deee8
2026-09-05T00:51:43.791-04:00 DEBUG 27080 --- [backend] [main] org.hibernate.type.BasicTypeRegistry     : Adding type registration org.hibernate.type.YesNoConverter -> org.hibernate.type.BasicTypeReference@798deee8
2026-09-05T00:51:43.791-04:00 DEBUG 27080 --- [backend] [main] org.hibernate.type.BasicTypeRegistry     : Adding type registration byte -> org.hibernate.type.BasicTypeReference@96897c8
2026-09-05T00:51:43.791-04:00 DEBUG 27080 --- [backend] [main] org.hibernate.type.BasicTypeRegistry     : Adding type registration byte -> org.hibernate.type.BasicTypeReference@96897c8
2026-09-05T00:51:43.791-04:00 DEBUG 27080 --- [backend] [main] org.hibernate.type.BasicTypeRegistry     : Adding type registration java.lang.Byte -> org.hibernate.type.BasicTypeReference@96897c8
2026-09-05T00:51:43.791-04:00 DEBUG 27080 --- [backend] [main] org.hibernate.type.BasicTypeRegistry     : Adding type registration binary -> org.hibernate.type.BasicTypeReference@7f97bc14
2026-09-05T00:51:43.791-04:00 DEBUG 27080 --- [backend] [main] org.hibernate.type.BasicTypeRegistry     : Adding type registration byte[] -> org.hibernate.type.BasicTypeReference@7f97bc14
2026-09-05T00:51:43.791-04:00 DEBUG 27080 --- [backend] [main] org.hibernate.type.BasicTypeRegistry     : Adding type registration [B -> org.hibernate.type.BasicTypeReference@7f97bc14
2026-09-05T00:51:43.791-04:00 DEBUG 27080 --- [backend] [main] org.hibernate.type.BasicTypeRegistry     : Adding type registration binary_wrapper -> org.hibernate.type.BasicTypeReference@22d8f4ed
2026-09-05T00:51:43.791-04:00 DEBUG 27080 --- [backend] [main] org.hibernate.type.BasicTypeRegistry     : Adding type registration wrapper-binary -> org.hibernate.type.BasicTypeReference@22d8f4ed
2026-09-05T00:51:43.792-04:00 DEBUG 27080 --- [backend] [main] org.hibernate.type.BasicTypeRegistry     : Adding type registration image -> org.hibernate.type.BasicTypeReference@3434a4f0
2026-09-05T00:51:43.792-04:00 DEBUG 27080 --- [backend] [main] org.hibernate.type.BasicTypeRegistry     : Adding type registration blob -> org.hibernate.type.BasicTypeReference@79afa369
2026-09-05T00:51:43.792-04:00 DEBUG 27080 --- [backend] [main] org.hibernate.type.BasicTypeRegistry     : Adding type registration java.sql.Blob -> org.hibernate.type.BasicTypeReference@79afa369
2026-09-05T00:51:43.792-04:00 DEBUG 27080 --- [backend] [main] org.hibernate.type.BasicTypeRegistry     : Adding type registration materialized_blob -> org.hibernate.type.BasicTypeReference@3b9ac754
2026-09-05T00:51:43.792-04:00 DEBUG 27080 --- [backend] [main] org.hibernate.type.BasicTypeRegistry     : Adding type registration materialized_blob_wrapper -> org.hibernate.type.BasicTypeReference@5e002356
2026-09-05T00:51:43.792-04:00 DEBUG 27080 --- [backend] [main] org.hibernate.type.BasicTypeRegistry     : Adding type registration short -> org.hibernate.type.BasicTypeReference@4f820f42
2026-09-05T00:51:43.793-04:00 DEBUG 27080 --- [backend] [main] org.hibernate.type.BasicTypeRegistry     : Adding type registration short -> org.hibernate.type.BasicTypeReference@4f820f42
2026-09-05T00:51:43.793-04:00 DEBUG 27080 --- [backend] [main] org.hibernate.type.BasicTypeRegistry     : Adding type registration java.lang.Short -> org.hibernate.type.BasicTypeReference@4f820f42
2026-09-05T00:51:43.793-04:00 DEBUG 27080 --- [backend] [main] org.hibernate.type.BasicTypeRegistry     : Adding type registration integer -> org.hibernate.type.BasicTypeReference@4b325930
2026-09-05T00:51:43.793-04:00 DEBUG 27080 --- [backend] [main] org.hibernate.type.BasicTypeRegistry     : Adding type registration int -> org.hibernate.type.BasicTypeReference@4b325930
2026-09-05T00:51:43.793-04:00 DEBUG 27080 --- [backend] [main] org.hibernate.type.BasicTypeRegistry     : Adding type registration java.lang.Integer -> org.hibernate.type.BasicTypeReference@4b325930
2026-09-05T00:51:43.793-04:00 DEBUG 27080 --- [backend] [main] org.hibernate.type.BasicTypeRegistry     : Adding type registration long -> org.hibernate.type.BasicTypeReference@267f9765
2026-09-05T00:51:43.793-04:00 DEBUG 27080 --- [backend] [main] org.hibernate.type.BasicTypeRegistry     : Adding type registration long -> org.hibernate.type.BasicTypeReference@267f9765
2026-09-05T00:51:43.793-04:00 DEBUG 27080 --- [backend] [main] org.hibernate.type.BasicTypeRegistry     : Adding type registration java.lang.Long -> org.hibernate.type.BasicTypeReference@267f9765
2026-09-05T00:51:43.793-04:00 DEBUG 27080 --- [backend] [main] org.hibernate.type.BasicTypeRegistry     : Adding type registration float -> org.hibernate.type.BasicTypeReference@79ba0a6f
2026-09-05T00:51:43.793-04:00 DEBUG 27080 --- [backend] [main] org.hibernate.type.BasicTypeRegistry     : Adding type registration float -> org.hibernate.type.BasicTypeReference@79ba0a6f
2026-09-05T00:51:43.793-04:00 DEBUG 27080 --- [backend] [main] org.hibernate.type.BasicTypeRegistry     : Adding type registration java.lang.Float -> org.hibernate.type.BasicTypeReference@79ba0a6f
2026-09-05T00:51:43.794-04:00 DEBUG 27080 --- [backend] [main] org.hibernate.type.BasicTypeRegistry     : Adding type registration double -> org.hibernate.type.BasicTypeReference@261de205
2026-09-05T00:51:43.794-04:00 DEBUG 27080 --- [backend] [main] org.hibernate.type.BasicTypeRegistry     : Adding type registration double -> org.hibernate.type.BasicTypeReference@261de205
2026-09-05T00:51:43.794-04:00 DEBUG 27080 --- [backend] [main] org.hibernate.type.BasicTypeRegistry     : Adding type registration java.lang.Double -> org.hibernate.type.BasicTypeReference@261de205
2026-09-05T00:51:43.794-04:00 DEBUG 27080 --- [backend] [main] org.hibernate.type.BasicTypeRegistry     : Adding type registration big_integer -> org.hibernate.type.BasicTypeReference@7f3fc42f
2026-09-05T00:51:43.794-04:00 DEBUG 27080 --- [backend] [main] org.hibernate.type.BasicTypeRegistry     : Adding type registration java.math.BigInteger -> org.hibernate.type.BasicTypeReference@7f3fc42f
2026-09-05T00:51:43.794-04:00 DEBUG 27080 --- [backend] [main] org.hibernate.type.BasicTypeRegistry     : Adding type registration big_decimal -> org.hibernate.type.BasicTypeReference@25a1a012
2026-09-05T00:51:43.794-04:00 DEBUG 27080 --- [backend] [main] org.hibernate.type.BasicTypeRegistry     : Adding type registration java.math.BigDecimal -> org.hibernate.type.BasicTypeReference@25a1a012
2026-09-05T00:51:43.794-04:00 DEBUG 27080 --- [backend] [main] org.hibernate.type.BasicTypeRegistry     : Adding type registration character -> org.hibernate.type.BasicTypeReference@ce12fbb
2026-09-05T00:51:43.794-04:00 DEBUG 27080 --- [backend] [main] org.hibernate.type.BasicTypeRegistry     : Adding type registration char -> org.hibernate.type.BasicTypeReference@ce12fbb
2026-09-05T00:51:43.795-04:00 DEBUG 27080 --- [backend] [main] org.hibernate.type.BasicTypeRegistry     : Adding type registration java.lang.Character -> org.hibernate.type.BasicTypeReference@ce12fbb
2026-09-05T00:51:43.795-04:00 DEBUG 27080 --- [backend] [main] org.hibernate.type.BasicTypeRegistry     : Adding type registration character_nchar -> org.hibernate.type.BasicTypeReference@4525e9e8
2026-09-05T00:51:43.795-04:00 DEBUG 27080 --- [backend] [main] org.hibernate.type.BasicTypeRegistry     : Adding type registration string -> org.hibernate.type.BasicTypeReference@443a53df
2026-09-05T00:51:43.795-04:00 DEBUG 27080 --- [backend] [main] org.hibernate.type.BasicTypeRegistry     : Adding type registration java.lang.String -> org.hibernate.type.BasicTypeReference@443a53df
2026-09-05T00:51:43.795-04:00 DEBUG 27080 --- [backend] [main] org.hibernate.type.BasicTypeRegistry     : Adding type registration nstring -> org.hibernate.type.BasicTypeReference@6c33da7a
2026-09-05T00:51:43.795-04:00 DEBUG 27080 --- [backend] [main] org.hibernate.type.BasicTypeRegistry     : Adding type registration characters -> org.hibernate.type.BasicTypeReference@69aabcb0
2026-09-05T00:51:43.795-04:00 DEBUG 27080 --- [backend] [main] org.hibernate.type.BasicTypeRegistry     : Adding type registration char[] -> org.hibernate.type.BasicTypeReference@69aabcb0
2026-09-05T00:51:43.795-04:00 DEBUG 27080 --- [backend] [main] org.hibernate.type.BasicTypeRegistry     : Adding type registration [C -> org.hibernate.type.BasicTypeReference@69aabcb0
2026-09-05T00:51:43.796-04:00 DEBUG 27080 --- [backend] [main] org.hibernate.type.BasicTypeRegistry     : Adding type registration wrapper-characters -> org.hibernate.type.BasicTypeReference@32a72c4
2026-09-05T00:51:43.796-04:00 DEBUG 27080 --- [backend] [main] org.hibernate.type.BasicTypeRegistry     : Adding type registration text -> org.hibernate.type.BasicTypeReference@15986dd5
2026-09-05T00:51:43.796-04:00 DEBUG 27080 --- [backend] [main] org.hibernate.type.BasicTypeRegistry     : Adding type registration ntext -> org.hibernate.type.BasicTypeReference@678a9516
2026-09-05T00:51:43.796-04:00 DEBUG 27080 --- [backend] [main] org.hibernate.type.BasicTypeRegistry     : Adding type registration clob -> org.hibernate.type.BasicTypeReference@5bf9ea6b
2026-09-05T00:51:43.796-04:00 DEBUG 27080 --- [backend] [main] org.hibernate.type.BasicTypeRegistry     : Adding type registration java.sql.Clob -> org.hibernate.type.BasicTypeReference@5bf9ea6b
2026-09-05T00:51:43.796-04:00 DEBUG 27080 --- [backend] [main] org.hibernate.type.BasicTypeRegistry     : Adding type registration nclob -> org.hibernate.type.BasicTypeReference@b950f82
2026-09-05T00:51:43.796-04:00 DEBUG 27080 --- [backend] [main] org.hibernate.type.BasicTypeRegistry     : Adding type registration java.sql.NClob -> org.hibernate.type.BasicTypeReference@b950f82
2026-09-05T00:51:43.796-04:00 DEBUG 27080 --- [backend] [main] org.hibernate.type.BasicTypeRegistry     : Adding type registration materialized_clob -> org.hibernate.type.BasicTypeReference@5d352de0
2026-09-05T00:51:43.796-04:00 DEBUG 27080 --- [backend] [main] org.hibernate.type.BasicTypeRegistry     : Adding type registration materialized_clob_char_array -> org.hibernate.type.BasicTypeReference@6e243175
2026-09-05T00:51:43.797-04:00 DEBUG 27080 --- [backend] [main] org.hibernate.type.BasicTypeRegistry     : Adding type registration materialized_clob_character_array -> org.hibernate.type.BasicTypeReference@7a1a3468
2026-09-05T00:51:43.797-04:00 DEBUG 27080 --- [backend] [main] org.hibernate.type.BasicTypeRegistry     : Adding type registration materialized_nclob -> org.hibernate.type.BasicTypeReference@59d0cdb6
2026-09-05T00:51:43.797-04:00 DEBUG 27080 --- [backend] [main] org.hibernate.type.BasicTypeRegistry     : Adding type registration materialized_nclob_character_array -> org.hibernate.type.BasicTypeReference@2dfeb141
2026-09-05T00:51:43.797-04:00 DEBUG 27080 --- [backend] [main] org.hibernate.type.BasicTypeRegistry     : Adding type registration materialized_nclob_char_array -> org.hibernate.type.BasicTypeReference@629e8212
2026-09-05T00:51:43.797-04:00 DEBUG 27080 --- [backend] [main] org.hibernate.type.BasicTypeRegistry     : Adding type registration Duration -> org.hibernate.type.BasicTypeReference@498c535d
2026-09-05T00:51:43.797-04:00 DEBUG 27080 --- [backend] [main] org.hibernate.type.BasicTypeRegistry     : Adding type registration java.time.Duration -> org.hibernate.type.BasicTypeReference@498c535d
2026-09-05T00:51:43.798-04:00 DEBUG 27080 --- [backend] [main] org.hibernate.type.BasicTypeRegistry     : Adding type registration LocalDateTime -> org.hibernate.type.BasicTypeReference@16ee9aa7
2026-09-05T00:51:43.798-04:00 DEBUG 27080 --- [backend] [main] org.hibernate.type.BasicTypeRegistry     : Adding type registration java.time.LocalDateTime -> org.hibernate.type.BasicTypeReference@16ee9aa7
2026-09-05T00:51:43.798-04:00 DEBUG 27080 --- [backend] [main] org.hibernate.type.BasicTypeRegistry     : Adding type registration LocalDate -> org.hibernate.type.BasicTypeReference@4e424582
2026-09-05T00:51:43.798-04:00 DEBUG 27080 --- [backend] [main] org.hibernate.type.BasicTypeRegistry     : Adding type registration java.time.LocalDate -> org.hibernate.type.BasicTypeReference@4e424582
2026-09-05T00:51:43.798-04:00 DEBUG 27080 --- [backend] [main] org.hibernate.type.BasicTypeRegistry     : Adding type registration LocalTime -> org.hibernate.type.BasicTypeReference@58dad04a
2026-09-05T00:51:43.798-04:00 DEBUG 27080 --- [backend] [main] org.hibernate.type.BasicTypeRegistry     : Adding type registration java.time.LocalTime -> org.hibernate.type.BasicTypeReference@58dad04a
2026-09-05T00:51:43.798-04:00 DEBUG 27080 --- [backend] [main] org.hibernate.type.BasicTypeRegistry     : Adding type registration OffsetDateTime -> org.hibernate.type.BasicTypeReference@73e776b7
2026-09-05T00:51:43.798-04:00 DEBUG 27080 --- [backend] [main] org.hibernate.type.BasicTypeRegistry     : Adding type registration java.time.OffsetDateTime -> org.hibernate.type.BasicTypeReference@73e776b7
2026-09-05T00:51:43.799-04:00 DEBUG 27080 --- [backend] [main] org.hibernate.type.BasicTypeRegistry     : Adding type registration OffsetDateTimeWithTimezone -> org.hibernate.type.BasicTypeReference@113ee1ce
2026-09-05T00:51:43.799-04:00 DEBUG 27080 --- [backend] [main] org.hibernate.type.BasicTypeRegistry     : Adding type registration OffsetDateTimeWithoutTimezone -> org.hibernate.type.BasicTypeReference@43da0955
2026-09-05T00:51:43.799-04:00 DEBUG 27080 --- [backend] [main] org.hibernate.type.BasicTypeRegistry     : Adding type registration OffsetTime -> org.hibernate.type.BasicTypeReference@bc09d57
2026-09-05T00:51:43.799-04:00 DEBUG 27080 --- [backend] [main] org.hibernate.type.BasicTypeRegistry     : Adding type registration java.time.OffsetTime -> org.hibernate.type.BasicTypeReference@bc09d57
2026-09-05T00:51:43.799-04:00 DEBUG 27080 --- [backend] [main] org.hibernate.type.BasicTypeRegistry     : Adding type registration OffsetTimeUtc -> org.hibernate.type.BasicTypeReference@6d963d70
2026-09-05T00:51:43.800-04:00 DEBUG 27080 --- [backend] [main] org.hibernate.type.BasicTypeRegistry     : Adding type registration OffsetTimeWithTimezone -> org.hibernate.type.BasicTypeReference@467045c4
2026-09-05T00:51:43.800-04:00 DEBUG 27080 --- [backend] [main] org.hibernate.type.BasicTypeRegistry     : Adding type registration OffsetTimeWithoutTimezone -> org.hibernate.type.BasicTypeReference@55736cfe
2026-09-05T00:51:43.800-04:00 DEBUG 27080 --- [backend] [main] org.hibernate.type.BasicTypeRegistry     : Adding type registration ZonedDateTime -> org.hibernate.type.BasicTypeReference@5a566922
2026-09-05T00:51:43.800-04:00 DEBUG 27080 --- [backend] [main] org.hibernate.type.BasicTypeRegistry     : Adding type registration java.time.ZonedDateTime -> org.hibernate.type.BasicTypeReference@5a566922
2026-09-05T00:51:43.800-04:00 DEBUG 27080 --- [backend] [main] org.hibernate.type.BasicTypeRegistry     : Adding type registration ZonedDateTimeWithTimezone -> org.hibernate.type.BasicTypeReference@6f7a2a5
2026-09-05T00:51:43.800-04:00 DEBUG 27080 --- [backend] [main] org.hibernate.type.BasicTypeRegistry     : Adding type registration ZonedDateTimeWithoutTimezone -> org.hibernate.type.BasicTypeReference@42ed89da
2026-09-05T00:51:43.800-04:00 DEBUG 27080 --- [backend] [main] org.hibernate.type.BasicTypeRegistry     : Adding type registration date -> org.hibernate.type.BasicTypeReference@c3719e5
2026-09-05T00:51:43.800-04:00 DEBUG 27080 --- [backend] [main] org.hibernate.type.BasicTypeRegistry     : Adding type registration java.sql.Date -> org.hibernate.type.BasicTypeReference@c3719e5
2026-09-05T00:51:43.800-04:00 DEBUG 27080 --- [backend] [main] org.hibernate.type.BasicTypeRegistry     : Adding type registration time -> org.hibernate.type.BasicTypeReference@65c17e38
2026-09-05T00:51:43.800-04:00 DEBUG 27080 --- [backend] [main] org.hibernate.type.BasicTypeRegistry     : Adding type registration java.sql.Time -> org.hibernate.type.BasicTypeReference@65c17e38
2026-09-05T00:51:43.801-04:00 DEBUG 27080 --- [backend] [main] org.hibernate.type.BasicTypeRegistry     : Adding type registration timestamp -> org.hibernate.type.BasicTypeReference@5e180aaf
2026-09-05T00:51:43.801-04:00 DEBUG 27080 --- [backend] [main] org.hibernate.type.BasicTypeRegistry     : Adding type registration java.sql.Timestamp -> org.hibernate.type.BasicTypeReference@5e180aaf
2026-09-05T00:51:43.801-04:00 DEBUG 27080 --- [backend] [main] org.hibernate.type.BasicTypeRegistry     : Adding type registration java.util.Date -> org.hibernate.type.BasicTypeReference@5e180aaf
2026-09-05T00:51:43.801-04:00 DEBUG 27080 --- [backend] [main] org.hibernate.type.BasicTypeRegistry     : Adding type registration calendar -> org.hibernate.type.BasicTypeReference@7015ebef
2026-09-05T00:51:43.801-04:00 DEBUG 27080 --- [backend] [main] org.hibernate.type.BasicTypeRegistry     : Adding type registration java.util.Calendar -> org.hibernate.type.BasicTypeReference@7015ebef
2026-09-05T00:51:43.801-04:00 DEBUG 27080 --- [backend] [main] org.hibernate.type.BasicTypeRegistry     : Adding type registration java.util.GregorianCalendar -> org.hibernate.type.BasicTypeReference@7015ebef
2026-09-05T00:51:43.801-04:00 DEBUG 27080 --- [backend] [main] org.hibernate.type.BasicTypeRegistry     : Adding type registration calendar_date -> org.hibernate.type.BasicTypeReference@44592c39
2026-09-05T00:51:43.801-04:00 DEBUG 27080 --- [backend] [main] org.hibernate.type.BasicTypeRegistry     : Adding type registration calendar_time -> org.hibernate.type.BasicTypeReference@2a87ba34
2026-09-05T00:51:43.801-04:00 DEBUG 27080 --- [backend] [main] org.hibernate.type.BasicTypeRegistry     : Adding type registration instant -> org.hibernate.type.BasicTypeReference@34d480b9
2026-09-05T00:51:43.801-04:00 DEBUG 27080 --- [backend] [main] org.hibernate.type.BasicTypeRegistry     : Adding type registration java.time.Instant -> org.hibernate.type.BasicTypeReference@34d480b9
2026-09-05T00:51:43.801-04:00 DEBUG 27080 --- [backend] [main] org.hibernate.type.BasicTypeRegistry     : Adding type registration uuid -> org.hibernate.type.BasicTypeReference@6b415f5f
2026-09-05T00:51:43.802-04:00 DEBUG 27080 --- [backend] [main] org.hibernate.type.BasicTypeRegistry     : Adding type registration java.util.UUID -> org.hibernate.type.BasicTypeReference@6b415f5f
2026-09-05T00:51:43.802-04:00 DEBUG 27080 --- [backend] [main] org.hibernate.type.BasicTypeRegistry     : Adding type registration pg-uuid -> org.hibernate.type.BasicTypeReference@6b415f5f
2026-09-05T00:51:43.802-04:00 DEBUG 27080 --- [backend] [main] org.hibernate.type.BasicTypeRegistry     : Adding type registration uuid-binary -> org.hibernate.type.BasicTypeReference@66749eea
2026-09-05T00:51:43.802-04:00 DEBUG 27080 --- [backend] [main] org.hibernate.type.BasicTypeRegistry     : Adding type registration uuid-char -> org.hibernate.type.BasicTypeReference@7135ce0a
2026-09-05T00:51:43.802-04:00 DEBUG 27080 --- [backend] [main] org.hibernate.type.BasicTypeRegistry     : Adding type registration class -> org.hibernate.type.BasicTypeReference@617449dd
2026-09-05T00:51:43.802-04:00 DEBUG 27080 --- [backend] [main] org.hibernate.type.BasicTypeRegistry     : Adding type registration java.lang.Class -> org.hibernate.type.BasicTypeReference@617449dd
2026-09-05T00:51:43.802-04:00 DEBUG 27080 --- [backend] [main] org.hibernate.type.BasicTypeRegistry     : Adding type registration currency -> org.hibernate.type.BasicTypeReference@2e590b
2026-09-05T00:51:43.802-04:00 DEBUG 27080 --- [backend] [main] org.hibernate.type.BasicTypeRegistry     : Adding type registration Currency -> org.hibernate.type.BasicTypeReference@2e590b
2026-09-05T00:51:43.802-04:00 DEBUG 27080 --- [backend] [main] org.hibernate.type.BasicTypeRegistry     : Adding type registration java.util.Currency -> org.hibernate.type.BasicTypeReference@2e590b
2026-09-05T00:51:43.802-04:00 DEBUG 27080 --- [backend] [main] org.hibernate.type.BasicTypeRegistry     : Adding type registration locale -> org.hibernate.type.BasicTypeReference@42ef042a
2026-09-05T00:51:43.802-04:00 DEBUG 27080 --- [backend] [main] org.hibernate.type.BasicTypeRegistry     : Adding type registration java.util.Locale -> org.hibernate.type.BasicTypeReference@42ef042a
2026-09-05T00:51:43.802-04:00 DEBUG 27080 --- [backend] [main] org.hibernate.type.BasicTypeRegistry     : Adding type registration serializable -> org.hibernate.type.BasicTypeReference@1df5c7e3
2026-09-05T00:51:43.803-04:00 DEBUG 27080 --- [backend] [main] org.hibernate.type.BasicTypeRegistry     : Adding type registration java.io.Serializable -> org.hibernate.type.BasicTypeReference@1df5c7e3
2026-09-05T00:51:43.803-04:00 DEBUG 27080 --- [backend] [main] org.hibernate.type.BasicTypeRegistry     : Adding type registration timezone -> org.hibernate.type.BasicTypeReference@5e0c4f21
2026-09-05T00:51:43.803-04:00 DEBUG 27080 --- [backend] [main] org.hibernate.type.BasicTypeRegistry     : Adding type registration java.util.TimeZone -> org.hibernate.type.BasicTypeReference@5e0c4f21
2026-09-05T00:51:43.803-04:00 DEBUG 27080 --- [backend] [main] org.hibernate.type.BasicTypeRegistry     : Adding type registration ZoneOffset -> org.hibernate.type.BasicTypeReference@2c18a3ea
2026-09-05T00:51:43.803-04:00 DEBUG 27080 --- [backend] [main] org.hibernate.type.BasicTypeRegistry     : Adding type registration java.time.ZoneOffset -> org.hibernate.type.BasicTypeReference@2c18a3ea
2026-09-05T00:51:43.803-04:00 DEBUG 27080 --- [backend] [main] org.hibernate.type.BasicTypeRegistry     : Adding type registration url -> org.hibernate.type.BasicTypeReference@166c2c17
2026-09-05T00:51:43.803-04:00 DEBUG 27080 --- [backend] [main] org.hibernate.type.BasicTypeRegistry     : Adding type registration java.net.URL -> org.hibernate.type.BasicTypeReference@166c2c17
2026-09-05T00:51:43.803-04:00 DEBUG 27080 --- [backend] [main] org.hibernate.type.BasicTypeRegistry     : Adding type registration vector -> org.hibernate.type.BasicTypeReference@25953be6
2026-09-05T00:51:43.803-04:00 DEBUG 27080 --- [backend] [main] org.hibernate.type.BasicTypeRegistry     : Adding type registration float_vector -> org.hibernate.type.BasicTypeReference@19dc0d32
2026-09-05T00:51:43.803-04:00 DEBUG 27080 --- [backend] [main] org.hibernate.type.BasicTypeRegistry     : Adding type registration double_vector -> org.hibernate.type.BasicTypeReference@70b2fa10
2026-09-05T00:51:43.803-04:00 DEBUG 27080 --- [backend] [main] org.hibernate.type.BasicTypeRegistry     : Adding type registration byte_vector -> org.hibernate.type.BasicTypeReference@7c96c85
2026-09-05T00:51:43.803-04:00 DEBUG 27080 --- [backend] [main] org.hibernate.type.BasicTypeRegistry     : Adding type registration row_version -> org.hibernate.type.BasicTypeReference@b0f2d91
2026-09-05T00:51:43.809-04:00 DEBUG 27080 --- [backend] [main] org.hibernate.type.BasicTypeRegistry     : Adding type registration object -> org.hibernate.type.JavaObjectType@24dd44f9
2026-09-05T00:51:43.809-04:00 DEBUG 27080 --- [backend] [main] org.hibernate.type.BasicTypeRegistry     : Adding type registration java.lang.Object -> org.hibernate.type.JavaObjectType@24dd44f9
2026-09-05T00:51:43.810-04:00 DEBUG 27080 --- [backend] [main] org.hibernate.type.BasicTypeRegistry     : Adding type registration null -> org.hibernate.type.NullType@53eba4b8
2026-09-05T00:51:43.810-04:00 DEBUG 27080 --- [backend] [main] org.hibernate.type.BasicTypeRegistry     : Adding type registration imm_date -> org.hibernate.type.BasicTypeReference@437bd805
2026-09-05T00:51:43.810-04:00 DEBUG 27080 --- [backend] [main] org.hibernate.type.BasicTypeRegistry     : Adding type registration imm_time -> org.hibernate.type.BasicTypeReference@4b88ca8e
2026-09-05T00:51:43.810-04:00 DEBUG 27080 --- [backend] [main] org.hibernate.type.BasicTypeRegistry     : Adding type registration imm_timestamp -> org.hibernate.type.BasicTypeReference@6fa02932
2026-09-05T00:51:43.811-04:00 DEBUG 27080 --- [backend] [main] org.hibernate.type.BasicTypeRegistry     : Adding type registration imm_calendar -> org.hibernate.type.BasicTypeReference@61608e1a
2026-09-05T00:51:43.811-04:00 DEBUG 27080 --- [backend] [main] org.hibernate.type.BasicTypeRegistry     : Adding type registration imm_calendar_date -> org.hibernate.type.BasicTypeReference@7c46c9c3
2026-09-05T00:51:43.811-04:00 DEBUG 27080 --- [backend] [main] org.hibernate.type.BasicTypeRegistry     : Adding type registration imm_calendar_time -> org.hibernate.type.BasicTypeReference@7197b07f
2026-09-05T00:51:43.811-04:00 DEBUG 27080 --- [backend] [main] org.hibernate.type.BasicTypeRegistry     : Adding type registration imm_binary -> org.hibernate.type.BasicTypeReference@1f10fec6
2026-09-05T00:51:43.811-04:00 DEBUG 27080 --- [backend] [main] org.hibernate.type.BasicTypeRegistry     : Adding type registration imm_serializable -> org.hibernate.type.BasicTypeReference@7a65a360
2026-09-05T00:51:43.813-04:00 TRACE 27080 --- [backend] [main] o.h.q.sqm.function.SqmFunctionRegistry   : SqmFunctionRegistry created
2026-09-05T00:51:43.814-04:00 TRACE 27080 --- [backend] [main] o.h.s.i.AbstractServiceRegistryImpl      : Initializing service [role=org.hibernate.boot.cfgxml.spi.CfgXmlAccessService]
2026-09-05T00:51:43.816-04:00 DEBUG 27080 --- [backend] [main] o.h.boot.internal.BootstrapContextImpl   : Injecting JPA temp ClassLoader [org.springframework.instrument.classloading.SimpleThrowawayClassLoader@7f0a133d] into BootstrapContext; was [null]
2026-09-05T00:51:43.816-04:00 DEBUG 27080 --- [backend] [main] o.h.boot.internal.ClassLoaderAccessImpl  : ClassLoaderAccessImpl#injectTempClassLoader(org.springframework.instrument.classloading.SimpleThrowawayClassLoader@7f0a133d) [was null]
2026-09-05T00:51:43.816-04:00 DEBUG 27080 --- [backend] [main] o.h.boot.internal.BootstrapContextImpl   : Injecting ScanEnvironment [org.hibernate.jpa.boot.internal.StandardJpaScanEnvironmentImpl@4665428b] into BootstrapContext; was [null]
2026-09-05T00:51:43.816-04:00 DEBUG 27080 --- [backend] [main] o.h.boot.internal.BootstrapContextImpl   : Injecting ScanOptions [org.hibernate.boot.archive.scan.internal.StandardScanOptions@4a70d302] into BootstrapContext; was [org.hibernate.boot.archive.scan.internal.StandardScanOptions@7fd99443]
2026-09-05T00:51:43.832-04:00 DEBUG 27080 --- [backend] [main] o.h.j.b.i.PersistenceUnitInfoDescriptor  : Pushing class transformers for PU named 'default' on loading classloader jdk.internal.loader.ClassLoaders$AppClassLoader@11a4022a
2026-09-05T00:51:44.007-04:00  INFO 27080 --- [backend] [main] o.s.o.j.p.SpringPersistenceUnitInfo      : No LoadTimeWeaver setup: ignoring JPA class transformer
2026-09-05T00:51:44.008-04:00 DEBUG 27080 --- [backend] [main] o.h.boot.internal.BootstrapContextImpl   : Injecting JPA temp ClassLoader [null] into BootstrapContext; was [org.springframework.instrument.classloading.SimpleThrowawayClassLoader@7f0a133d]
2026-09-05T00:51:44.008-04:00 DEBUG 27080 --- [backend] [main] o.h.boot.internal.ClassLoaderAccessImpl  : ClassLoaderAccessImpl#injectTempClassLoader(null) [was org.springframework.instrument.classloading.SimpleThrowawayClassLoader@7f0a133d]
2026-09-05T00:51:44.019-04:00 TRACE 27080 --- [backend] [main] o.h.s.i.AbstractServiceRegistryImpl      : Initializing service [role=org.hibernate.engine.jdbc.env.spi.JdbcEnvironment]
2026-09-05T00:51:44.019-04:00 TRACE 27080 --- [backend] [main] o.h.s.i.AbstractServiceRegistryImpl      : Initializing service [role=org.hibernate.engine.jdbc.dialect.spi.DialectFactory]
2026-09-05T00:51:44.020-04:00 TRACE 27080 --- [backend] [main] o.h.s.i.AbstractServiceRegistryImpl      : Initializing service [role=org.hibernate.engine.jdbc.dialect.spi.DialectResolver]
2026-09-05T00:51:44.023-04:00 TRACE 27080 --- [backend] [main] o.h.s.i.AbstractServiceRegistryImpl      : Initializing service [role=org.hibernate.engine.jdbc.connections.spi.MultiTenantConnectionProvider]
2026-09-05T00:51:44.024-04:00 TRACE 27080 --- [backend] [main] o.h.s.i.AbstractServiceRegistryImpl      : Initializing service [role=org.hibernate.engine.jdbc.connections.spi.ConnectionProvider]
2026-09-05T00:51:44.024-04:00 TRACE 27080 --- [backend] [main] o.h.s.i.AbstractServiceRegistryImpl      : Initializing service [role=org.hibernate.engine.jdbc.connections.spi.MultiTenantConnectionProvider]
2026-09-05T00:51:44.025-04:00 TRACE 27080 --- [backend] [main] o.h.s.i.AbstractServiceRegistryImpl      : Initializing service [role=org.hibernate.engine.jndi.spi.JndiService]
2026-09-05T00:51:44.033-04:00 TRACE 27080 --- [backend] [main] o.h.s.i.AbstractServiceRegistryImpl      : Initializing service [role=org.hibernate.resource.transaction.spi.TransactionCoordinatorBuilder]
2026-09-05T00:51:44.041-04:00 DEBUG 27080 --- [backend] [main] com.zaxxer.hikari.HikariConfig           : HikariPool-1 - configuration:
2026-09-05T00:51:44.044-04:00 DEBUG 27080 --- [backend] [main] com.zaxxer.hikari.HikariConfig           : allowPoolSuspension.............false
2026-09-05T00:51:44.044-04:00 DEBUG 27080 --- [backend] [main] com.zaxxer.hikari.HikariConfig           : autoCommit......................true
2026-09-05T00:51:44.044-04:00 DEBUG 27080 --- [backend] [main] com.zaxxer.hikari.HikariConfig           : catalog.........................none
2026-09-05T00:51:44.044-04:00 DEBUG 27080 --- [backend] [main] com.zaxxer.hikari.HikariConfig           : connectionInitSql...............none
2026-09-05T00:51:44.044-04:00 DEBUG 27080 --- [backend] [main] com.zaxxer.hikari.HikariConfig           : connectionTestQuery.............none
2026-09-05T00:51:44.045-04:00 DEBUG 27080 --- [backend] [main] com.zaxxer.hikari.HikariConfig           : connectionTimeout...............30000
2026-09-05T00:51:44.045-04:00 DEBUG 27080 --- [backend] [main] com.zaxxer.hikari.HikariConfig           : dataSource......................none
2026-09-05T00:51:44.045-04:00 DEBUG 27080 --- [backend] [main] com.zaxxer.hikari.HikariConfig           : dataSourceClassName.............none
2026-09-05T00:51:44.045-04:00 DEBUG 27080 --- [backend] [main] com.zaxxer.hikari.HikariConfig           : dataSourceJNDI..................none
2026-09-05T00:51:44.046-04:00 DEBUG 27080 --- [backend] [main] com.zaxxer.hikari.HikariConfig           : dataSourceProperties............{password=<masked>}
2026-09-05T00:51:44.046-04:00 DEBUG 27080 --- [backend] [main] com.zaxxer.hikari.HikariConfig           : driverClassName................."com.mysql.cj.jdbc.Driver"
2026-09-05T00:51:44.046-04:00 DEBUG 27080 --- [backend] [main] com.zaxxer.hikari.HikariConfig           : exceptionOverrideClassName......none
2026-09-05T00:51:44.046-04:00 DEBUG 27080 --- [backend] [main] com.zaxxer.hikari.HikariConfig           : healthCheckProperties...........{}
2026-09-05T00:51:44.046-04:00 DEBUG 27080 --- [backend] [main] com.zaxxer.hikari.HikariConfig           : healthCheckRegistry.............none
2026-09-05T00:51:44.046-04:00 DEBUG 27080 --- [backend] [main] com.zaxxer.hikari.HikariConfig           : idleTimeout.....................600000
2026-09-05T00:51:44.047-04:00 DEBUG 27080 --- [backend] [main] com.zaxxer.hikari.HikariConfig           : initializationFailTimeout.......1
2026-09-05T00:51:44.047-04:00 DEBUG 27080 --- [backend] [main] com.zaxxer.hikari.HikariConfig           : isolateInternalQueries..........false
2026-09-05T00:51:44.047-04:00 DEBUG 27080 --- [backend] [main] com.zaxxer.hikari.HikariConfig           : jdbcUrl.........................jdbc:mysql://localhost:3308/mydatabase
2026-09-05T00:51:44.047-04:00 DEBUG 27080 --- [backend] [main] com.zaxxer.hikari.HikariConfig           : keepaliveTime...................0
2026-09-05T00:51:44.047-04:00 DEBUG 27080 --- [backend] [main] com.zaxxer.hikari.HikariConfig           : leakDetectionThreshold..........0
2026-09-05T00:51:44.047-04:00 DEBUG 27080 --- [backend] [main] com.zaxxer.hikari.HikariConfig           : maxLifetime.....................1800000
2026-09-05T00:51:44.047-04:00 DEBUG 27080 --- [backend] [main] com.zaxxer.hikari.HikariConfig           : maximumPoolSize.................10
2026-09-05T00:51:44.047-04:00 DEBUG 27080 --- [backend] [main] com.zaxxer.hikari.HikariConfig           : metricRegistry..................none
2026-09-05T00:51:44.047-04:00 DEBUG 27080 --- [backend] [main] com.zaxxer.hikari.HikariConfig           : metricsTrackerFactory...........none
2026-09-05T00:51:44.048-04:00 DEBUG 27080 --- [backend] [main] com.zaxxer.hikari.HikariConfig           : minimumIdle.....................10
2026-09-05T00:51:44.048-04:00 DEBUG 27080 --- [backend] [main] com.zaxxer.hikari.HikariConfig           : password........................<masked>
2026-09-05T00:51:44.048-04:00 DEBUG 27080 --- [backend] [main] com.zaxxer.hikari.HikariConfig           : poolName........................"HikariPool-1"
2026-09-05T00:51:44.048-04:00 DEBUG 27080 --- [backend] [main] com.zaxxer.hikari.HikariConfig           : readOnly........................false
2026-09-05T00:51:44.048-04:00 DEBUG 27080 --- [backend] [main] com.zaxxer.hikari.HikariConfig           : registerMbeans..................false
2026-09-05T00:51:44.048-04:00 DEBUG 27080 --- [backend] [main] com.zaxxer.hikari.HikariConfig           : scheduledExecutor...............none
2026-09-05T00:51:44.048-04:00 DEBUG 27080 --- [backend] [main] com.zaxxer.hikari.HikariConfig           : schema..........................none
2026-09-05T00:51:44.048-04:00 DEBUG 27080 --- [backend] [main] com.zaxxer.hikari.HikariConfig           : threadFactory...................internal
2026-09-05T00:51:44.048-04:00 DEBUG 27080 --- [backend] [main] com.zaxxer.hikari.HikariConfig           : transactionIsolation............default
2026-09-05T00:51:44.049-04:00 DEBUG 27080 --- [backend] [main] com.zaxxer.hikari.HikariConfig           : username........................"myuser"
2026-09-05T00:51:44.049-04:00 DEBUG 27080 --- [backend] [main] com.zaxxer.hikari.HikariConfig           : validationTimeout...............5000
2026-09-05T00:51:44.049-04:00  INFO 27080 --- [backend] [main] com.zaxxer.hikari.HikariDataSource       : HikariPool-1 - Starting...
2026-09-05T00:51:44.516-04:00  INFO 27080 --- [backend] [main] com.zaxxer.hikari.pool.HikariPool        : HikariPool-1 - Added connection com.mysql.cj.jdbc.ConnectionImpl@49122853
2026-09-05T00:51:44.518-04:00  INFO 27080 --- [backend] [main] com.zaxxer.hikari.HikariDataSource       : HikariPool-1 - Start completed.
2026-09-05T00:51:44.522-04:00 DEBUG 27080 --- [backend] [main] o.h.e.j.e.i.JdbcEnvironmentInitiator     : Database ->
	   name : MySQL
	version : 8.0.46
	  major : 8
	  minor : 0
2026-09-05T00:51:44.523-04:00 DEBUG 27080 --- [backend] [main] o.h.e.j.e.i.JdbcEnvironmentInitiator     : Driver ->
	   name : MySQL Connector/J
	version : mysql-connector-j-9.1.0 (Revision: cf2917ea44ae2e43a4514a33771035aa99de73bf)
	  major : 9
	  minor : 1
2026-09-05T00:51:44.523-04:00 DEBUG 27080 --- [backend] [main] o.h.e.j.e.i.JdbcEnvironmentInitiator     : JDBC version : 4.2
2026-09-05T00:51:44.570-04:00  WARN 27080 --- [backend] [main] org.hibernate.orm.deprecation            : HHH90000025: MySQL8Dialect does not need to be specified explicitly using 'hibernate.dialect' (remove the property setting and it will be selected by default)
2026-09-05T00:51:44.571-04:00 DEBUG 27080 --- [backend] [main] org.hibernate.orm.dialect                : HHH035001: Using dialect: org.hibernate.dialect.MySQL8Dialect, version: 8.0
2026-09-05T00:51:44.571-04:00  WARN 27080 --- [backend] [main] org.hibernate.orm.deprecation            : HHH90000026: MySQL8Dialect has been deprecated; use org.hibernate.dialect.MySQLDialect instead
2026-09-05T00:51:44.575-04:00 DEBUG 27080 --- [backend] [main] o.h.e.j.env.spi.IdentifierHelperBuilder  : JDBC driver metadata reported database stores quoted identifiers in more than one case
2026-09-05T00:51:44.575-04:00 DEBUG 27080 --- [backend] [main] o.h.e.j.env.spi.IdentifierHelperBuilder  : IdentifierCaseStrategy for both quoted and unquoted identifiers was set to the same strategy [MIXED]; that will likely lead to problems in schema update and validation if using quoted identifiers
2026-09-05T00:51:44.579-04:00 TRACE 27080 --- [backend] [main] .e.j.e.i.NormalizingIdentifierHelperImpl : Normalizing identifier quoting [mydatabase]
2026-09-05T00:51:44.580-04:00 TRACE 27080 --- [backend] [main] .e.j.e.i.NormalizingIdentifierHelperImpl : Normalizing identifier quoting [null]
2026-09-05T00:51:44.587-04:00 TRACE 27080 --- [backend] [main] o.h.s.i.AbstractServiceRegistryImpl      : Initializing service [role=org.hibernate.engine.jdbc.connections.spi.MultiTenantConnectionProvider]
2026-09-05T00:51:44.590-04:00  INFO 27080 --- [backend] [main] org.hibernate.orm.connections.pooling    : HHH10001005: Database info:
	Database JDBC URL [Connecting through datasource 'HikariDataSource (HikariPool-1)']
	Database driver: undefined/unknown
	Database version: 8.0
	Autocommit mode: undefined/unknown
	Isolation level: undefined/unknown
	Minimum pool size: undefined/unknown
	Maximum pool size: undefined/unknown
2026-09-05T00:51:44.591-04:00 TRACE 27080 --- [backend] [main] o.h.s.i.AbstractServiceRegistryImpl      : Initializing service [role=org.hibernate.engine.jdbc.spi.JdbcServices]
2026-09-05T00:51:44.591-04:00 TRACE 27080 --- [backend] [main] o.h.s.i.AbstractServiceRegistryImpl      : Initializing service [role=org.hibernate.engine.jdbc.spi.SqlStatementLogger]
2026-09-05T00:51:44.593-04:00 TRACE 27080 --- [backend] [main] o.h.s.i.AbstractServiceRegistryImpl      : Initializing service [role=org.hibernate.sql.ast.spi.ParameterMarkerStrategy]
2026-09-05T00:51:44.603-04:00 DEBUG 27080 --- [backend] [main] o.h.t.d.sql.spi.DdlTypeRegistry          : addDescriptor(12, org.hibernate.type.descriptor.sql.internal.CapacityDependentDdlType@48b3b1b8) replaced previous registration(org.hibernate.type.descriptor.sql.internal.CapacityDependentDdlType@b86cb18)
2026-09-05T00:51:44.604-04:00 DEBUG 27080 --- [backend] [main] o.h.t.d.sql.spi.DdlTypeRegistry          : addDescriptor(-9, org.hibernate.type.descriptor.sql.internal.CapacityDependentDdlType@29c244e) replaced previous registration(org.hibernate.type.descriptor.sql.internal.CapacityDependentDdlType@6cc8da1c)
2026-09-05T00:51:44.604-04:00 DEBUG 27080 --- [backend] [main] o.h.t.d.sql.spi.DdlTypeRegistry          : addDescriptor(-3, org.hibernate.type.descriptor.sql.internal.CapacityDependentDdlType@39a3984c) replaced previous registration(org.hibernate.type.descriptor.sql.internal.CapacityDependentDdlType@4404a6b)
2026-09-05T00:51:44.604-04:00 DEBUG 27080 --- [backend] [main] o.h.t.d.sql.spi.DdlTypeRegistry          : addDescriptor(4003, org.hibernate.type.descriptor.sql.internal.DdlTypeImpl@671da0f9) replaced previous registration(org.hibernate.type.descriptor.sql.internal.DdlTypeImpl@4d2f9e3c)
2026-09-05T00:51:44.604-04:00 DEBUG 27080 --- [backend] [main] o.h.t.d.sql.spi.DdlTypeRegistry          : addDescriptor(4001, org.hibernate.type.descriptor.sql.internal.DdlTypeImpl@686b1e2d) replaced previous registration(org.hibernate.type.descriptor.sql.internal.DdlTypeImpl@6e7e0259)
2026-09-05T00:51:44.604-04:00 DEBUG 27080 --- [backend] [main] o.h.t.d.sql.spi.DdlTypeRegistry          : addDescriptor(4002, org.hibernate.type.descriptor.sql.internal.DdlTypeImpl@646e6d07) replaced previous registration(org.hibernate.type.descriptor.sql.internal.DdlTypeImpl@5501d1c8)
2026-09-05T00:51:44.604-04:00 DEBUG 27080 --- [backend] [main] o.h.t.d.sql.spi.DdlTypeRegistry          : addDescriptor(2004, org.hibernate.type.descriptor.sql.internal.CapacityDependentDdlType@652b3733) replaced previous registration(org.hibernate.type.descriptor.sql.internal.DdlTypeImpl@7b598d05)
2026-09-05T00:51:44.604-04:00 DEBUG 27080 --- [backend] [main] o.h.t.d.sql.spi.DdlTypeRegistry          : addDescriptor(2005, org.hibernate.type.descriptor.sql.internal.CapacityDependentDdlType@6cc8c13c) replaced previous registration(org.hibernate.type.descriptor.sql.internal.DdlTypeImpl@371cd2fc)
2026-09-05T00:51:44.605-04:00 DEBUG 27080 --- [backend] [main] o.h.t.d.sql.spi.DdlTypeRegistry          : addDescriptor(2011, org.hibernate.type.descriptor.sql.internal.CapacityDependentDdlType@b32e983) replaced previous registration(org.hibernate.type.descriptor.sql.internal.DdlTypeImpl@3c346c45)
2026-09-05T00:51:44.609-04:00 DEBUG 27080 --- [backend] [main] o.h.t.d.jdbc.spi.JdbcTypeRegistry        : addDescriptor(NCharTypeDescriptor) replaced previous registration(CharTypeDescriptor)
2026-09-05T00:51:44.609-04:00 DEBUG 27080 --- [backend] [main] o.h.t.d.jdbc.spi.JdbcTypeRegistry        : addDescriptor(NVarcharTypeDescriptor) replaced previous registration(VarcharTypeDescriptor)
2026-09-05T00:51:44.610-04:00 DEBUG 27080 --- [backend] [main] o.h.t.d.jdbc.spi.JdbcTypeRegistry        : addDescriptor(LongNVarcharTypeDescriptor) replaced previous registration(LongVarcharTypeDescriptor)
2026-09-05T00:51:44.613-04:00 DEBUG 27080 --- [backend] [main] o.h.t.d.jdbc.spi.JdbcTypeRegistry        : addDescriptor(NClobTypeDescriptor(DEFAULT)) replaced previous registration(ClobTypeDescriptor(DEFAULT))
2026-09-05T00:51:44.616-04:00 DEBUG 27080 --- [backend] [main] org.hibernate.type.BasicTypeRegistry     : Adding type registration null -> org.hibernate.type.NullType@c82d925
2026-09-05T00:51:44.617-04:00 DEBUG 27080 --- [backend] [main] org.hibernate.type.BasicTypeRegistry     : Type registration key [null] overrode previous entry : `org.hibernate.type.NullType@53eba4b8`
2026-09-05T00:51:44.620-04:00 DEBUG 27080 --- [backend] [HikariPool-1 housekeeper] com.zaxxer.hikari.pool.HikariPool        : HikariPool-1 - Pool stats (total=1, active=0, idle=1, waiting=0)
2026-09-05T00:51:44.621-04:00 DEBUG 27080 --- [backend] [main] org.hibernate.type.BasicTypeRegistry     : Adding type registration org.hibernate.type.DurationType -> basicType@1(java.time.Duration,3015)
2026-09-05T00:51:44.621-04:00 DEBUG 27080 --- [backend] [main] org.hibernate.type.BasicTypeRegistry     : Adding type registration Duration -> basicType@1(java.time.Duration,3015)
2026-09-05T00:51:44.621-04:00 DEBUG 27080 --- [backend] [main] org.hibernate.type.BasicTypeRegistry     : Adding type registration java.time.Duration -> basicType@1(java.time.Duration,3015)
2026-09-05T00:51:44.625-04:00 DEBUG 27080 --- [backend] [main] org.hibernate.type.BasicTypeRegistry     : Adding type registration org.hibernate.type.OffsetDateTimeType -> basicType@2(java.time.OffsetDateTime,3003)
2026-09-05T00:51:44.627-04:00 DEBUG 27080 --- [backend] [main] org.hibernate.type.BasicTypeRegistry     : Adding type registration OffsetDateTime -> basicType@2(java.time.OffsetDateTime,3003)
2026-09-05T00:51:44.627-04:00 DEBUG 27080 --- [backend] [main] org.hibernate.type.BasicTypeRegistry     : Adding type registration java.time.OffsetDateTime -> basicType@2(java.time.OffsetDateTime,3003)
2026-09-05T00:51:44.628-04:00 DEBUG 27080 --- [backend] [main] org.hibernate.type.BasicTypeRegistry     : Adding type registration org.hibernate.type.ZonedDateTimeType -> basicType@3(java.time.ZonedDateTime,3003)
2026-09-05T00:51:44.628-04:00 DEBUG 27080 --- [backend] [main] org.hibernate.type.BasicTypeRegistry     : Adding type registration ZonedDateTime -> basicType@3(java.time.ZonedDateTime,3003)
2026-09-05T00:51:44.628-04:00 DEBUG 27080 --- [backend] [main] org.hibernate.type.BasicTypeRegistry     : Adding type registration java.time.ZonedDateTime -> basicType@3(java.time.ZonedDateTime,3003)
2026-09-05T00:51:44.629-04:00 DEBUG 27080 --- [backend] [main] org.hibernate.type.BasicTypeRegistry     : Adding type registration org.hibernate.type.OffsetTimeType -> basicType@4(java.time.OffsetTime,3007)
2026-09-05T00:51:44.629-04:00 DEBUG 27080 --- [backend] [main] org.hibernate.type.BasicTypeRegistry     : Adding type registration OffsetTime -> basicType@4(java.time.OffsetTime,3007)
2026-09-05T00:51:44.629-04:00 DEBUG 27080 --- [backend] [main] org.hibernate.type.BasicTypeRegistry     : Adding type registration java.time.OffsetTime -> basicType@4(java.time.OffsetTime,3007)
2026-09-05T00:51:44.630-04:00 DEBUG 27080 --- [backend] [main] o.h.type.spi.TypeConfiguration$Scope     : Scoping TypeConfiguration [org.hibernate.type.spi.TypeConfiguration@17136390] to MetadataBuildingContext [org.hibernate.boot.internal.MetadataBuildingContextRootImpl@273293c8]
2026-09-05T00:51:44.651-04:00 DEBUG 27080 --- [backend] [HikariPool-1 connection adder] com.zaxxer.hikari.pool.HikariPool        : HikariPool-1 - Added connection com.mysql.cj.jdbc.ConnectionImpl@100e4e2c
2026-09-05T00:51:44.678-04:00 DEBUG 27080 --- [backend] [main] o.h.boot.model.relational.Namespace      : Created database namespace [logicalName=Name{catalog=null, schema=null}, physicalName=Name{catalog=null, schema=null}]
2026-09-05T00:51:44.682-04:00 DEBUG 27080 --- [backend] [HikariPool-1 connection adder] com.zaxxer.hikari.pool.HikariPool        : HikariPool-1 - After adding stats (total=2, active=0, idle=2, waiting=0)
2026-09-05T00:51:44.703-04:00 DEBUG 27080 --- [backend] [HikariPool-1 connection adder] com.zaxxer.hikari.pool.HikariPool        : HikariPool-1 - Added connection com.mysql.cj.jdbc.ConnectionImpl@51334417
2026-09-05T00:51:44.707-04:00 DEBUG 27080 --- [backend] [main] o.h.boot.model.internal.EntityBinder     : Binding entity from annotated class: com.duoc.backend.Appointment.Appointment
2026-09-05T00:51:44.713-04:00 DEBUG 27080 --- [backend] [main] o.h.boot.model.internal.EntityBinder     : Import with entity name Appointment
2026-09-05T00:51:44.714-04:00 TRACE 27080 --- [backend] [main] o.h.b.i.InFlightMetadataCollectorImpl    : Import: Appointment -> com.duoc.backend.Appointment.Appointment
2026-09-05T00:51:44.714-04:00 TRACE 27080 --- [backend] [main] o.h.b.i.InFlightMetadataCollectorImpl    : Import: com.duoc.backend.Appointment.Appointment -> com.duoc.backend.Appointment.Appointment
2026-09-05T00:51:44.715-04:00 TRACE 27080 --- [backend] [main] .e.j.e.i.NormalizingIdentifierHelperImpl : Normalizing identifier quoting [Appointment]
2026-09-05T00:51:44.717-04:00 TRACE 27080 --- [backend] [main] .e.j.e.i.NormalizingIdentifierHelperImpl : Normalizing identifier quoting [Appointment]
2026-09-05T00:51:44.720-04:00 DEBUG 27080 --- [backend] [main] o.h.boot.model.internal.EntityBinder     : Bind entity com.duoc.backend.Appointment.Appointment on table appointment
2026-09-05T00:51:44.730-04:00 TRACE 27080 --- [backend] [main] .e.j.e.i.NormalizingIdentifierHelperImpl : Normalizing identifier quoting [DTYPE]
2026-09-05T00:51:44.730-04:00 DEBUG 27080 --- [backend] [main] o.h.boot.model.internal.AnnotatedColumn  : Binding column: AnnotatedDiscriminatorColumn(column='DTYPE')
2026-09-05T00:51:44.733-04:00 DEBUG 27080 --- [backend] [HikariPool-1 connection adder] com.zaxxer.hikari.pool.HikariPool        : HikariPool-1 - After adding stats (total=3, active=0, idle=3, waiting=0)
2026-09-05T00:51:44.740-04:00 TRACE 27080 --- [backend] [main] o.h.boot.model.internal.PropertyBinder   : Processing annotations of com.duoc.backend.Appointment.Appointment.id
2026-09-05T00:51:44.744-04:00 TRACE 27080 --- [backend] [main] .e.j.e.i.NormalizingIdentifierHelperImpl : Normalizing identifier quoting [id]
2026-09-05T00:51:44.744-04:00 TRACE 27080 --- [backend] [main] .e.j.e.i.NormalizingIdentifierHelperImpl : Normalizing identifier quoting [id]
2026-09-05T00:51:44.745-04:00 DEBUG 27080 --- [backend] [main] o.h.boot.model.internal.AnnotatedColumn  : Binding column: AnnotatedColumn()
2026-09-05T00:51:44.745-04:00 DEBUG 27080 --- [backend] [main] o.h.boot.internal.ClassLoaderAccessImpl  : Not known whether passed class name [com.duoc.backend.Appointment.Appointment] is safe
2026-09-05T00:51:44.745-04:00 DEBUG 27080 --- [backend] [main] o.h.boot.internal.ClassLoaderAccessImpl  : No temp ClassLoader provided; using live ClassLoader for loading potentially unsafe class : com.duoc.backend.Appointment.Appointment
2026-09-05T00:51:44.749-04:00 DEBUG 27080 --- [backend] [main] o.h.boot.model.internal.PropertyBinder   : MetadataSourceProcessor property id with lazy=false
2026-09-05T00:51:44.754-04:00 DEBUG 27080 --- [backend] [HikariPool-1 connection adder] com.zaxxer.hikari.pool.HikariPool        : HikariPool-1 - Added connection com.mysql.cj.jdbc.ConnectionImpl@60a8d16b
2026-09-05T00:51:44.754-04:00 DEBUG 27080 --- [backend] [main] o.h.b.m.internal.AbstractPropertyHolder  : Attempting to locate auto-apply AttributeConverter for property [com.duoc.backend.Appointment.Appointment:id]
2026-09-05T00:51:44.758-04:00 DEBUG 27080 --- [backend] [main] o.h.b.model.internal.BasicValueBinder    : building BasicValue for id
2026-09-05T00:51:44.761-04:00 DEBUG 27080 --- [backend] [main] org.hibernate.mapping.BasicValue         : Skipping column re-registration: appointment.id
2026-09-05T00:51:44.761-04:00 TRACE 27080 --- [backend] [main] .e.j.e.i.NormalizingIdentifierHelperImpl : Normalizing identifier quoting [id]
2026-09-05T00:51:44.761-04:00 TRACE 27080 --- [backend] [main] .e.j.e.i.NormalizingIdentifierHelperImpl : Normalizing identifier quoting [id]
2026-09-05T00:51:44.761-04:00 TRACE 27080 --- [backend] [main] .e.j.e.i.NormalizingIdentifierHelperImpl : Normalizing identifier quoting [id]
2026-09-05T00:51:44.762-04:00 DEBUG 27080 --- [backend] [main] o.h.boot.model.internal.PropertyBinder   : Building property id
2026-09-05T00:51:44.762-04:00 TRACE 27080 --- [backend] [main] o.h.boot.model.internal.PropertyBinder   : Cascading id with null
2026-09-05T00:51:44.764-04:00 DEBUG 27080 --- [backend] [main] o.h.boot.model.internal.BinderHelper     : #makeIdGenerator(BasicValue([Column(id)]), id, org.hibernate.id.enhanced.SequenceStyleGenerator, , ...)
2026-09-05T00:51:44.765-04:00 TRACE 27080 --- [backend] [main] o.h.boot.model.internal.PropertyBinder   : Bind @Id on id
2026-09-05T00:51:44.765-04:00 TRACE 27080 --- [backend] [main] o.h.boot.model.internal.PropertyBinder   : Processing annotations of com.duoc.backend.Appointment.Appointment.date
2026-09-05T00:51:44.765-04:00 TRACE 27080 --- [backend] [main] .e.j.e.i.NormalizingIdentifierHelperImpl : Normalizing identifier quoting [date]
2026-09-05T00:51:44.765-04:00 TRACE 27080 --- [backend] [main] .e.j.e.i.NormalizingIdentifierHelperImpl : Normalizing identifier quoting [date]
2026-09-05T00:51:44.765-04:00 DEBUG 27080 --- [backend] [main] o.h.boot.model.internal.AnnotatedColumn  : Binding column: AnnotatedColumn()
2026-09-05T00:51:44.766-04:00 DEBUG 27080 --- [backend] [main] o.h.boot.model.internal.PropertyBinder   : MetadataSourceProcessor property date with lazy=false
2026-09-05T00:51:44.766-04:00 DEBUG 27080 --- [backend] [main] o.h.b.m.internal.AbstractPropertyHolder  : Attempting to locate auto-apply AttributeConverter for property [com.duoc.backend.Appointment.Appointment:date]
2026-09-05T00:51:44.766-04:00 DEBUG 27080 --- [backend] [main] o.h.b.model.internal.BasicValueBinder    : building BasicValue for date
2026-09-05T00:51:44.766-04:00 DEBUG 27080 --- [backend] [main] org.hibernate.mapping.BasicValue         : Skipping column re-registration: appointment.date
2026-09-05T00:51:44.766-04:00 TRACE 27080 --- [backend] [main] .e.j.e.i.NormalizingIdentifierHelperImpl : Normalizing identifier quoting [date]
2026-09-05T00:51:44.766-04:00 TRACE 27080 --- [backend] [main] .e.j.e.i.NormalizingIdentifierHelperImpl : Normalizing identifier quoting [date]
2026-09-05T00:51:44.766-04:00 TRACE 27080 --- [backend] [main] .e.j.e.i.NormalizingIdentifierHelperImpl : Normalizing identifier quoting [date]
2026-09-05T00:51:44.766-04:00 DEBUG 27080 --- [backend] [main] o.h.boot.model.internal.PropertyBinder   : Building property date
2026-09-05T00:51:44.766-04:00 TRACE 27080 --- [backend] [main] o.h.boot.model.internal.PropertyBinder   : Cascading date with null
2026-09-05T00:51:44.767-04:00 TRACE 27080 --- [backend] [main] o.h.boot.model.internal.PropertyBinder   : Processing annotations of com.duoc.backend.Appointment.Appointment.reason
2026-09-05T00:51:44.767-04:00 TRACE 27080 --- [backend] [main] .e.j.e.i.NormalizingIdentifierHelperImpl : Normalizing identifier quoting [reason]
2026-09-05T00:51:44.767-04:00 TRACE 27080 --- [backend] [main] .e.j.e.i.NormalizingIdentifierHelperImpl : Normalizing identifier quoting [reason]
2026-09-05T00:51:44.767-04:00 DEBUG 27080 --- [backend] [main] o.h.boot.model.internal.AnnotatedColumn  : Binding column: AnnotatedColumn()
2026-09-05T00:51:44.767-04:00 DEBUG 27080 --- [backend] [main] o.h.boot.model.internal.PropertyBinder   : MetadataSourceProcessor property reason with lazy=false
2026-09-05T00:51:44.767-04:00 DEBUG 27080 --- [backend] [main] o.h.b.m.internal.AbstractPropertyHolder  : Attempting to locate auto-apply AttributeConverter for property [com.duoc.backend.Appointment.Appointment:reason]
2026-09-05T00:51:44.767-04:00 DEBUG 27080 --- [backend] [main] o.h.b.model.internal.BasicValueBinder    : building BasicValue for reason
2026-09-05T00:51:44.767-04:00 DEBUG 27080 --- [backend] [main] org.hibernate.mapping.BasicValue         : Skipping column re-registration: appointment.reason
2026-09-05T00:51:44.767-04:00 TRACE 27080 --- [backend] [main] .e.j.e.i.NormalizingIdentifierHelperImpl : Normalizing identifier quoting [reason]
2026-09-05T00:51:44.767-04:00 TRACE 27080 --- [backend] [main] .e.j.e.i.NormalizingIdentifierHelperImpl : Normalizing identifier quoting [reason]
2026-09-05T00:51:44.767-04:00 TRACE 27080 --- [backend] [main] .e.j.e.i.NormalizingIdentifierHelperImpl : Normalizing identifier quoting [reason]
2026-09-05T00:51:44.767-04:00 DEBUG 27080 --- [backend] [main] o.h.boot.model.internal.PropertyBinder   : Building property reason
2026-09-05T00:51:44.767-04:00 TRACE 27080 --- [backend] [main] o.h.boot.model.internal.PropertyBinder   : Cascading reason with null
2026-09-05T00:51:44.767-04:00 TRACE 27080 --- [backend] [main] o.h.boot.model.internal.PropertyBinder   : Processing annotations of com.duoc.backend.Appointment.Appointment.time
2026-09-05T00:51:44.768-04:00 TRACE 27080 --- [backend] [main] .e.j.e.i.NormalizingIdentifierHelperImpl : Normalizing identifier quoting [time]
2026-09-05T00:51:44.768-04:00 TRACE 27080 --- [backend] [main] .e.j.e.i.NormalizingIdentifierHelperImpl : Normalizing identifier quoting [time]
2026-09-05T00:51:44.768-04:00 DEBUG 27080 --- [backend] [main] o.h.boot.model.internal.AnnotatedColumn  : Binding column: AnnotatedColumn()
2026-09-05T00:51:44.768-04:00 DEBUG 27080 --- [backend] [main] o.h.boot.model.internal.PropertyBinder   : MetadataSourceProcessor property time with lazy=false
2026-09-05T00:51:44.768-04:00 DEBUG 27080 --- [backend] [main] o.h.b.m.internal.AbstractPropertyHolder  : Attempting to locate auto-apply AttributeConverter for property [com.duoc.backend.Appointment.Appointment:time]
2026-09-05T00:51:44.768-04:00 DEBUG 27080 --- [backend] [main] o.h.b.model.internal.BasicValueBinder    : building BasicValue for time
2026-09-05T00:51:44.768-04:00 DEBUG 27080 --- [backend] [main] org.hibernate.mapping.BasicValue         : Skipping column re-registration: appointment.time
2026-09-05T00:51:44.768-04:00 TRACE 27080 --- [backend] [main] .e.j.e.i.NormalizingIdentifierHelperImpl : Normalizing identifier quoting [time]
2026-09-05T00:51:44.768-04:00 TRACE 27080 --- [backend] [main] .e.j.e.i.NormalizingIdentifierHelperImpl : Normalizing identifier quoting [time]
2026-09-05T00:51:44.768-04:00 TRACE 27080 --- [backend] [main] .e.j.e.i.NormalizingIdentifierHelperImpl : Normalizing identifier quoting [time]
2026-09-05T00:51:44.768-04:00 DEBUG 27080 --- [backend] [main] o.h.boot.model.internal.PropertyBinder   : Building property time
2026-09-05T00:51:44.768-04:00 TRACE 27080 --- [backend] [main] o.h.boot.model.internal.PropertyBinder   : Cascading time with null
2026-09-05T00:51:44.768-04:00 TRACE 27080 --- [backend] [main] o.h.boot.model.internal.PropertyBinder   : Processing annotations of com.duoc.backend.Appointment.Appointment.veterinarian
2026-09-05T00:51:44.769-04:00 TRACE 27080 --- [backend] [main] .e.j.e.i.NormalizingIdentifierHelperImpl : Normalizing identifier quoting [veterinarian]
2026-09-05T00:51:44.769-04:00 TRACE 27080 --- [backend] [main] .e.j.e.i.NormalizingIdentifierHelperImpl : Normalizing identifier quoting [veterinarian]
2026-09-05T00:51:44.769-04:00 DEBUG 27080 --- [backend] [main] o.h.boot.model.internal.AnnotatedColumn  : Binding column: AnnotatedColumn()
2026-09-05T00:51:44.769-04:00 DEBUG 27080 --- [backend] [main] o.h.boot.model.internal.PropertyBinder   : MetadataSourceProcessor property veterinarian with lazy=false
2026-09-05T00:51:44.769-04:00 DEBUG 27080 --- [backend] [main] o.h.b.m.internal.AbstractPropertyHolder  : Attempting to locate auto-apply AttributeConverter for property [com.duoc.backend.Appointment.Appointment:veterinarian]
2026-09-05T00:51:44.769-04:00 DEBUG 27080 --- [backend] [main] o.h.b.model.internal.BasicValueBinder    : building BasicValue for veterinarian
2026-09-05T00:51:44.769-04:00 DEBUG 27080 --- [backend] [main] org.hibernate.mapping.BasicValue         : Skipping column re-registration: appointment.veterinarian
2026-09-05T00:51:44.769-04:00 TRACE 27080 --- [backend] [main] .e.j.e.i.NormalizingIdentifierHelperImpl : Normalizing identifier quoting [veterinarian]
2026-09-05T00:51:44.769-04:00 TRACE 27080 --- [backend] [main] .e.j.e.i.NormalizingIdentifierHelperImpl : Normalizing identifier quoting [veterinarian]
2026-09-05T00:51:44.769-04:00 TRACE 27080 --- [backend] [main] .e.j.e.i.NormalizingIdentifierHelperImpl : Normalizing identifier quoting [veterinarian]
2026-09-05T00:51:44.769-04:00 DEBUG 27080 --- [backend] [main] o.h.boot.model.internal.PropertyBinder   : Building property veterinarian
2026-09-05T00:51:44.769-04:00 TRACE 27080 --- [backend] [main] o.h.boot.model.internal.PropertyBinder   : Cascading veterinarian with null
2026-09-05T00:51:44.771-04:00 DEBUG 27080 --- [backend] [main] o.h.b.r.c.i.ClassLoaderServiceImpl       : HHH000194: Package not found or no package-info.java: com.duoc.backend.Appointment
2026-09-05T00:51:44.776-04:00 DEBUG 27080 --- [backend] [main] o.h.boot.model.internal.EntityBinder     : Binding entity from annotated class: com.duoc.backend.Care.Care
2026-09-05T00:51:44.776-04:00 DEBUG 27080 --- [backend] [main] o.h.boot.model.internal.EntityBinder     : Import with entity name Care
2026-09-05T00:51:44.776-04:00 TRACE 27080 --- [backend] [main] o.h.b.i.InFlightMetadataCollectorImpl    : Import: Care -> com.duoc.backend.Care.Care
2026-09-05T00:51:44.776-04:00 TRACE 27080 --- [backend] [main] o.h.b.i.InFlightMetadataCollectorImpl    : Import: com.duoc.backend.Care.Care -> com.duoc.backend.Care.Care
2026-09-05T00:51:44.776-04:00 TRACE 27080 --- [backend] [main] .e.j.e.i.NormalizingIdentifierHelperImpl : Normalizing identifier quoting [Care]
2026-09-05T00:51:44.776-04:00 TRACE 27080 --- [backend] [main] .e.j.e.i.NormalizingIdentifierHelperImpl : Normalizing identifier quoting [Care]
2026-09-05T00:51:44.776-04:00 DEBUG 27080 --- [backend] [main] o.h.boot.model.internal.EntityBinder     : Bind entity com.duoc.backend.Care.Care on table care
2026-09-05T00:51:44.777-04:00 TRACE 27080 --- [backend] [main] .e.j.e.i.NormalizingIdentifierHelperImpl : Normalizing identifier quoting [DTYPE]
2026-09-05T00:51:44.777-04:00 DEBUG 27080 --- [backend] [main] o.h.boot.model.internal.AnnotatedColumn  : Binding column: AnnotatedDiscriminatorColumn(column='DTYPE')
2026-09-05T00:51:44.777-04:00 TRACE 27080 --- [backend] [main] o.h.boot.model.internal.PropertyBinder   : Processing annotations of com.duoc.backend.Care.Care.id
2026-09-05T00:51:44.777-04:00 TRACE 27080 --- [backend] [main] .e.j.e.i.NormalizingIdentifierHelperImpl : Normalizing identifier quoting [id]
2026-09-05T00:51:44.777-04:00 TRACE 27080 --- [backend] [main] .e.j.e.i.NormalizingIdentifierHelperImpl : Normalizing identifier quoting [id]
2026-09-05T00:51:44.777-04:00 DEBUG 27080 --- [backend] [main] o.h.boot.model.internal.AnnotatedColumn  : Binding column: AnnotatedColumn()
2026-09-05T00:51:44.777-04:00 DEBUG 27080 --- [backend] [main] o.h.boot.internal.ClassLoaderAccessImpl  : Not known whether passed class name [com.duoc.backend.Care.Care] is safe
2026-09-05T00:51:44.777-04:00 DEBUG 27080 --- [backend] [main] o.h.boot.internal.ClassLoaderAccessImpl  : No temp ClassLoader provided; using live ClassLoader for loading potentially unsafe class : com.duoc.backend.Care.Care
2026-09-05T00:51:44.777-04:00 DEBUG 27080 --- [backend] [main] o.h.boot.model.internal.PropertyBinder   : MetadataSourceProcessor property id with lazy=false
2026-09-05T00:51:44.778-04:00 DEBUG 27080 --- [backend] [main] o.h.b.m.internal.AbstractPropertyHolder  : Attempting to locate auto-apply AttributeConverter for property [com.duoc.backend.Care.Care:id]
2026-09-05T00:51:44.778-04:00 DEBUG 27080 --- [backend] [main] o.h.b.model.internal.BasicValueBinder    : building BasicValue for id
2026-09-05T00:51:44.778-04:00 DEBUG 27080 --- [backend] [main] org.hibernate.mapping.BasicValue         : Skipping column re-registration: care.id
2026-09-05T00:51:44.778-04:00 TRACE 27080 --- [backend] [main] .e.j.e.i.NormalizingIdentifierHelperImpl : Normalizing identifier quoting [id]
2026-09-05T00:51:44.778-04:00 TRACE 27080 --- [backend] [main] .e.j.e.i.NormalizingIdentifierHelperImpl : Normalizing identifier quoting [id]
2026-09-05T00:51:44.778-04:00 TRACE 27080 --- [backend] [main] .e.j.e.i.NormalizingIdentifierHelperImpl : Normalizing identifier quoting [id]
2026-09-05T00:51:44.778-04:00 DEBUG 27080 --- [backend] [main] o.h.boot.model.internal.PropertyBinder   : Building property id
2026-09-05T00:51:44.778-04:00 TRACE 27080 --- [backend] [main] o.h.boot.model.internal.PropertyBinder   : Cascading id with null
2026-09-05T00:51:44.778-04:00 DEBUG 27080 --- [backend] [main] o.h.boot.model.internal.BinderHelper     : #makeIdGenerator(BasicValue([Column(id)]), id, org.hibernate.id.enhanced.SequenceStyleGenerator, , ...)
2026-09-05T00:51:44.778-04:00 TRACE 27080 --- [backend] [main] o.h.boot.model.internal.PropertyBinder   : Bind @Id on id
2026-09-05T00:51:44.778-04:00 TRACE 27080 --- [backend] [main] o.h.boot.model.internal.PropertyBinder   : Processing annotations of com.duoc.backend.Care.Care.cost
2026-09-05T00:51:44.778-04:00 TRACE 27080 --- [backend] [main] .e.j.e.i.NormalizingIdentifierHelperImpl : Normalizing identifier quoting [cost]
2026-09-05T00:51:44.778-04:00 TRACE 27080 --- [backend] [main] .e.j.e.i.NormalizingIdentifierHelperImpl : Normalizing identifier quoting [cost]
2026-09-05T00:51:44.778-04:00 DEBUG 27080 --- [backend] [main] o.h.boot.model.internal.AnnotatedColumn  : Binding column: AnnotatedColumn()
2026-09-05T00:51:44.779-04:00 DEBUG 27080 --- [backend] [main] o.h.boot.model.internal.PropertyBinder   : MetadataSourceProcessor property cost with lazy=false
2026-09-05T00:51:44.779-04:00 DEBUG 27080 --- [backend] [main] o.h.b.m.internal.AbstractPropertyHolder  : Attempting to locate auto-apply AttributeConverter for property [com.duoc.backend.Care.Care:cost]
2026-09-05T00:51:44.779-04:00 DEBUG 27080 --- [backend] [main] o.h.b.model.internal.BasicValueBinder    : building BasicValue for cost
2026-09-05T00:51:44.779-04:00 DEBUG 27080 --- [backend] [main] org.hibernate.mapping.BasicValue         : Skipping column re-registration: care.cost
2026-09-05T00:51:44.779-04:00 TRACE 27080 --- [backend] [main] .e.j.e.i.NormalizingIdentifierHelperImpl : Normalizing identifier quoting [cost]
2026-09-05T00:51:44.779-04:00 TRACE 27080 --- [backend] [main] .e.j.e.i.NormalizingIdentifierHelperImpl : Normalizing identifier quoting [cost]
2026-09-05T00:51:44.779-04:00 TRACE 27080 --- [backend] [main] .e.j.e.i.NormalizingIdentifierHelperImpl : Normalizing identifier quoting [cost]
2026-09-05T00:51:44.779-04:00 DEBUG 27080 --- [backend] [main] o.h.boot.model.internal.PropertyBinder   : Building property cost
2026-09-05T00:51:44.779-04:00 TRACE 27080 --- [backend] [main] o.h.boot.model.internal.PropertyBinder   : Cascading cost with null
2026-09-05T00:51:44.779-04:00 TRACE 27080 --- [backend] [main] o.h.boot.model.internal.PropertyBinder   : Processing annotations of com.duoc.backend.Care.Care.name
2026-09-05T00:51:44.779-04:00 TRACE 27080 --- [backend] [main] .e.j.e.i.NormalizingIdentifierHelperImpl : Normalizing identifier quoting [name]
2026-09-05T00:51:44.779-04:00 TRACE 27080 --- [backend] [main] .e.j.e.i.NormalizingIdentifierHelperImpl : Normalizing identifier quoting [name]
2026-09-05T00:51:44.779-04:00 DEBUG 27080 --- [backend] [main] o.h.boot.model.internal.AnnotatedColumn  : Binding column: AnnotatedColumn()
2026-09-05T00:51:44.779-04:00 DEBUG 27080 --- [backend] [main] o.h.boot.model.internal.PropertyBinder   : MetadataSourceProcessor property name with lazy=false
2026-09-05T00:51:44.779-04:00 DEBUG 27080 --- [backend] [main] o.h.b.m.internal.AbstractPropertyHolder  : Attempting to locate auto-apply AttributeConverter for property [com.duoc.backend.Care.Care:name]
2026-09-05T00:51:44.779-04:00 DEBUG 27080 --- [backend] [main] o.h.b.model.internal.BasicValueBinder    : building BasicValue for name
2026-09-05T00:51:44.779-04:00 DEBUG 27080 --- [backend] [main] org.hibernate.mapping.BasicValue         : Skipping column re-registration: care.name
2026-09-05T00:51:44.780-04:00 TRACE 27080 --- [backend] [main] .e.j.e.i.NormalizingIdentifierHelperImpl : Normalizing identifier quoting [name]
2026-09-05T00:51:44.780-04:00 TRACE 27080 --- [backend] [main] .e.j.e.i.NormalizingIdentifierHelperImpl : Normalizing identifier quoting [name]
2026-09-05T00:51:44.780-04:00 TRACE 27080 --- [backend] [main] .e.j.e.i.NormalizingIdentifierHelperImpl : Normalizing identifier quoting [name]
2026-09-05T00:51:44.780-04:00 DEBUG 27080 --- [backend] [main] o.h.boot.model.internal.PropertyBinder   : Building property name
2026-09-05T00:51:44.780-04:00 TRACE 27080 --- [backend] [main] o.h.boot.model.internal.PropertyBinder   : Cascading name with null
2026-09-05T00:51:44.780-04:00 DEBUG 27080 --- [backend] [main] o.h.b.r.c.i.ClassLoaderServiceImpl       : HHH000194: Package not found or no package-info.java: com.duoc.backend.Care
2026-09-05T00:51:44.780-04:00 DEBUG 27080 --- [backend] [main] o.h.boot.model.internal.EntityBinder     : Binding entity from annotated class: com.duoc.backend.Invoice.Invoice
2026-09-05T00:51:44.780-04:00 DEBUG 27080 --- [backend] [main] o.h.boot.model.internal.EntityBinder     : Import with entity name Invoice
2026-09-05T00:51:44.781-04:00 TRACE 27080 --- [backend] [main] o.h.b.i.InFlightMetadataCollectorImpl    : Import: Invoice -> com.duoc.backend.Invoice.Invoice
2026-09-05T00:51:44.781-04:00 TRACE 27080 --- [backend] [main] o.h.b.i.InFlightMetadataCollectorImpl    : Import: com.duoc.backend.Invoice.Invoice -> com.duoc.backend.Invoice.Invoice
2026-09-05T00:51:44.781-04:00 TRACE 27080 --- [backend] [main] .e.j.e.i.NormalizingIdentifierHelperImpl : Normalizing identifier quoting [Invoice]
2026-09-05T00:51:44.781-04:00 TRACE 27080 --- [backend] [main] .e.j.e.i.NormalizingIdentifierHelperImpl : Normalizing identifier quoting [Invoice]
2026-09-05T00:51:44.781-04:00 DEBUG 27080 --- [backend] [main] o.h.boot.model.internal.EntityBinder     : Bind entity com.duoc.backend.Invoice.Invoice on table invoice
2026-09-05T00:51:44.781-04:00 TRACE 27080 --- [backend] [main] .e.j.e.i.NormalizingIdentifierHelperImpl : Normalizing identifier quoting [DTYPE]
2026-09-05T00:51:44.781-04:00 DEBUG 27080 --- [backend] [main] o.h.boot.model.internal.AnnotatedColumn  : Binding column: AnnotatedDiscriminatorColumn(column='DTYPE')
2026-09-05T00:51:44.785-04:00 DEBUG 27080 --- [backend] [HikariPool-1 connection adder] com.zaxxer.hikari.pool.HikariPool        : HikariPool-1 - After adding stats (total=4, active=0, idle=4, waiting=0)
2026-09-05T00:51:44.785-04:00 TRACE 27080 --- [backend] [main] o.h.boot.model.internal.PropertyBinder   : Processing annotations of com.duoc.backend.Invoice.Invoice.id
2026-09-05T00:51:44.786-04:00 TRACE 27080 --- [backend] [main] .e.j.e.i.NormalizingIdentifierHelperImpl : Normalizing identifier quoting [id]
2026-09-05T00:51:44.786-04:00 TRACE 27080 --- [backend] [main] .e.j.e.i.NormalizingIdentifierHelperImpl : Normalizing identifier quoting [id]
2026-09-05T00:51:44.786-04:00 DEBUG 27080 --- [backend] [main] o.h.boot.model.internal.AnnotatedColumn  : Binding column: AnnotatedColumn()
2026-09-05T00:51:44.786-04:00 DEBUG 27080 --- [backend] [main] o.h.boot.internal.ClassLoaderAccessImpl  : Not known whether passed class name [com.duoc.backend.Invoice.Invoice] is safe
2026-09-05T00:51:44.786-04:00 DEBUG 27080 --- [backend] [main] o.h.boot.internal.ClassLoaderAccessImpl  : No temp ClassLoader provided; using live ClassLoader for loading potentially unsafe class : com.duoc.backend.Invoice.Invoice
2026-09-05T00:51:44.786-04:00 DEBUG 27080 --- [backend] [main] o.h.boot.model.internal.PropertyBinder   : MetadataSourceProcessor property id with lazy=false
2026-09-05T00:51:44.786-04:00 DEBUG 27080 --- [backend] [main] o.h.b.m.internal.AbstractPropertyHolder  : Attempting to locate auto-apply AttributeConverter for property [com.duoc.backend.Invoice.Invoice:id]
2026-09-05T00:51:44.786-04:00 DEBUG 27080 --- [backend] [main] o.h.b.model.internal.BasicValueBinder    : building BasicValue for id
2026-09-05T00:51:44.786-04:00 DEBUG 27080 --- [backend] [main] org.hibernate.mapping.BasicValue         : Skipping column re-registration: invoice.id
2026-09-05T00:51:44.786-04:00 TRACE 27080 --- [backend] [main] .e.j.e.i.NormalizingIdentifierHelperImpl : Normalizing identifier quoting [id]
2026-09-05T00:51:44.786-04:00 TRACE 27080 --- [backend] [main] .e.j.e.i.NormalizingIdentifierHelperImpl : Normalizing identifier quoting [id]
2026-09-05T00:51:44.786-04:00 TRACE 27080 --- [backend] [main] .e.j.e.i.NormalizingIdentifierHelperImpl : Normalizing identifier quoting [id]
2026-09-05T00:51:44.786-04:00 DEBUG 27080 --- [backend] [main] o.h.boot.model.internal.PropertyBinder   : Building property id
2026-09-05T00:51:44.786-04:00 TRACE 27080 --- [backend] [main] o.h.boot.model.internal.PropertyBinder   : Cascading id with null
2026-09-05T00:51:44.786-04:00 DEBUG 27080 --- [backend] [main] o.h.boot.model.internal.BinderHelper     : #makeIdGenerator(BasicValue([Column(id)]), id, org.hibernate.id.enhanced.SequenceStyleGenerator, , ...)
2026-09-05T00:51:44.786-04:00 TRACE 27080 --- [backend] [main] o.h.boot.model.internal.PropertyBinder   : Bind @Id on id
2026-09-05T00:51:44.786-04:00 TRACE 27080 --- [backend] [main] o.h.boot.model.internal.PropertyBinder   : Processing annotations of com.duoc.backend.Invoice.Invoice.cares
2026-09-05T00:51:44.797-04:00 TRACE 27080 --- [backend] [main] .e.j.e.i.NormalizingIdentifierHelperImpl : Normalizing identifier quoting [cares_ORDER]
2026-09-05T00:51:44.798-04:00 DEBUG 27080 --- [backend] [main] o.h.boot.model.internal.AnnotatedColumn  : Binding column: IndexColumn(column='cares_ORDER')
2026-09-05T00:51:44.799-04:00 TRACE 27080 --- [backend] [main] .e.j.e.i.NormalizingIdentifierHelperImpl : Normalizing identifier quoting [element]
2026-09-05T00:51:44.799-04:00 TRACE 27080 --- [backend] [main] .e.j.e.i.NormalizingIdentifierHelperImpl : Normalizing identifier quoting [element]
2026-09-05T00:51:44.799-04:00 DEBUG 27080 --- [backend] [main] o.h.boot.model.internal.AnnotatedColumn  : Binding column: AnnotatedColumn()
2026-09-05T00:51:44.800-04:00 TRACE 27080 --- [backend] [main] .e.j.e.i.NormalizingIdentifierHelperImpl : Normalizing identifier quoting [cares_KEY]
2026-09-05T00:51:44.800-04:00 DEBUG 27080 --- [backend] [main] o.h.boot.model.internal.AnnotatedColumn  : Binding column: AnnotatedColumn(column='cares_KEY')
2026-09-05T00:51:44.802-04:00 TRACE 27080 --- [backend] [main] .e.j.e.i.NormalizingIdentifierHelperImpl : Normalizing identifier quoting [cares_KEY]
2026-09-05T00:51:44.802-04:00 DEBUG 27080 --- [backend] [main] o.h.boot.model.internal.AnnotatedColumn  : Binding column: AnnotatedJoinColumn(column='cares_KEY')
2026-09-05T00:51:44.803-04:00 TRACE 27080 --- [backend] [main] .e.j.e.i.NormalizingIdentifierHelperImpl : Normalizing identifier quoting [invoice_id]
2026-09-05T00:51:44.803-04:00 DEBUG 27080 --- [backend] [main] o.h.boot.model.internal.AnnotatedColumn  : Binding column: AnnotatedJoinColumn(column='invoice_id')
2026-09-05T00:51:44.803-04:00 TRACE 27080 --- [backend] [main] .e.j.e.i.NormalizingIdentifierHelperImpl : Normalizing identifier quoting [care_id]
2026-09-05T00:51:44.803-04:00 DEBUG 27080 --- [backend] [main] o.h.boot.model.internal.AnnotatedColumn  : Binding column: AnnotatedJoinColumn(column='care_id')
2026-09-05T00:51:44.805-04:00 DEBUG 27080 --- [backend] [HikariPool-1 connection adder] com.zaxxer.hikari.pool.HikariPool        : HikariPool-1 - Added connection com.mysql.cj.jdbc.ConnectionImpl@311cbb58
2026-09-05T00:51:44.806-04:00 DEBUG 27080 --- [backend] [main] o.h.b.model.internal.CollectionBinder    : Collection role: com.duoc.backend.Invoice.Invoice.cares
2026-09-05T00:51:44.808-04:00 DEBUG 27080 --- [backend] [main] o.h.boot.model.internal.PropertyBinder   : Building property cares
2026-09-05T00:51:44.808-04:00 TRACE 27080 --- [backend] [main] o.h.boot.model.internal.PropertyBinder   : Cascading cares with none
2026-09-05T00:51:44.808-04:00 TRACE 27080 --- [backend] [main] o.h.boot.model.internal.PropertyBinder   : Processing annotations of com.duoc.backend.Invoice.Invoice.date
2026-09-05T00:51:44.808-04:00 TRACE 27080 --- [backend] [main] .e.j.e.i.NormalizingIdentifierHelperImpl : Normalizing identifier quoting [date]
2026-09-05T00:51:44.808-04:00 TRACE 27080 --- [backend] [main] .e.j.e.i.NormalizingIdentifierHelperImpl : Normalizing identifier quoting [date]
2026-09-05T00:51:44.808-04:00 DEBUG 27080 --- [backend] [main] o.h.boot.model.internal.AnnotatedColumn  : Binding column: AnnotatedColumn()
2026-09-05T00:51:44.809-04:00 DEBUG 27080 --- [backend] [main] o.h.boot.model.internal.PropertyBinder   : MetadataSourceProcessor property date with lazy=false
2026-09-05T00:51:44.809-04:00 DEBUG 27080 --- [backend] [main] o.h.b.m.internal.AbstractPropertyHolder  : Attempting to locate auto-apply AttributeConverter for property [com.duoc.backend.Invoice.Invoice:date]
2026-09-05T00:51:44.809-04:00 DEBUG 27080 --- [backend] [main] o.h.b.model.internal.BasicValueBinder    : building BasicValue for date
2026-09-05T00:51:44.809-04:00 DEBUG 27080 --- [backend] [main] org.hibernate.mapping.BasicValue         : Skipping column re-registration: invoice.date
2026-09-05T00:51:44.809-04:00 TRACE 27080 --- [backend] [main] .e.j.e.i.NormalizingIdentifierHelperImpl : Normalizing identifier quoting [date]
2026-09-05T00:51:44.809-04:00 TRACE 27080 --- [backend] [main] .e.j.e.i.NormalizingIdentifierHelperImpl : Normalizing identifier quoting [date]
2026-09-05T00:51:44.809-04:00 TRACE 27080 --- [backend] [main] .e.j.e.i.NormalizingIdentifierHelperImpl : Normalizing identifier quoting [date]
2026-09-05T00:51:44.809-04:00 DEBUG 27080 --- [backend] [main] o.h.boot.model.internal.PropertyBinder   : Building property date
2026-09-05T00:51:44.809-04:00 TRACE 27080 --- [backend] [main] o.h.boot.model.internal.PropertyBinder   : Cascading date with null
2026-09-05T00:51:44.809-04:00 TRACE 27080 --- [backend] [main] o.h.boot.model.internal.PropertyBinder   : Processing annotations of com.duoc.backend.Invoice.Invoice.medications
2026-09-05T00:51:44.809-04:00 TRACE 27080 --- [backend] [main] .e.j.e.i.NormalizingIdentifierHelperImpl : Normalizing identifier quoting [medications_ORDER]
2026-09-05T00:51:44.809-04:00 DEBUG 27080 --- [backend] [main] o.h.boot.model.internal.AnnotatedColumn  : Binding column: IndexColumn(column='medications_ORDER')
2026-09-05T00:51:44.809-04:00 TRACE 27080 --- [backend] [main] .e.j.e.i.NormalizingIdentifierHelperImpl : Normalizing identifier quoting [element]
2026-09-05T00:51:44.810-04:00 TRACE 27080 --- [backend] [main] .e.j.e.i.NormalizingIdentifierHelperImpl : Normalizing identifier quoting [element]
2026-09-05T00:51:44.810-04:00 DEBUG 27080 --- [backend] [main] o.h.boot.model.internal.AnnotatedColumn  : Binding column: AnnotatedColumn()
2026-09-05T00:51:44.810-04:00 TRACE 27080 --- [backend] [main] .e.j.e.i.NormalizingIdentifierHelperImpl : Normalizing identifier quoting [medications_KEY]
2026-09-05T00:51:44.810-04:00 DEBUG 27080 --- [backend] [main] o.h.boot.model.internal.AnnotatedColumn  : Binding column: AnnotatedColumn(column='medications_KEY')
2026-09-05T00:51:44.810-04:00 TRACE 27080 --- [backend] [main] .e.j.e.i.NormalizingIdentifierHelperImpl : Normalizing identifier quoting [medications_KEY]
2026-09-05T00:51:44.810-04:00 DEBUG 27080 --- [backend] [main] o.h.boot.model.internal.AnnotatedColumn  : Binding column: AnnotatedJoinColumn(column='medications_KEY')
2026-09-05T00:51:44.810-04:00 TRACE 27080 --- [backend] [main] .e.j.e.i.NormalizingIdentifierHelperImpl : Normalizing identifier quoting [invoice_id]
2026-09-05T00:51:44.810-04:00 DEBUG 27080 --- [backend] [main] o.h.boot.model.internal.AnnotatedColumn  : Binding column: AnnotatedJoinColumn(column='invoice_id')
2026-09-05T00:51:44.810-04:00 TRACE 27080 --- [backend] [main] .e.j.e.i.NormalizingIdentifierHelperImpl : Normalizing identifier quoting [medication_id]
2026-09-05T00:51:44.810-04:00 DEBUG 27080 --- [backend] [main] o.h.boot.model.internal.AnnotatedColumn  : Binding column: AnnotatedJoinColumn(column='medication_id')
2026-09-05T00:51:44.811-04:00 DEBUG 27080 --- [backend] [main] o.h.b.model.internal.CollectionBinder    : Collection role: com.duoc.backend.Invoice.Invoice.medications
2026-09-05T00:51:44.811-04:00 DEBUG 27080 --- [backend] [main] o.h.boot.model.internal.PropertyBinder   : Building property medications
2026-09-05T00:51:44.811-04:00 TRACE 27080 --- [backend] [main] o.h.boot.model.internal.PropertyBinder   : Cascading medications with none
2026-09-05T00:51:44.811-04:00 TRACE 27080 --- [backend] [main] o.h.boot.model.internal.PropertyBinder   : Processing annotations of com.duoc.backend.Invoice.Invoice.patientName
2026-09-05T00:51:44.811-04:00 TRACE 27080 --- [backend] [main] .e.j.e.i.NormalizingIdentifierHelperImpl : Normalizing identifier quoting [patientName]
2026-09-05T00:51:44.811-04:00 TRACE 27080 --- [backend] [main] .e.j.e.i.NormalizingIdentifierHelperImpl : Normalizing identifier quoting [patientName]
2026-09-05T00:51:44.811-04:00 DEBUG 27080 --- [backend] [main] o.h.boot.model.internal.AnnotatedColumn  : Binding column: AnnotatedColumn()
2026-09-05T00:51:44.812-04:00 DEBUG 27080 --- [backend] [main] o.h.boot.model.internal.PropertyBinder   : MetadataSourceProcessor property patientName with lazy=false
2026-09-05T00:51:44.812-04:00 DEBUG 27080 --- [backend] [main] o.h.b.m.internal.AbstractPropertyHolder  : Attempting to locate auto-apply AttributeConverter for property [com.duoc.backend.Invoice.Invoice:patientName]
2026-09-05T00:51:44.812-04:00 DEBUG 27080 --- [backend] [main] o.h.b.model.internal.BasicValueBinder    : building BasicValue for patientName
2026-09-05T00:51:44.812-04:00 DEBUG 27080 --- [backend] [main] org.hibernate.mapping.BasicValue         : Skipping column re-registration: invoice.patient_name
2026-09-05T00:51:44.812-04:00 TRACE 27080 --- [backend] [main] .e.j.e.i.NormalizingIdentifierHelperImpl : Normalizing identifier quoting [patientName]
2026-09-05T00:51:44.812-04:00 TRACE 27080 --- [backend] [main] .e.j.e.i.NormalizingIdentifierHelperImpl : Normalizing identifier quoting [patientName]
2026-09-05T00:51:44.812-04:00 TRACE 27080 --- [backend] [main] .e.j.e.i.NormalizingIdentifierHelperImpl : Normalizing identifier quoting [patientName]
2026-09-05T00:51:44.812-04:00 DEBUG 27080 --- [backend] [main] o.h.boot.model.internal.PropertyBinder   : Building property patientName
2026-09-05T00:51:44.812-04:00 TRACE 27080 --- [backend] [main] o.h.boot.model.internal.PropertyBinder   : Cascading patientName with null
2026-09-05T00:51:44.812-04:00 TRACE 27080 --- [backend] [main] o.h.boot.model.internal.PropertyBinder   : Processing annotations of com.duoc.backend.Invoice.Invoice.time
2026-09-05T00:51:44.812-04:00 TRACE 27080 --- [backend] [main] .e.j.e.i.NormalizingIdentifierHelperImpl : Normalizing identifier quoting [time]
2026-09-05T00:51:44.812-04:00 TRACE 27080 --- [backend] [main] .e.j.e.i.NormalizingIdentifierHelperImpl : Normalizing identifier quoting [time]
2026-09-05T00:51:44.812-04:00 DEBUG 27080 --- [backend] [main] o.h.boot.model.internal.AnnotatedColumn  : Binding column: AnnotatedColumn()
2026-09-05T00:51:44.812-04:00 DEBUG 27080 --- [backend] [main] o.h.boot.model.internal.PropertyBinder   : MetadataSourceProcessor property time with lazy=false
2026-09-05T00:51:44.812-04:00 DEBUG 27080 --- [backend] [main] o.h.b.m.internal.AbstractPropertyHolder  : Attempting to locate auto-apply AttributeConverter for property [com.duoc.backend.Invoice.Invoice:time]
2026-09-05T00:51:44.812-04:00 DEBUG 27080 --- [backend] [main] o.h.b.model.internal.BasicValueBinder    : building BasicValue for time
2026-09-05T00:51:44.812-04:00 DEBUG 27080 --- [backend] [main] org.hibernate.mapping.BasicValue         : Skipping column re-registration: invoice.time
2026-09-05T00:51:44.813-04:00 TRACE 27080 --- [backend] [main] .e.j.e.i.NormalizingIdentifierHelperImpl : Normalizing identifier quoting [time]
2026-09-05T00:51:44.813-04:00 TRACE 27080 --- [backend] [main] .e.j.e.i.NormalizingIdentifierHelperImpl : Normalizing identifier quoting [time]
2026-09-05T00:51:44.813-04:00 TRACE 27080 --- [backend] [main] .e.j.e.i.NormalizingIdentifierHelperImpl : Normalizing identifier quoting [time]
2026-09-05T00:51:44.813-04:00 DEBUG 27080 --- [backend] [main] o.h.boot.model.internal.PropertyBinder   : Building property time
2026-09-05T00:51:44.813-04:00 TRACE 27080 --- [backend] [main] o.h.boot.model.internal.PropertyBinder   : Cascading time with null
2026-09-05T00:51:44.813-04:00 TRACE 27080 --- [backend] [main] o.h.boot.model.internal.PropertyBinder   : Processing annotations of com.duoc.backend.Invoice.Invoice.totalCost
2026-09-05T00:51:44.813-04:00 TRACE 27080 --- [backend] [main] .e.j.e.i.NormalizingIdentifierHelperImpl : Normalizing identifier quoting [totalCost]
2026-09-05T00:51:44.813-04:00 TRACE 27080 --- [backend] [main] .e.j.e.i.NormalizingIdentifierHelperImpl : Normalizing identifier quoting [totalCost]
2026-09-05T00:51:44.813-04:00 DEBUG 27080 --- [backend] [main] o.h.boot.model.internal.AnnotatedColumn  : Binding column: AnnotatedColumn()
2026-09-05T00:51:44.813-04:00 DEBUG 27080 --- [backend] [main] o.h.boot.model.internal.PropertyBinder   : MetadataSourceProcessor property totalCost with lazy=false
2026-09-05T00:51:44.813-04:00 DEBUG 27080 --- [backend] [main] o.h.b.m.internal.AbstractPropertyHolder  : Attempting to locate auto-apply AttributeConverter for property [com.duoc.backend.Invoice.Invoice:totalCost]
2026-09-05T00:51:44.813-04:00 DEBUG 27080 --- [backend] [main] o.h.b.model.internal.BasicValueBinder    : building BasicValue for totalCost
2026-09-05T00:51:44.814-04:00 DEBUG 27080 --- [backend] [main] org.hibernate.mapping.BasicValue         : Skipping column re-registration: invoice.total_cost
2026-09-05T00:51:44.814-04:00 TRACE 27080 --- [backend] [main] .e.j.e.i.NormalizingIdentifierHelperImpl : Normalizing identifier quoting [totalCost]
2026-09-05T00:51:44.814-04:00 TRACE 27080 --- [backend] [main] .e.j.e.i.NormalizingIdentifierHelperImpl : Normalizing identifier quoting [totalCost]
2026-09-05T00:51:44.814-04:00 TRACE 27080 --- [backend] [main] .e.j.e.i.NormalizingIdentifierHelperImpl : Normalizing identifier quoting [totalCost]
2026-09-05T00:51:44.814-04:00 DEBUG 27080 --- [backend] [main] o.h.boot.model.internal.PropertyBinder   : Building property totalCost
2026-09-05T00:51:44.814-04:00 TRACE 27080 --- [backend] [main] o.h.boot.model.internal.PropertyBinder   : Cascading totalCost with null
2026-09-05T00:51:44.814-04:00 DEBUG 27080 --- [backend] [main] o.h.b.r.c.i.ClassLoaderServiceImpl       : HHH000194: Package not found or no package-info.java: com.duoc.backend.Invoice
2026-09-05T00:51:44.815-04:00 DEBUG 27080 --- [backend] [main] o.h.boot.model.internal.EntityBinder     : Binding entity from annotated class: com.duoc.backend.Medication.Medication
2026-09-05T00:51:44.815-04:00 DEBUG 27080 --- [backend] [main] o.h.boot.model.internal.EntityBinder     : Import with entity name Medication
2026-09-05T00:51:44.815-04:00 TRACE 27080 --- [backend] [main] o.h.b.i.InFlightMetadataCollectorImpl    : Import: Medication -> com.duoc.backend.Medication.Medication
2026-09-05T00:51:44.815-04:00 TRACE 27080 --- [backend] [main] o.h.b.i.InFlightMetadataCollectorImpl    : Import: com.duoc.backend.Medication.Medication -> com.duoc.backend.Medication.Medication
2026-09-05T00:51:44.815-04:00 TRACE 27080 --- [backend] [main] .e.j.e.i.NormalizingIdentifierHelperImpl : Normalizing identifier quoting [Medication]
2026-09-05T00:51:44.815-04:00 TRACE 27080 --- [backend] [main] .e.j.e.i.NormalizingIdentifierHelperImpl : Normalizing identifier quoting [Medication]
2026-09-05T00:51:44.816-04:00 DEBUG 27080 --- [backend] [main] o.h.boot.model.internal.EntityBinder     : Bind entity com.duoc.backend.Medication.Medication on table medication
2026-09-05T00:51:44.816-04:00 TRACE 27080 --- [backend] [main] .e.j.e.i.NormalizingIdentifierHelperImpl : Normalizing identifier quoting [DTYPE]
2026-09-05T00:51:44.816-04:00 DEBUG 27080 --- [backend] [main] o.h.boot.model.internal.AnnotatedColumn  : Binding column: AnnotatedDiscriminatorColumn(column='DTYPE')
2026-09-05T00:51:44.816-04:00 TRACE 27080 --- [backend] [main] o.h.boot.model.internal.PropertyBinder   : Processing annotations of com.duoc.backend.Medication.Medication.id
2026-09-05T00:51:44.816-04:00 TRACE 27080 --- [backend] [main] .e.j.e.i.NormalizingIdentifierHelperImpl : Normalizing identifier quoting [id]
2026-09-05T00:51:44.816-04:00 TRACE 27080 --- [backend] [main] .e.j.e.i.NormalizingIdentifierHelperImpl : Normalizing identifier quoting [id]
2026-09-05T00:51:44.816-04:00 DEBUG 27080 --- [backend] [main] o.h.boot.model.internal.AnnotatedColumn  : Binding column: AnnotatedColumn()
2026-09-05T00:51:44.816-04:00 DEBUG 27080 --- [backend] [main] o.h.boot.internal.ClassLoaderAccessImpl  : Not known whether passed class name [com.duoc.backend.Medication.Medication] is safe
2026-09-05T00:51:44.816-04:00 DEBUG 27080 --- [backend] [main] o.h.boot.internal.ClassLoaderAccessImpl  : No temp ClassLoader provided; using live ClassLoader for loading potentially unsafe class : com.duoc.backend.Medication.Medication
2026-09-05T00:51:44.816-04:00 DEBUG 27080 --- [backend] [main] o.h.boot.model.internal.PropertyBinder   : MetadataSourceProcessor property id with lazy=false
2026-09-05T00:51:44.817-04:00 DEBUG 27080 --- [backend] [main] o.h.b.m.internal.AbstractPropertyHolder  : Attempting to locate auto-apply AttributeConverter for property [com.duoc.backend.Medication.Medication:id]
2026-09-05T00:51:44.817-04:00 DEBUG 27080 --- [backend] [main] o.h.b.model.internal.BasicValueBinder    : building BasicValue for id
2026-09-05T00:51:44.817-04:00 DEBUG 27080 --- [backend] [main] org.hibernate.mapping.BasicValue         : Skipping column re-registration: medication.id
2026-09-05T00:51:44.817-04:00 TRACE 27080 --- [backend] [main] .e.j.e.i.NormalizingIdentifierHelperImpl : Normalizing identifier quoting [id]
2026-09-05T00:51:44.817-04:00 TRACE 27080 --- [backend] [main] .e.j.e.i.NormalizingIdentifierHelperImpl : Normalizing identifier quoting [id]
2026-09-05T00:51:44.817-04:00 TRACE 27080 --- [backend] [main] .e.j.e.i.NormalizingIdentifierHelperImpl : Normalizing identifier quoting [id]
2026-09-05T00:51:44.817-04:00 DEBUG 27080 --- [backend] [main] o.h.boot.model.internal.PropertyBinder   : Building property id
2026-09-05T00:51:44.817-04:00 TRACE 27080 --- [backend] [main] o.h.boot.model.internal.PropertyBinder   : Cascading id with null
2026-09-05T00:51:44.817-04:00 DEBUG 27080 --- [backend] [main] o.h.boot.model.internal.BinderHelper     : #makeIdGenerator(BasicValue([Column(id)]), id, org.hibernate.id.enhanced.SequenceStyleGenerator, , ...)
2026-09-05T00:51:44.817-04:00 TRACE 27080 --- [backend] [main] o.h.boot.model.internal.PropertyBinder   : Bind @Id on id
2026-09-05T00:51:44.817-04:00 TRACE 27080 --- [backend] [main] o.h.boot.model.internal.PropertyBinder   : Processing annotations of com.duoc.backend.Medication.Medication.cost
2026-09-05T00:51:44.817-04:00 TRACE 27080 --- [backend] [main] .e.j.e.i.NormalizingIdentifierHelperImpl : Normalizing identifier quoting [cost]
2026-09-05T00:51:44.817-04:00 TRACE 27080 --- [backend] [main] .e.j.e.i.NormalizingIdentifierHelperImpl : Normalizing identifier quoting [cost]
2026-09-05T00:51:44.817-04:00 DEBUG 27080 --- [backend] [main] o.h.boot.model.internal.AnnotatedColumn  : Binding column: AnnotatedColumn()
2026-09-05T00:51:44.818-04:00 DEBUG 27080 --- [backend] [main] o.h.boot.model.internal.PropertyBinder   : MetadataSourceProcessor property cost with lazy=false
2026-09-05T00:51:44.818-04:00 DEBUG 27080 --- [backend] [main] o.h.b.m.internal.AbstractPropertyHolder  : Attempting to locate auto-apply AttributeConverter for property [com.duoc.backend.Medication.Medication:cost]
2026-09-05T00:51:44.818-04:00 DEBUG 27080 --- [backend] [main] o.h.b.model.internal.BasicValueBinder    : building BasicValue for cost
2026-09-05T00:51:44.818-04:00 DEBUG 27080 --- [backend] [main] org.hibernate.mapping.BasicValue         : Skipping column re-registration: medication.cost
2026-09-05T00:51:44.818-04:00 TRACE 27080 --- [backend] [main] .e.j.e.i.NormalizingIdentifierHelperImpl : Normalizing identifier quoting [cost]
2026-09-05T00:51:44.818-04:00 TRACE 27080 --- [backend] [main] .e.j.e.i.NormalizingIdentifierHelperImpl : Normalizing identifier quoting [cost]
2026-09-05T00:51:44.818-04:00 TRACE 27080 --- [backend] [main] .e.j.e.i.NormalizingIdentifierHelperImpl : Normalizing identifier quoting [cost]
2026-09-05T00:51:44.818-04:00 DEBUG 27080 --- [backend] [main] o.h.boot.model.internal.PropertyBinder   : Building property cost
2026-09-05T00:51:44.818-04:00 TRACE 27080 --- [backend] [main] o.h.boot.model.internal.PropertyBinder   : Cascading cost with null
2026-09-05T00:51:44.818-04:00 TRACE 27080 --- [backend] [main] o.h.boot.model.internal.PropertyBinder   : Processing annotations of com.duoc.backend.Medication.Medication.name
2026-09-05T00:51:44.818-04:00 TRACE 27080 --- [backend] [main] .e.j.e.i.NormalizingIdentifierHelperImpl : Normalizing identifier quoting [name]
2026-09-05T00:51:44.818-04:00 TRACE 27080 --- [backend] [main] .e.j.e.i.NormalizingIdentifierHelperImpl : Normalizing identifier quoting [name]
2026-09-05T00:51:44.818-04:00 DEBUG 27080 --- [backend] [main] o.h.boot.model.internal.AnnotatedColumn  : Binding column: AnnotatedColumn()
2026-09-05T00:51:44.818-04:00 DEBUG 27080 --- [backend] [main] o.h.boot.model.internal.PropertyBinder   : MetadataSourceProcessor property name with lazy=false
2026-09-05T00:51:44.818-04:00 DEBUG 27080 --- [backend] [main] o.h.b.m.internal.AbstractPropertyHolder  : Attempting to locate auto-apply AttributeConverter for property [com.duoc.backend.Medication.Medication:name]
2026-09-05T00:51:44.819-04:00 DEBUG 27080 --- [backend] [main] o.h.b.model.internal.BasicValueBinder    : building BasicValue for name
2026-09-05T00:51:44.819-04:00 DEBUG 27080 --- [backend] [main] org.hibernate.mapping.BasicValue         : Skipping column re-registration: medication.name
2026-09-05T00:51:44.819-04:00 TRACE 27080 --- [backend] [main] .e.j.e.i.NormalizingIdentifierHelperImpl : Normalizing identifier quoting [name]
2026-09-05T00:51:44.819-04:00 TRACE 27080 --- [backend] [main] .e.j.e.i.NormalizingIdentifierHelperImpl : Normalizing identifier quoting [name]
2026-09-05T00:51:44.819-04:00 TRACE 27080 --- [backend] [main] .e.j.e.i.NormalizingIdentifierHelperImpl : Normalizing identifier quoting [name]
2026-09-05T00:51:44.819-04:00 DEBUG 27080 --- [backend] [main] o.h.boot.model.internal.PropertyBinder   : Building property name
2026-09-05T00:51:44.819-04:00 TRACE 27080 --- [backend] [main] o.h.boot.model.internal.PropertyBinder   : Cascading name with null
2026-09-05T00:51:44.819-04:00 DEBUG 27080 --- [backend] [main] o.h.b.r.c.i.ClassLoaderServiceImpl       : HHH000194: Package not found or no package-info.java: com.duoc.backend.Medication
2026-09-05T00:51:44.820-04:00 DEBUG 27080 --- [backend] [main] o.h.boot.model.internal.EntityBinder     : Binding entity from annotated class: com.duoc.backend.Patient.Patient
2026-09-05T00:51:44.820-04:00 DEBUG 27080 --- [backend] [main] o.h.boot.model.internal.EntityBinder     : Import with entity name Patient
2026-09-05T00:51:44.820-04:00 TRACE 27080 --- [backend] [main] o.h.b.i.InFlightMetadataCollectorImpl    : Import: Patient -> com.duoc.backend.Patient.Patient
2026-09-05T00:51:44.820-04:00 TRACE 27080 --- [backend] [main] o.h.b.i.InFlightMetadataCollectorImpl    : Import: com.duoc.backend.Patient.Patient -> com.duoc.backend.Patient.Patient
2026-09-05T00:51:44.820-04:00 TRACE 27080 --- [backend] [main] .e.j.e.i.NormalizingIdentifierHelperImpl : Normalizing identifier quoting [Patient]
2026-09-05T00:51:44.820-04:00 TRACE 27080 --- [backend] [main] .e.j.e.i.NormalizingIdentifierHelperImpl : Normalizing identifier quoting [Patient]
2026-09-05T00:51:44.820-04:00 DEBUG 27080 --- [backend] [main] o.h.boot.model.internal.EntityBinder     : Bind entity com.duoc.backend.Patient.Patient on table patient
2026-09-05T00:51:44.820-04:00 TRACE 27080 --- [backend] [main] .e.j.e.i.NormalizingIdentifierHelperImpl : Normalizing identifier quoting [DTYPE]
2026-09-05T00:51:44.820-04:00 DEBUG 27080 --- [backend] [main] o.h.boot.model.internal.AnnotatedColumn  : Binding column: AnnotatedDiscriminatorColumn(column='DTYPE')
2026-09-05T00:51:44.821-04:00 TRACE 27080 --- [backend] [main] o.h.boot.model.internal.PropertyBinder   : Processing annotations of com.duoc.backend.Patient.Patient.id
2026-09-05T00:51:44.821-04:00 TRACE 27080 --- [backend] [main] .e.j.e.i.NormalizingIdentifierHelperImpl : Normalizing identifier quoting [id]
2026-09-05T00:51:44.821-04:00 TRACE 27080 --- [backend] [main] .e.j.e.i.NormalizingIdentifierHelperImpl : Normalizing identifier quoting [id]
2026-09-05T00:51:44.821-04:00 DEBUG 27080 --- [backend] [main] o.h.boot.model.internal.AnnotatedColumn  : Binding column: AnnotatedColumn()
2026-09-05T00:51:44.821-04:00 DEBUG 27080 --- [backend] [main] o.h.boot.internal.ClassLoaderAccessImpl  : Not known whether passed class name [com.duoc.backend.Patient.Patient] is safe
2026-09-05T00:51:44.821-04:00 DEBUG 27080 --- [backend] [main] o.h.boot.internal.ClassLoaderAccessImpl  : No temp ClassLoader provided; using live ClassLoader for loading potentially unsafe class : com.duoc.backend.Patient.Patient
2026-09-05T00:51:44.821-04:00 DEBUG 27080 --- [backend] [main] o.h.boot.model.internal.PropertyBinder   : MetadataSourceProcessor property id with lazy=false
2026-09-05T00:51:44.821-04:00 DEBUG 27080 --- [backend] [main] o.h.b.m.internal.AbstractPropertyHolder  : Attempting to locate auto-apply AttributeConverter for property [com.duoc.backend.Patient.Patient:id]
2026-09-05T00:51:44.821-04:00 DEBUG 27080 --- [backend] [main] o.h.b.model.internal.BasicValueBinder    : building BasicValue for id
2026-09-05T00:51:44.821-04:00 DEBUG 27080 --- [backend] [main] org.hibernate.mapping.BasicValue         : Skipping column re-registration: patient.id
2026-09-05T00:51:44.821-04:00 TRACE 27080 --- [backend] [main] .e.j.e.i.NormalizingIdentifierHelperImpl : Normalizing identifier quoting [id]
2026-09-05T00:51:44.821-04:00 TRACE 27080 --- [backend] [main] .e.j.e.i.NormalizingIdentifierHelperImpl : Normalizing identifier quoting [id]
2026-09-05T00:51:44.821-04:00 TRACE 27080 --- [backend] [main] .e.j.e.i.NormalizingIdentifierHelperImpl : Normalizing identifier quoting [id]
2026-09-05T00:51:44.821-04:00 DEBUG 27080 --- [backend] [main] o.h.boot.model.internal.PropertyBinder   : Building property id
2026-09-05T00:51:44.822-04:00 TRACE 27080 --- [backend] [main] o.h.boot.model.internal.PropertyBinder   : Cascading id with null
2026-09-05T00:51:44.822-04:00 DEBUG 27080 --- [backend] [main] o.h.boot.model.internal.BinderHelper     : #makeIdGenerator(BasicValue([Column(id)]), id, org.hibernate.id.enhanced.SequenceStyleGenerator, , ...)
2026-09-05T00:51:44.822-04:00 TRACE 27080 --- [backend] [main] o.h.boot.model.internal.PropertyBinder   : Bind @Id on id
2026-09-05T00:51:44.822-04:00 TRACE 27080 --- [backend] [main] o.h.boot.model.internal.PropertyBinder   : Processing annotations of com.duoc.backend.Patient.Patient.age
2026-09-05T00:51:44.822-04:00 TRACE 27080 --- [backend] [main] .e.j.e.i.NormalizingIdentifierHelperImpl : Normalizing identifier quoting [age]
2026-09-05T00:51:44.822-04:00 TRACE 27080 --- [backend] [main] .e.j.e.i.NormalizingIdentifierHelperImpl : Normalizing identifier quoting [age]
2026-09-05T00:51:44.822-04:00 DEBUG 27080 --- [backend] [main] o.h.boot.model.internal.AnnotatedColumn  : Binding column: AnnotatedColumn()
2026-09-05T00:51:44.822-04:00 DEBUG 27080 --- [backend] [main] o.h.boot.model.internal.PropertyBinder   : MetadataSourceProcessor property age with lazy=false
2026-09-05T00:51:44.822-04:00 DEBUG 27080 --- [backend] [main] o.h.b.m.internal.AbstractPropertyHolder  : Attempting to locate auto-apply AttributeConverter for property [com.duoc.backend.Patient.Patient:age]
2026-09-05T00:51:44.822-04:00 DEBUG 27080 --- [backend] [main] o.h.b.model.internal.BasicValueBinder    : building BasicValue for age
2026-09-05T00:51:44.822-04:00 DEBUG 27080 --- [backend] [main] org.hibernate.mapping.BasicValue         : Skipping column re-registration: patient.age
2026-09-05T00:51:44.822-04:00 TRACE 27080 --- [backend] [main] .e.j.e.i.NormalizingIdentifierHelperImpl : Normalizing identifier quoting [age]
2026-09-05T00:51:44.822-04:00 TRACE 27080 --- [backend] [main] .e.j.e.i.NormalizingIdentifierHelperImpl : Normalizing identifier quoting [age]
2026-09-05T00:51:44.822-04:00 TRACE 27080 --- [backend] [main] .e.j.e.i.NormalizingIdentifierHelperImpl : Normalizing identifier quoting [age]
2026-09-05T00:51:44.822-04:00 DEBUG 27080 --- [backend] [main] o.h.boot.model.internal.PropertyBinder   : Building property age
2026-09-05T00:51:44.822-04:00 TRACE 27080 --- [backend] [main] o.h.boot.model.internal.PropertyBinder   : Cascading age with null
2026-09-05T00:51:44.823-04:00 TRACE 27080 --- [backend] [main] o.h.boot.model.internal.PropertyBinder   : Processing annotations of com.duoc.backend.Patient.Patient.breed
2026-09-05T00:51:44.823-04:00 TRACE 27080 --- [backend] [main] .e.j.e.i.NormalizingIdentifierHelperImpl : Normalizing identifier quoting [breed]
2026-09-05T00:51:44.823-04:00 TRACE 27080 --- [backend] [main] .e.j.e.i.NormalizingIdentifierHelperImpl : Normalizing identifier quoting [breed]
2026-09-05T00:51:44.823-04:00 DEBUG 27080 --- [backend] [main] o.h.boot.model.internal.AnnotatedColumn  : Binding column: AnnotatedColumn()
2026-09-05T00:51:44.823-04:00 DEBUG 27080 --- [backend] [main] o.h.boot.model.internal.PropertyBinder   : MetadataSourceProcessor property breed with lazy=false
2026-09-05T00:51:44.823-04:00 DEBUG 27080 --- [backend] [main] o.h.b.m.internal.AbstractPropertyHolder  : Attempting to locate auto-apply AttributeConverter for property [com.duoc.backend.Patient.Patient:breed]
2026-09-05T00:51:44.823-04:00 DEBUG 27080 --- [backend] [main] o.h.b.model.internal.BasicValueBinder    : building BasicValue for breed
2026-09-05T00:51:44.823-04:00 DEBUG 27080 --- [backend] [main] org.hibernate.mapping.BasicValue         : Skipping column re-registration: patient.breed
2026-09-05T00:51:44.823-04:00 TRACE 27080 --- [backend] [main] .e.j.e.i.NormalizingIdentifierHelperImpl : Normalizing identifier quoting [breed]
2026-09-05T00:51:44.823-04:00 TRACE 27080 --- [backend] [main] .e.j.e.i.NormalizingIdentifierHelperImpl : Normalizing identifier quoting [breed]
2026-09-05T00:51:44.823-04:00 TRACE 27080 --- [backend] [main] .e.j.e.i.NormalizingIdentifierHelperImpl : Normalizing identifier quoting [breed]
2026-09-05T00:51:44.824-04:00 DEBUG 27080 --- [backend] [main] o.h.boot.model.internal.PropertyBinder   : Building property breed
2026-09-05T00:51:44.824-04:00 TRACE 27080 --- [backend] [main] o.h.boot.model.internal.PropertyBinder   : Cascading breed with null
2026-09-05T00:51:44.824-04:00 TRACE 27080 --- [backend] [main] o.h.boot.model.internal.PropertyBinder   : Processing annotations of com.duoc.backend.Patient.Patient.name
2026-09-05T00:51:44.824-04:00 TRACE 27080 --- [backend] [main] .e.j.e.i.NormalizingIdentifierHelperImpl : Normalizing identifier quoting [name]
2026-09-05T00:51:44.824-04:00 TRACE 27080 --- [backend] [main] .e.j.e.i.NormalizingIdentifierHelperImpl : Normalizing identifier quoting [name]
2026-09-05T00:51:44.824-04:00 DEBUG 27080 --- [backend] [main] o.h.boot.model.internal.AnnotatedColumn  : Binding column: AnnotatedColumn()
2026-09-05T00:51:44.824-04:00 DEBUG 27080 --- [backend] [main] o.h.boot.model.internal.PropertyBinder   : MetadataSourceProcessor property name with lazy=false
2026-09-05T00:51:44.824-04:00 DEBUG 27080 --- [backend] [main] o.h.b.m.internal.AbstractPropertyHolder  : Attempting to locate auto-apply AttributeConverter for property [com.duoc.backend.Patient.Patient:name]
2026-09-05T00:51:44.824-04:00 DEBUG 27080 --- [backend] [main] o.h.b.model.internal.BasicValueBinder    : building BasicValue for name
2026-09-05T00:51:44.824-04:00 DEBUG 27080 --- [backend] [main] org.hibernate.mapping.BasicValue         : Skipping column re-registration: patient.name
2026-09-05T00:51:44.825-04:00 TRACE 27080 --- [backend] [main] .e.j.e.i.NormalizingIdentifierHelperImpl : Normalizing identifier quoting [name]
2026-09-05T00:51:44.825-04:00 TRACE 27080 --- [backend] [main] .e.j.e.i.NormalizingIdentifierHelperImpl : Normalizing identifier quoting [name]
2026-09-05T00:51:44.825-04:00 TRACE 27080 --- [backend] [main] .e.j.e.i.NormalizingIdentifierHelperImpl : Normalizing identifier quoting [name]
2026-09-05T00:51:44.825-04:00 DEBUG 27080 --- [backend] [main] o.h.boot.model.internal.PropertyBinder   : Building property name
2026-09-05T00:51:44.825-04:00 TRACE 27080 --- [backend] [main] o.h.boot.model.internal.PropertyBinder   : Cascading name with null
2026-09-05T00:51:44.825-04:00 TRACE 27080 --- [backend] [main] o.h.boot.model.internal.PropertyBinder   : Processing annotations of com.duoc.backend.Patient.Patient.owner
2026-09-05T00:51:44.825-04:00 TRACE 27080 --- [backend] [main] .e.j.e.i.NormalizingIdentifierHelperImpl : Normalizing identifier quoting [owner]
2026-09-05T00:51:44.825-04:00 TRACE 27080 --- [backend] [main] .e.j.e.i.NormalizingIdentifierHelperImpl : Normalizing identifier quoting [owner]
2026-09-05T00:51:44.825-04:00 DEBUG 27080 --- [backend] [main] o.h.boot.model.internal.AnnotatedColumn  : Binding column: AnnotatedColumn()
2026-09-05T00:51:44.825-04:00 DEBUG 27080 --- [backend] [main] o.h.boot.model.internal.PropertyBinder   : MetadataSourceProcessor property owner with lazy=false
2026-09-05T00:51:44.826-04:00 DEBUG 27080 --- [backend] [main] o.h.b.m.internal.AbstractPropertyHolder  : Attempting to locate auto-apply AttributeConverter for property [com.duoc.backend.Patient.Patient:owner]
2026-09-05T00:51:44.826-04:00 DEBUG 27080 --- [backend] [main] o.h.b.model.internal.BasicValueBinder    : building BasicValue for owner
2026-09-05T00:51:44.826-04:00 DEBUG 27080 --- [backend] [main] org.hibernate.mapping.BasicValue         : Skipping column re-registration: patient.owner
2026-09-05T00:51:44.826-04:00 TRACE 27080 --- [backend] [main] .e.j.e.i.NormalizingIdentifierHelperImpl : Normalizing identifier quoting [owner]
2026-09-05T00:51:44.826-04:00 TRACE 27080 --- [backend] [main] .e.j.e.i.NormalizingIdentifierHelperImpl : Normalizing identifier quoting [owner]
2026-09-05T00:51:44.826-04:00 TRACE 27080 --- [backend] [main] .e.j.e.i.NormalizingIdentifierHelperImpl : Normalizing identifier quoting [owner]
2026-09-05T00:51:44.826-04:00 DEBUG 27080 --- [backend] [main] o.h.boot.model.internal.PropertyBinder   : Building property owner
2026-09-05T00:51:44.826-04:00 TRACE 27080 --- [backend] [main] o.h.boot.model.internal.PropertyBinder   : Cascading owner with null
2026-09-05T00:51:44.826-04:00 TRACE 27080 --- [backend] [main] o.h.boot.model.internal.PropertyBinder   : Processing annotations of com.duoc.backend.Patient.Patient.species
2026-09-05T00:51:44.826-04:00 TRACE 27080 --- [backend] [main] .e.j.e.i.NormalizingIdentifierHelperImpl : Normalizing identifier quoting [species]
2026-09-05T00:51:44.826-04:00 TRACE 27080 --- [backend] [main] .e.j.e.i.NormalizingIdentifierHelperImpl : Normalizing identifier quoting [species]
2026-09-05T00:51:44.826-04:00 DEBUG 27080 --- [backend] [main] o.h.boot.model.internal.AnnotatedColumn  : Binding column: AnnotatedColumn()
2026-09-05T00:51:44.826-04:00 DEBUG 27080 --- [backend] [main] o.h.boot.model.internal.PropertyBinder   : MetadataSourceProcessor property species with lazy=false
2026-09-05T00:51:44.827-04:00 DEBUG 27080 --- [backend] [main] o.h.b.m.internal.AbstractPropertyHolder  : Attempting to locate auto-apply AttributeConverter for property [com.duoc.backend.Patient.Patient:species]
2026-09-05T00:51:44.827-04:00 DEBUG 27080 --- [backend] [main] o.h.b.model.internal.BasicValueBinder    : building BasicValue for species
2026-09-05T00:51:44.827-04:00 DEBUG 27080 --- [backend] [main] org.hibernate.mapping.BasicValue         : Skipping column re-registration: patient.species
2026-09-05T00:51:44.827-04:00 TRACE 27080 --- [backend] [main] .e.j.e.i.NormalizingIdentifierHelperImpl : Normalizing identifier quoting [species]
2026-09-05T00:51:44.827-04:00 TRACE 27080 --- [backend] [main] .e.j.e.i.NormalizingIdentifierHelperImpl : Normalizing identifier quoting [species]
2026-09-05T00:51:44.827-04:00 TRACE 27080 --- [backend] [main] .e.j.e.i.NormalizingIdentifierHelperImpl : Normalizing identifier quoting [species]
2026-09-05T00:51:44.827-04:00 DEBUG 27080 --- [backend] [main] o.h.boot.model.internal.PropertyBinder   : Building property species
2026-09-05T00:51:44.827-04:00 TRACE 27080 --- [backend] [main] o.h.boot.model.internal.PropertyBinder   : Cascading species with null
2026-09-05T00:51:44.827-04:00 DEBUG 27080 --- [backend] [main] o.h.b.r.c.i.ClassLoaderServiceImpl       : HHH000194: Package not found or no package-info.java: com.duoc.backend.Patient
2026-09-05T00:51:44.828-04:00 DEBUG 27080 --- [backend] [main] o.h.boot.model.internal.EntityBinder     : Binding entity from annotated class: com.duoc.backend.User
2026-09-05T00:51:44.828-04:00 DEBUG 27080 --- [backend] [main] o.h.boot.model.internal.EntityBinder     : Import with entity name User
2026-09-05T00:51:44.828-04:00 TRACE 27080 --- [backend] [main] o.h.b.i.InFlightMetadataCollectorImpl    : Import: User -> com.duoc.backend.User
2026-09-05T00:51:44.828-04:00 TRACE 27080 --- [backend] [main] o.h.b.i.InFlightMetadataCollectorImpl    : Import: com.duoc.backend.User -> com.duoc.backend.User
2026-09-05T00:51:44.828-04:00 TRACE 27080 --- [backend] [main] .e.j.e.i.NormalizingIdentifierHelperImpl : Normalizing identifier quoting [User]
2026-09-05T00:51:44.828-04:00 TRACE 27080 --- [backend] [main] .e.j.e.i.NormalizingIdentifierHelperImpl : Normalizing identifier quoting [User]
2026-09-05T00:51:44.828-04:00 DEBUG 27080 --- [backend] [main] o.h.boot.model.internal.EntityBinder     : Bind entity com.duoc.backend.User on table user
2026-09-05T00:51:44.828-04:00 TRACE 27080 --- [backend] [main] .e.j.e.i.NormalizingIdentifierHelperImpl : Normalizing identifier quoting [DTYPE]
2026-09-05T00:51:44.828-04:00 DEBUG 27080 --- [backend] [main] o.h.boot.model.internal.AnnotatedColumn  : Binding column: AnnotatedDiscriminatorColumn(column='DTYPE')
2026-09-05T00:51:44.829-04:00 TRACE 27080 --- [backend] [main] o.h.boot.model.internal.PropertyBinder   : Processing annotations of com.duoc.backend.User.id
2026-09-05T00:51:44.829-04:00 TRACE 27080 --- [backend] [main] .e.j.e.i.NormalizingIdentifierHelperImpl : Normalizing identifier quoting [id]
2026-09-05T00:51:44.829-04:00 TRACE 27080 --- [backend] [main] .e.j.e.i.NormalizingIdentifierHelperImpl : Normalizing identifier quoting [id]
2026-09-05T00:51:44.829-04:00 DEBUG 27080 --- [backend] [main] o.h.boot.model.internal.AnnotatedColumn  : Binding column: AnnotatedColumn()
2026-09-05T00:51:44.829-04:00 DEBUG 27080 --- [backend] [main] o.h.boot.internal.ClassLoaderAccessImpl  : Not known whether passed class name [com.duoc.backend.User] is safe
2026-09-05T00:51:44.829-04:00 DEBUG 27080 --- [backend] [main] o.h.boot.internal.ClassLoaderAccessImpl  : No temp ClassLoader provided; using live ClassLoader for loading potentially unsafe class : com.duoc.backend.User
2026-09-05T00:51:44.829-04:00 DEBUG 27080 --- [backend] [main] o.h.boot.model.internal.PropertyBinder   : MetadataSourceProcessor property id with lazy=false
2026-09-05T00:51:44.829-04:00 DEBUG 27080 --- [backend] [main] o.h.b.m.internal.AbstractPropertyHolder  : Attempting to locate auto-apply AttributeConverter for property [com.duoc.backend.User:id]
2026-09-05T00:51:44.829-04:00 DEBUG 27080 --- [backend] [main] o.h.b.model.internal.BasicValueBinder    : building BasicValue for id
2026-09-05T00:51:44.830-04:00 DEBUG 27080 --- [backend] [main] org.hibernate.mapping.BasicValue         : Skipping column re-registration: user.id
2026-09-05T00:51:44.830-04:00 TRACE 27080 --- [backend] [main] .e.j.e.i.NormalizingIdentifierHelperImpl : Normalizing identifier quoting [id]
2026-09-05T00:51:44.830-04:00 TRACE 27080 --- [backend] [main] .e.j.e.i.NormalizingIdentifierHelperImpl : Normalizing identifier quoting [id]
2026-09-05T00:51:44.830-04:00 TRACE 27080 --- [backend] [main] .e.j.e.i.NormalizingIdentifierHelperImpl : Normalizing identifier quoting [id]
2026-09-05T00:51:44.830-04:00 DEBUG 27080 --- [backend] [main] o.h.boot.model.internal.PropertyBinder   : Building property id
2026-09-05T00:51:44.830-04:00 TRACE 27080 --- [backend] [main] o.h.boot.model.internal.PropertyBinder   : Cascading id with null
2026-09-05T00:51:44.830-04:00 DEBUG 27080 --- [backend] [main] o.h.boot.model.internal.BinderHelper     : #makeIdGenerator(BasicValue([Column(id)]), id, org.hibernate.id.enhanced.SequenceStyleGenerator, , ...)
2026-09-05T00:51:44.830-04:00 TRACE 27080 --- [backend] [main] o.h.boot.model.internal.PropertyBinder   : Bind @Id on id
2026-09-05T00:51:44.830-04:00 TRACE 27080 --- [backend] [main] o.h.boot.model.internal.PropertyBinder   : Processing annotations of com.duoc.backend.User.email
2026-09-05T00:51:44.830-04:00 TRACE 27080 --- [backend] [main] .e.j.e.i.NormalizingIdentifierHelperImpl : Normalizing identifier quoting [email]
2026-09-05T00:51:44.830-04:00 TRACE 27080 --- [backend] [main] .e.j.e.i.NormalizingIdentifierHelperImpl : Normalizing identifier quoting [email]
2026-09-05T00:51:44.830-04:00 DEBUG 27080 --- [backend] [main] o.h.boot.model.internal.AnnotatedColumn  : Binding column: AnnotatedColumn()
2026-09-05T00:51:44.830-04:00 DEBUG 27080 --- [backend] [main] o.h.boot.model.internal.PropertyBinder   : MetadataSourceProcessor property email with lazy=false
2026-09-05T00:51:44.831-04:00 DEBUG 27080 --- [backend] [main] o.h.b.m.internal.AbstractPropertyHolder  : Attempting to locate auto-apply AttributeConverter for property [com.duoc.backend.User:email]
2026-09-05T00:51:44.831-04:00 DEBUG 27080 --- [backend] [main] o.h.b.model.internal.BasicValueBinder    : building BasicValue for email
2026-09-05T00:51:44.831-04:00 DEBUG 27080 --- [backend] [main] org.hibernate.mapping.BasicValue         : Skipping column re-registration: user.email
2026-09-05T00:51:44.831-04:00 TRACE 27080 --- [backend] [main] .e.j.e.i.NormalizingIdentifierHelperImpl : Normalizing identifier quoting [email]
2026-09-05T00:51:44.831-04:00 TRACE 27080 --- [backend] [main] .e.j.e.i.NormalizingIdentifierHelperImpl : Normalizing identifier quoting [email]
2026-09-05T00:51:44.831-04:00 TRACE 27080 --- [backend] [main] .e.j.e.i.NormalizingIdentifierHelperImpl : Normalizing identifier quoting [email]
2026-09-05T00:51:44.831-04:00 DEBUG 27080 --- [backend] [main] o.h.boot.model.internal.PropertyBinder   : Building property email
2026-09-05T00:51:44.831-04:00 TRACE 27080 --- [backend] [main] o.h.boot.model.internal.PropertyBinder   : Cascading email with null
2026-09-05T00:51:44.831-04:00 TRACE 27080 --- [backend] [main] o.h.boot.model.internal.PropertyBinder   : Processing annotations of com.duoc.backend.User.password
2026-09-05T00:51:44.831-04:00 TRACE 27080 --- [backend] [main] .e.j.e.i.NormalizingIdentifierHelperImpl : Normalizing identifier quoting [password]
2026-09-05T00:51:44.831-04:00 TRACE 27080 --- [backend] [main] .e.j.e.i.NormalizingIdentifierHelperImpl : Normalizing identifier quoting [password]
2026-09-05T00:51:44.831-04:00 DEBUG 27080 --- [backend] [main] o.h.boot.model.internal.AnnotatedColumn  : Binding column: AnnotatedColumn()
2026-09-05T00:51:44.831-04:00 DEBUG 27080 --- [backend] [main] o.h.boot.model.internal.PropertyBinder   : MetadataSourceProcessor property password with lazy=false
2026-09-05T00:51:44.831-04:00 DEBUG 27080 --- [backend] [main] o.h.b.m.internal.AbstractPropertyHolder  : Attempting to locate auto-apply AttributeConverter for property [com.duoc.backend.User:password]
2026-09-05T00:51:44.832-04:00 DEBUG 27080 --- [backend] [main] o.h.b.model.internal.BasicValueBinder    : building BasicValue for password
2026-09-05T00:51:44.832-04:00 DEBUG 27080 --- [backend] [main] org.hibernate.mapping.BasicValue         : Skipping column re-registration: user.password
2026-09-05T00:51:44.832-04:00 TRACE 27080 --- [backend] [main] .e.j.e.i.NormalizingIdentifierHelperImpl : Normalizing identifier quoting [password]
2026-09-05T00:51:44.832-04:00 TRACE 27080 --- [backend] [main] .e.j.e.i.NormalizingIdentifierHelperImpl : Normalizing identifier quoting [password]
2026-09-05T00:51:44.832-04:00 TRACE 27080 --- [backend] [main] .e.j.e.i.NormalizingIdentifierHelperImpl : Normalizing identifier quoting [password]
2026-09-05T00:51:44.832-04:00 DEBUG 27080 --- [backend] [main] o.h.boot.model.internal.PropertyBinder   : Building property password
2026-09-05T00:51:44.832-04:00 TRACE 27080 --- [backend] [main] o.h.boot.model.internal.PropertyBinder   : Cascading password with null
2026-09-05T00:51:44.832-04:00 TRACE 27080 --- [backend] [main] o.h.boot.model.internal.PropertyBinder   : Processing annotations of com.duoc.backend.User.username
2026-09-05T00:51:44.832-04:00 TRACE 27080 --- [backend] [main] .e.j.e.i.NormalizingIdentifierHelperImpl : Normalizing identifier quoting [username]
2026-09-05T00:51:44.832-04:00 TRACE 27080 --- [backend] [main] .e.j.e.i.NormalizingIdentifierHelperImpl : Normalizing identifier quoting [username]
2026-09-05T00:51:44.832-04:00 DEBUG 27080 --- [backend] [main] o.h.boot.model.internal.AnnotatedColumn  : Binding column: AnnotatedColumn()
2026-09-05T00:51:44.832-04:00 DEBUG 27080 --- [backend] [main] o.h.boot.model.internal.PropertyBinder   : MetadataSourceProcessor property username with lazy=false
2026-09-05T00:51:44.833-04:00 DEBUG 27080 --- [backend] [main] o.h.b.m.internal.AbstractPropertyHolder  : Attempting to locate auto-apply AttributeConverter for property [com.duoc.backend.User:username]
2026-09-05T00:51:44.833-04:00 DEBUG 27080 --- [backend] [main] o.h.b.model.internal.BasicValueBinder    : building BasicValue for username
2026-09-05T00:51:44.833-04:00 DEBUG 27080 --- [backend] [main] org.hibernate.mapping.BasicValue         : Skipping column re-registration: user.username
2026-09-05T00:51:44.833-04:00 TRACE 27080 --- [backend] [main] .e.j.e.i.NormalizingIdentifierHelperImpl : Normalizing identifier quoting [username]
2026-09-05T00:51:44.833-04:00 TRACE 27080 --- [backend] [main] .e.j.e.i.NormalizingIdentifierHelperImpl : Normalizing identifier quoting [username]
2026-09-05T00:51:44.833-04:00 TRACE 27080 --- [backend] [main] .e.j.e.i.NormalizingIdentifierHelperImpl : Normalizing identifier quoting [username]
2026-09-05T00:51:44.833-04:00 DEBUG 27080 --- [backend] [main] o.h.boot.model.internal.PropertyBinder   : Building property username
2026-09-05T00:51:44.833-04:00 TRACE 27080 --- [backend] [main] o.h.boot.model.internal.PropertyBinder   : Cascading username with null
2026-09-05T00:51:44.833-04:00 DEBUG 27080 --- [backend] [main] o.h.b.r.c.i.ClassLoaderServiceImpl       : HHH000194: Package not found or no package-info.java: com.duoc.backend
2026-09-05T00:51:44.834-04:00 DEBUG 27080 --- [backend] [main] o.h.b.model.internal.BasicValueBinder    : Starting `BasicValueBinder#fillSimpleValue` for id
2026-09-05T00:51:44.835-04:00 DEBUG 27080 --- [backend] [main] o.h.b.model.internal.BasicValueBinder    : Starting `BasicValueBinder#fillSimpleValue` for date
2026-09-05T00:51:44.835-04:00 DEBUG 27080 --- [backend] [main] o.h.b.model.internal.BasicValueBinder    : Starting `BasicValueBinder#fillSimpleValue` for reason
2026-09-05T00:51:44.836-04:00 DEBUG 27080 --- [backend] [main] o.h.b.model.internal.BasicValueBinder    : Starting `BasicValueBinder#fillSimpleValue` for time
2026-09-05T00:51:44.836-04:00 DEBUG 27080 --- [backend] [HikariPool-1 connection adder] com.zaxxer.hikari.pool.HikariPool        : HikariPool-1 - After adding stats (total=5, active=0, idle=5, waiting=0)
2026-09-05T00:51:44.836-04:00 DEBUG 27080 --- [backend] [main] o.h.b.model.internal.BasicValueBinder    : Starting `BasicValueBinder#fillSimpleValue` for veterinarian
2026-09-05T00:51:44.836-04:00 DEBUG 27080 --- [backend] [main] o.h.b.model.internal.BasicValueBinder    : Starting `BasicValueBinder#fillSimpleValue` for id
2026-09-05T00:51:44.836-04:00 DEBUG 27080 --- [backend] [main] o.h.b.model.internal.BasicValueBinder    : Starting `BasicValueBinder#fillSimpleValue` for cost
2026-09-05T00:51:44.836-04:00 DEBUG 27080 --- [backend] [main] o.h.b.model.internal.BasicValueBinder    : Starting `BasicValueBinder#fillSimpleValue` for name
2026-09-05T00:51:44.836-04:00 DEBUG 27080 --- [backend] [main] o.h.b.model.internal.BasicValueBinder    : Starting `BasicValueBinder#fillSimpleValue` for id
2026-09-05T00:51:44.836-04:00 DEBUG 27080 --- [backend] [main] o.h.b.model.internal.BasicValueBinder    : Starting `BasicValueBinder#fillSimpleValue` for date
2026-09-05T00:51:44.836-04:00 DEBUG 27080 --- [backend] [main] o.h.b.model.internal.BasicValueBinder    : Starting `BasicValueBinder#fillSimpleValue` for patientName
2026-09-05T00:51:44.836-04:00 DEBUG 27080 --- [backend] [main] o.h.b.model.internal.BasicValueBinder    : Starting `BasicValueBinder#fillSimpleValue` for time
2026-09-05T00:51:44.836-04:00 DEBUG 27080 --- [backend] [main] o.h.b.model.internal.BasicValueBinder    : Starting `BasicValueBinder#fillSimpleValue` for totalCost
2026-09-05T00:51:44.836-04:00 DEBUG 27080 --- [backend] [main] o.h.b.model.internal.BasicValueBinder    : Starting `BasicValueBinder#fillSimpleValue` for id
2026-09-05T00:51:44.836-04:00 DEBUG 27080 --- [backend] [main] o.h.b.model.internal.BasicValueBinder    : Starting `BasicValueBinder#fillSimpleValue` for cost
2026-09-05T00:51:44.836-04:00 DEBUG 27080 --- [backend] [main] o.h.b.model.internal.BasicValueBinder    : Starting `BasicValueBinder#fillSimpleValue` for name
2026-09-05T00:51:44.836-04:00 DEBUG 27080 --- [backend] [main] o.h.b.model.internal.BasicValueBinder    : Starting `BasicValueBinder#fillSimpleValue` for id
2026-09-05T00:51:44.836-04:00 DEBUG 27080 --- [backend] [main] o.h.b.model.internal.BasicValueBinder    : Starting `BasicValueBinder#fillSimpleValue` for age
2026-09-05T00:51:44.836-04:00 DEBUG 27080 --- [backend] [main] o.h.b.model.internal.BasicValueBinder    : Starting `BasicValueBinder#fillSimpleValue` for breed
2026-09-05T00:51:44.836-04:00 DEBUG 27080 --- [backend] [main] o.h.b.model.internal.BasicValueBinder    : Starting `BasicValueBinder#fillSimpleValue` for name
2026-09-05T00:51:44.836-04:00 DEBUG 27080 --- [backend] [main] o.h.b.model.internal.BasicValueBinder    : Starting `BasicValueBinder#fillSimpleValue` for owner
2026-09-05T00:51:44.836-04:00 DEBUG 27080 --- [backend] [main] o.h.b.model.internal.BasicValueBinder    : Starting `BasicValueBinder#fillSimpleValue` for species
2026-09-05T00:51:44.836-04:00 DEBUG 27080 --- [backend] [main] o.h.b.model.internal.BasicValueBinder    : Starting `BasicValueBinder#fillSimpleValue` for id
2026-09-05T00:51:44.837-04:00 DEBUG 27080 --- [backend] [main] o.h.b.model.internal.BasicValueBinder    : Starting `BasicValueBinder#fillSimpleValue` for email
2026-09-05T00:51:44.837-04:00 DEBUG 27080 --- [backend] [main] o.h.b.model.internal.BasicValueBinder    : Starting `BasicValueBinder#fillSimpleValue` for password
2026-09-05T00:51:44.837-04:00 DEBUG 27080 --- [backend] [main] o.h.b.model.internal.BasicValueBinder    : Starting `BasicValueBinder#fillSimpleValue` for username
2026-09-05T00:51:44.842-04:00 DEBUG 27080 --- [backend] [main] org.hibernate.mapping.PrimaryKey         : Forcing column [id] to be non-null as it is part of the primary key for table [appointment]
2026-09-05T00:51:44.843-04:00 DEBUG 27080 --- [backend] [main] org.hibernate.mapping.PrimaryKey         : Forcing column [id] to be non-null as it is part of the primary key for table [care]
2026-09-05T00:51:44.843-04:00 DEBUG 27080 --- [backend] [main] org.hibernate.mapping.PrimaryKey         : Forcing column [id] to be non-null as it is part of the primary key for table [invoice]
2026-09-05T00:51:44.843-04:00 DEBUG 27080 --- [backend] [main] org.hibernate.mapping.PrimaryKey         : Forcing column [id] to be non-null as it is part of the primary key for table [medication]
2026-09-05T00:51:44.843-04:00 DEBUG 27080 --- [backend] [main] org.hibernate.mapping.PrimaryKey         : Forcing column [id] to be non-null as it is part of the primary key for table [patient]
2026-09-05T00:51:44.843-04:00 DEBUG 27080 --- [backend] [main] org.hibernate.mapping.PrimaryKey         : Forcing column [id] to be non-null as it is part of the primary key for table [user]
2026-09-05T00:51:44.843-04:00 DEBUG 27080 --- [backend] [main] o.h.b.m.internal.CollectionSecondPass    : Second pass for collection: com.duoc.backend.Invoice.Invoice.medications
2026-09-05T00:51:44.844-04:00 DEBUG 27080 --- [backend] [main] o.h.b.model.internal.CollectionBinder    : Binding a ManyToMany: com.duoc.backend.Invoice.Invoice.medications
2026-09-05T00:51:44.844-04:00 TRACE 27080 --- [backend] [main] .e.j.e.i.NormalizingIdentifierHelperImpl : Normalizing identifier quoting [null]
2026-09-05T00:51:44.845-04:00 TRACE 27080 --- [backend] [main] .e.j.e.i.NormalizingIdentifierHelperImpl : Normalizing identifier quoting [invoice_medications]
2026-09-05T00:51:44.845-04:00 TRACE 27080 --- [backend] [main] .e.j.e.i.NormalizingIdentifierHelperImpl : Normalizing identifier quoting [invoice_medications]
2026-09-05T00:51:44.845-04:00 DEBUG 27080 --- [backend] [main] o.h.b.r.c.i.ClassLoaderServiceImpl       : HHH000194: Package not found or no package-info.java: com.duoc.backend.Invoice
2026-09-05T00:51:44.846-04:00 TRACE 27080 --- [backend] [main] .e.j.e.i.NormalizingIdentifierHelperImpl : Normalizing identifier quoting [invoice_id]
2026-09-05T00:51:44.847-04:00 TRACE 27080 --- [backend] [main] .e.j.e.i.NormalizingIdentifierHelperImpl : Normalizing identifier quoting [invoice_id]
2026-09-05T00:51:44.847-04:00 TRACE 27080 --- [backend] [main] .e.j.e.i.NormalizingIdentifierHelperImpl : Normalizing identifier quoting [invoice_id]
2026-09-05T00:51:44.847-04:00 TRACE 27080 --- [backend] [main] .e.j.e.i.NormalizingIdentifierHelperImpl : Normalizing identifier quoting [medication_id]
2026-09-05T00:51:44.847-04:00 TRACE 27080 --- [backend] [main] .e.j.e.i.NormalizingIdentifierHelperImpl : Normalizing identifier quoting [medication_id]
2026-09-05T00:51:44.847-04:00 TRACE 27080 --- [backend] [main] .e.j.e.i.NormalizingIdentifierHelperImpl : Normalizing identifier quoting [medication_id]
2026-09-05T00:51:44.852-04:00 DEBUG 27080 --- [backend] [main] o.h.b.m.internal.CollectionSecondPass    : Mapped collection key: invoice_id, element: medication_id
2026-09-05T00:51:44.852-04:00 DEBUG 27080 --- [backend] [main] o.h.b.m.internal.CollectionSecondPass    : Second pass for collection: com.duoc.backend.Invoice.Invoice.cares
2026-09-05T00:51:44.852-04:00 DEBUG 27080 --- [backend] [main] o.h.b.model.internal.CollectionBinder    : Binding a ManyToMany: com.duoc.backend.Invoice.Invoice.cares
2026-09-05T00:51:44.853-04:00 TRACE 27080 --- [backend] [main] .e.j.e.i.NormalizingIdentifierHelperImpl : Normalizing identifier quoting [null]
2026-09-05T00:51:44.853-04:00 TRACE 27080 --- [backend] [main] .e.j.e.i.NormalizingIdentifierHelperImpl : Normalizing identifier quoting [invoice_cares]
2026-09-05T00:51:44.853-04:00 TRACE 27080 --- [backend] [main] .e.j.e.i.NormalizingIdentifierHelperImpl : Normalizing identifier quoting [invoice_cares]
2026-09-05T00:51:44.853-04:00 DEBUG 27080 --- [backend] [main] o.h.b.r.c.i.ClassLoaderServiceImpl       : HHH000194: Package not found or no package-info.java: com.duoc.backend.Invoice
2026-09-05T00:51:44.853-04:00 TRACE 27080 --- [backend] [main] .e.j.e.i.NormalizingIdentifierHelperImpl : Normalizing identifier quoting [invoice_id]
2026-09-05T00:51:44.853-04:00 TRACE 27080 --- [backend] [main] .e.j.e.i.NormalizingIdentifierHelperImpl : Normalizing identifier quoting [invoice_id]
2026-09-05T00:51:44.854-04:00 TRACE 27080 --- [backend] [main] .e.j.e.i.NormalizingIdentifierHelperImpl : Normalizing identifier quoting [invoice_id]
2026-09-05T00:51:44.854-04:00 TRACE 27080 --- [backend] [main] .e.j.e.i.NormalizingIdentifierHelperImpl : Normalizing identifier quoting [care_id]
2026-09-05T00:51:44.854-04:00 TRACE 27080 --- [backend] [main] .e.j.e.i.NormalizingIdentifierHelperImpl : Normalizing identifier quoting [care_id]
2026-09-05T00:51:44.854-04:00 TRACE 27080 --- [backend] [main] .e.j.e.i.NormalizingIdentifierHelperImpl : Normalizing identifier quoting [care_id]
2026-09-05T00:51:44.854-04:00 DEBUG 27080 --- [backend] [main] o.h.b.m.internal.CollectionSecondPass    : Mapped collection key: invoice_id, element: care_id
2026-09-05T00:51:44.856-04:00 DEBUG 27080 --- [backend] [HikariPool-1 connection adder] com.zaxxer.hikari.pool.HikariPool        : HikariPool-1 - Added connection com.mysql.cj.jdbc.ConnectionImpl@3552e6ed
2026-09-05T00:51:44.857-04:00 TRACE 27080 --- [backend] [main] .e.j.e.i.NormalizingIdentifierHelperImpl : Normalizing identifier quoting [care_id]
2026-09-05T00:51:44.859-04:00 TRACE 27080 --- [backend] [main] .e.j.e.i.NormalizingIdentifierHelperImpl : Normalizing identifier quoting [FKau8qu4t7d1osbj4ppqc5i8rt3]
2026-09-05T00:51:44.859-04:00 TRACE 27080 --- [backend] [main] .e.j.e.i.NormalizingIdentifierHelperImpl : Normalizing identifier quoting [invoice_id]
2026-09-05T00:51:44.859-04:00 TRACE 27080 --- [backend] [main] .e.j.e.i.NormalizingIdentifierHelperImpl : Normalizing identifier quoting [FK462enuejhe9cpr95ort9dw2ge]
2026-09-05T00:51:44.859-04:00 TRACE 27080 --- [backend] [main] .e.j.e.i.NormalizingIdentifierHelperImpl : Normalizing identifier quoting [medication_id]
2026-09-05T00:51:44.859-04:00 TRACE 27080 --- [backend] [main] .e.j.e.i.NormalizingIdentifierHelperImpl : Normalizing identifier quoting [FK70p3bm50fy9tra0n95uviilxo]
2026-09-05T00:51:44.860-04:00 TRACE 27080 --- [backend] [main] .e.j.e.i.NormalizingIdentifierHelperImpl : Normalizing identifier quoting [invoice_id]
2026-09-05T00:51:44.860-04:00 TRACE 27080 --- [backend] [main] .e.j.e.i.NormalizingIdentifierHelperImpl : Normalizing identifier quoting [FKa6gx5dg1pt76eye9jwrcy2agv]
2026-09-05T00:51:44.868-04:00 TRACE 27080 --- [backend] [main] .e.j.e.i.NormalizingIdentifierHelperImpl : Normalizing identifier quoting [care_id]
2026-09-05T00:51:44.868-04:00 TRACE 27080 --- [backend] [main] .e.j.e.i.NormalizingIdentifierHelperImpl : Normalizing identifier quoting [invoice_id]
2026-09-05T00:51:44.868-04:00 TRACE 27080 --- [backend] [main] .e.j.e.i.NormalizingIdentifierHelperImpl : Normalizing identifier quoting [medication_id]
2026-09-05T00:51:44.868-04:00 TRACE 27080 --- [backend] [main] .e.j.e.i.NormalizingIdentifierHelperImpl : Normalizing identifier quoting [invoice_id]
2026-09-05T00:51:44.869-04:00 TRACE 27080 --- [backend] [main] .e.j.e.i.NormalizingIdentifierHelperImpl : Normalizing identifier quoting [null]
2026-09-05T00:51:44.869-04:00 TRACE 27080 --- [backend] [main] .e.j.e.i.NormalizingIdentifierHelperImpl : Normalizing identifier quoting [null]
2026-09-05T00:51:44.871-04:00 TRACE 27080 --- [backend] [main] .e.j.e.i.NormalizingIdentifierHelperImpl : Normalizing identifier quoting [user_SEQ]
2026-09-05T00:51:44.873-04:00 TRACE 27080 --- [backend] [main] .e.j.e.i.NormalizingIdentifierHelperImpl : Normalizing identifier quoting [next_val]
2026-09-05T00:51:44.877-04:00 TRACE 27080 --- [backend] [main] o.hibernate.id.enhanced.PooledOptimizer  : Creating pooled optimizer with [incrementSize=50; returnClass=java.lang.Integer]
2026-09-05T00:51:44.878-04:00 TRACE 27080 --- [backend] [main] .e.j.e.i.NormalizingIdentifierHelperImpl : Normalizing identifier quoting [null]
2026-09-05T00:51:44.878-04:00 TRACE 27080 --- [backend] [main] .e.j.e.i.NormalizingIdentifierHelperImpl : Normalizing identifier quoting [null]
2026-09-05T00:51:44.878-04:00 TRACE 27080 --- [backend] [main] .e.j.e.i.NormalizingIdentifierHelperImpl : Normalizing identifier quoting [appointment_SEQ]
2026-09-05T00:51:44.878-04:00 TRACE 27080 --- [backend] [main] .e.j.e.i.NormalizingIdentifierHelperImpl : Normalizing identifier quoting [next_val]
2026-09-05T00:51:44.879-04:00 TRACE 27080 --- [backend] [main] o.hibernate.id.enhanced.PooledOptimizer  : Creating pooled optimizer with [incrementSize=50; returnClass=java.lang.Long]
2026-09-05T00:51:44.879-04:00 TRACE 27080 --- [backend] [main] .e.j.e.i.NormalizingIdentifierHelperImpl : Normalizing identifier quoting [null]
2026-09-05T00:51:44.879-04:00 TRACE 27080 --- [backend] [main] .e.j.e.i.NormalizingIdentifierHelperImpl : Normalizing identifier quoting [null]
2026-09-05T00:51:44.879-04:00 TRACE 27080 --- [backend] [main] .e.j.e.i.NormalizingIdentifierHelperImpl : Normalizing identifier quoting [patient_SEQ]
2026-09-05T00:51:44.879-04:00 TRACE 27080 --- [backend] [main] .e.j.e.i.NormalizingIdentifierHelperImpl : Normalizing identifier quoting [next_val]
2026-09-05T00:51:44.879-04:00 TRACE 27080 --- [backend] [main] o.hibernate.id.enhanced.PooledOptimizer  : Creating pooled optimizer with [incrementSize=50; returnClass=java.lang.Long]
2026-09-05T00:51:44.879-04:00 TRACE 27080 --- [backend] [main] .e.j.e.i.NormalizingIdentifierHelperImpl : Normalizing identifier quoting [null]
2026-09-05T00:51:44.879-04:00 TRACE 27080 --- [backend] [main] .e.j.e.i.NormalizingIdentifierHelperImpl : Normalizing identifier quoting [null]
2026-09-05T00:51:44.879-04:00 TRACE 27080 --- [backend] [main] .e.j.e.i.NormalizingIdentifierHelperImpl : Normalizing identifier quoting [invoice_SEQ]
2026-09-05T00:51:44.879-04:00 TRACE 27080 --- [backend] [main] .e.j.e.i.NormalizingIdentifierHelperImpl : Normalizing identifier quoting [next_val]
2026-09-05T00:51:44.879-04:00 TRACE 27080 --- [backend] [main] o.hibernate.id.enhanced.PooledOptimizer  : Creating pooled optimizer with [incrementSize=50; returnClass=java.lang.Long]
2026-09-05T00:51:44.880-04:00 TRACE 27080 --- [backend] [main] .e.j.e.i.NormalizingIdentifierHelperImpl : Normalizing identifier quoting [null]
2026-09-05T00:51:44.880-04:00 TRACE 27080 --- [backend] [main] .e.j.e.i.NormalizingIdentifierHelperImpl : Normalizing identifier quoting [null]
2026-09-05T00:51:44.880-04:00 TRACE 27080 --- [backend] [main] .e.j.e.i.NormalizingIdentifierHelperImpl : Normalizing identifier quoting [medication_SEQ]
2026-09-05T00:51:44.880-04:00 TRACE 27080 --- [backend] [main] .e.j.e.i.NormalizingIdentifierHelperImpl : Normalizing identifier quoting [next_val]
2026-09-05T00:51:44.880-04:00 TRACE 27080 --- [backend] [main] o.hibernate.id.enhanced.PooledOptimizer  : Creating pooled optimizer with [incrementSize=50; returnClass=java.lang.Long]
2026-09-05T00:51:44.880-04:00 TRACE 27080 --- [backend] [main] .e.j.e.i.NormalizingIdentifierHelperImpl : Normalizing identifier quoting [null]
2026-09-05T00:51:44.880-04:00 TRACE 27080 --- [backend] [main] .e.j.e.i.NormalizingIdentifierHelperImpl : Normalizing identifier quoting [null]
2026-09-05T00:51:44.880-04:00 TRACE 27080 --- [backend] [main] .e.j.e.i.NormalizingIdentifierHelperImpl : Normalizing identifier quoting [care_SEQ]
2026-09-05T00:51:44.880-04:00 TRACE 27080 --- [backend] [main] .e.j.e.i.NormalizingIdentifierHelperImpl : Normalizing identifier quoting [next_val]
2026-09-05T00:51:44.880-04:00 TRACE 27080 --- [backend] [main] o.hibernate.id.enhanced.PooledOptimizer  : Creating pooled optimizer with [incrementSize=50; returnClass=java.lang.Long]
2026-09-05T00:51:44.882-04:00 TRACE 27080 --- [backend] [main] o.h.s.i.AbstractServiceRegistryImpl      : Initializing service [role=org.hibernate.boot.spi.SessionFactoryBuilderService]
2026-09-05T00:51:44.887-04:00 DEBUG 27080 --- [backend] [HikariPool-1 connection adder] com.zaxxer.hikari.pool.HikariPool        : HikariPool-1 - After adding stats (total=6, active=0, idle=6, waiting=0)
2026-09-05T00:51:44.892-04:00 TRACE 27080 --- [backend] [main] o.h.s.i.AbstractServiceRegistryImpl      : Initializing service [role=org.hibernate.engine.jdbc.connections.spi.MultiTenantConnectionProvider]
2026-09-05T00:51:44.893-04:00 TRACE 27080 --- [backend] [main] org.hibernate.loader.BatchFetchStyle     : Interpreting BatchFetchStyle from setting : null
2026-09-05T00:51:44.896-04:00 TRACE 27080 --- [backend] [main] o.h.s.i.AbstractServiceRegistryImpl      : Initializing service [role=org.hibernate.bytecode.spi.BytecodeProvider]
2026-09-05T00:51:44.908-04:00 DEBUG 27080 --- [backend] [HikariPool-1 connection adder] com.zaxxer.hikari.pool.HikariPool        : HikariPool-1 - Added connection com.mysql.cj.jdbc.ConnectionImpl@3e1497d2
2026-09-05T00:51:44.921-04:00 DEBUG 27080 --- [backend] [main] o.hibernate.internal.SessionFactoryImpl  : Building session factory
2026-09-05T00:51:44.921-04:00 TRACE 27080 --- [backend] [main] o.h.s.i.AbstractServiceRegistryImpl      : Initializing service [role=org.hibernate.service.spi.SessionFactoryServiceRegistryFactory]
2026-09-05T00:51:44.939-04:00 DEBUG 27080 --- [backend] [HikariPool-1 connection adder] com.zaxxer.hikari.pool.HikariPool        : HikariPool-1 - After adding stats (total=7, active=0, idle=7, waiting=0)
2026-09-05T00:51:44.958-04:00 DEBUG 27080 --- [backend] [HikariPool-1 connection adder] com.zaxxer.hikari.pool.HikariPool        : HikariPool-1 - Added connection com.mysql.cj.jdbc.ConnectionImpl@7fcfe843
2026-09-05T00:51:44.971-04:00 DEBUG 27080 --- [backend] [main] .h.s.i.SessionFactoryServiceRegistryImpl : EventListenerRegistry access via ServiceRegistry is deprecated.  Use `sessionFactory.getEventEngine().getListenerRegistry()` instead
2026-09-05T00:51:44.972-04:00 DEBUG 27080 --- [backend] [main] o.hibernate.internal.SessionFactoryImpl  : Instantiating SessionFactory with settings: {java.specification.version=24, sun.cpu.isalist=amd64, hibernate.resource.beans.container=org.springframework.orm.hibernate5.SpringBeanContainer@75f8d9b0, hibernate.connection.handling_mode=DELAYED_ACQUISITION_AND_HOLD, sun.jnu.encoding=UTF-8, hibernate.dialect=org.hibernate.dialect.MySQL8Dialect, hibernate.implicit_naming_strategy=org.springframework.boot.orm.jpa.hibernate.SpringImplicitNamingStrategy, java.class.path=E:\Carrera\6 - Bimestre\06 - Seguridad y Calidad en el Desarrollo\4 SEMANA\backend\target\classes;C:\Users\AMF\.m2\repository\org\springframework\boot\spring-boot\3.4.4\spring-boot-3.4.4.jar;C:\Users\AMF\.m2\repository\org\springframework\boot\spring-boot-autoconfigure\3.4.4\spring-boot-autoconfigure-3.4.4.jar;C:\Users\AMF\.m2\repository\ch\qos\logback\logback-classic\1.5.18\logback-classic-1.5.18.jar;C:\Users\AMF\.m2\repository\ch\qos\logback\logback-core\1.5.18\logback-core-1.5.18.jar;C:\Users\AMF\.m2\repository\org\apache\logging\log4j\log4j-to-slf4j\2.24.3\log4j-to-slf4j-2.24.3.jar;C:\Users\AMF\.m2\repository\org\apache\logging\log4j\log4j-api\2.24.3\log4j-api-2.24.3.jar;C:\Users\AMF\.m2\repository\org\slf4j\jul-to-slf4j\2.0.17\jul-to-slf4j-2.0.17.jar;C:\Users\AMF\.m2\repository\jakarta\annotation\jakarta.annotation-api\2.1.1\jakarta.annotation-api-2.1.1.jar;C:\Users\AMF\.m2\repository\org\yaml\snakeyaml\2.3\snakeyaml-2.3.jar;C:\Users\AMF\.m2\repository\com\zaxxer\HikariCP\5.1.0\HikariCP-5.1.0.jar;C:\Users\AMF\.m2\repository\org\springframework\spring-jdbc\6.2.5\spring-jdbc-6.2.5.jar;C:\Users\AMF\.m2\repository\org\hibernate\orm\hibernate-core\6.6.11.Final\hibernate-core-6.6.11.Final.jar;C:\Users\AMF\.m2\repository\jakarta\persistence\jakarta.persistence-api\3.1.0\jakarta.persistence-api-3.1.0.jar;C:\Users\AMF\.m2\repository\jakarta\transaction\jakarta.transaction-api\2.0.1\jakarta.transaction-api-2.0.1.jar;C:\Users\AMF\.m2\repository\org\jboss\logging\jboss-logging\3.6.1.Final\jboss-logging-3.6.1.Final.jar;C:\Users\AMF\.m2\repository\org\hibernate\common\hibernate-commons-annotations\7.0.3.Final\hibernate-commons-annotations-7.0.3.Final.jar;C:\Users\AMF\.m2\repository\io\smallrye\jandex\3.2.0\jandex-3.2.0.jar;C:\Users\AMF\.m2\repository\com\fasterxml\classmate\1.7.0\classmate-1.7.0.jar;C:\Users\AMF\.m2\repository\net\bytebuddy\byte-buddy\1.15.11\byte-buddy-1.15.11.jar;C:\Users\AMF\.m2\repository\org\glassfish\jaxb\jaxb-runtime\4.0.5\jaxb-runtime-4.0.5.jar;C:\Users\AMF\.m2\repository\org\glassfish\jaxb\jaxb-core\4.0.5\jaxb-core-4.0.5.jar;C:\Users\AMF\.m2\repository\org\eclipse\angus\angus-activation\2.0.2\angus-activation-2.0.2.jar;C:\Users\AMF\.m2\repository\org\glassfish\jaxb\txw2\4.0.5\txw2-4.0.5.jar;C:\Users\AMF\.m2\repository\com\sun\istack\istack-commons-runtime\4.1.2\istack-commons-runtime-4.1.2.jar;C:\Users\AMF\.m2\repository\jakarta\inject\jakarta.inject-api\2.0.1\jakarta.inject-api-2.0.1.jar;C:\Users\AMF\.m2\repository\org\antlr\antlr4-runtime\4.13.0\antlr4-runtime-4.13.0.jar;C:\Users\AMF\.m2\repository\org\springframework\data\spring-data-jpa\3.4.4\spring-data-jpa-3.4.4.jar;C:\Users\AMF\.m2\repository\org\springframework\data\spring-data-commons\3.4.4\spring-data-commons-3.4.4.jar;C:\Users\AMF\.m2\repository\org\springframework\spring-orm\6.2.5\spring-orm-6.2.5.jar;C:\Users\AMF\.m2\repository\org\springframework\spring-context\6.2.5\spring-context-6.2.5.jar;C:\Users\AMF\.m2\repository\org\springframework\spring-tx\6.2.5\spring-tx-6.2.5.jar;C:\Users\AMF\.m2\repository\org\springframework\spring-beans\6.2.5\spring-beans-6.2.5.jar;C:\Users\AMF\.m2\repository\org\slf4j\slf4j-api\2.0.17\slf4j-api-2.0.17.jar;C:\Users\AMF\.m2\repository\org\springframework\spring-aspects\6.2.5\spring-aspects-6.2.5.jar;C:\Users\AMF\.m2\repository\org\aspectj\aspectjweaver\1.9.23\aspectjweaver-1.9.23.jar;C:\Users\AMF\.m2\repository\org\springframework\spring-aop\6.2.5\spring-aop-6.2.5.jar;C:\Users\AMF\.m2\repository\org\springframework\security\spring-security-config\6.4.4\spring-security-config-6.4.4.jar;C:\Users\AMF\.m2\repository\org\springframework\security\spring-security-web\6.4.4\spring-security-web-6.4.4.jar;C:\Users\AMF\.m2\repository\org\springframework\spring-expression\6.2.5\spring-expression-6.2.5.jar;C:\Users\AMF\.m2\repository\com\fasterxml\jackson\datatype\jackson-datatype-jdk8\2.18.3\jackson-datatype-jdk8-2.18.3.jar;C:\Users\AMF\.m2\repository\com\fasterxml\jackson\datatype\jackson-datatype-jsr310\2.18.3\jackson-datatype-jsr310-2.18.3.jar;C:\Users\AMF\.m2\repository\com\fasterxml\jackson\module\jackson-module-parameter-names\2.18.3\jackson-module-parameter-names-2.18.3.jar;C:\Users\AMF\.m2\repository\org\apache\tomcat\embed\tomcat-embed-core\10.1.39\tomcat-embed-core-10.1.39.jar;C:\Users\AMF\.m2\repository\org\apache\tomcat\embed\tomcat-embed-el\10.1.39\tomcat-embed-el-10.1.39.jar;C:\Users\AMF\.m2\repository\org\apache\tomcat\embed\tomcat-embed-websocket\10.1.39\tomcat-embed-websocket-10.1.39.jar;C:\Users\AMF\.m2\repository\org\springframework\spring-web\6.2.5\spring-web-6.2.5.jar;C:\Users\AMF\.m2\repository\io\micrometer\micrometer-observation\1.14.5\micrometer-observation-1.14.5.jar;C:\Users\AMF\.m2\repository\io\micrometer\micrometer-commons\1.14.5\micrometer-commons-1.14.5.jar;C:\Users\AMF\.m2\repository\org\springframework\spring-webmvc\6.2.5\spring-webmvc-6.2.5.jar;C:\Users\AMF\.m2\repository\com\mysql\mysql-connector-j\9.1.0\mysql-connector-j-9.1.0.jar;C:\Users\AMF\.m2\repository\jakarta\xml\bind\jakarta.xml.bind-api\4.0.2\jakarta.xml.bind-api-4.0.2.jar;C:\Users\AMF\.m2\repository\jakarta\activation\jakarta.activation-api\2.1.3\jakarta.activation-api-2.1.3.jar;C:\Users\AMF\.m2\repository\org\springframework\spring-core\6.2.5\spring-core-6.2.5.jar;C:\Users\AMF\.m2\repository\org\springframework\spring-jcl\6.2.5\spring-jcl-6.2.5.jar;C:\Users\AMF\.m2\repository\org\springframework\security\spring-security-core\6.4.4\spring-security-core-6.4.4.jar;C:\Users\AMF\.m2\repository\org\springframework\security\spring-security-crypto\6.4.4\spring-security-crypto-6.4.4.jar;C:\Users\AMF\.m2\repository\io\jsonwebtoken\jjwt-api\0.12.5\jjwt-api-0.12.5.jar;C:\Users\AMF\.m2\repository\io\jsonwebtoken\jjwt-impl\0.12.5\jjwt-impl-0.12.5.jar;C:\Users\AMF\.m2\repository\io\jsonwebtoken\jjwt-jackson\0.12.5\jjwt-jackson-0.12.5.jar;C:\Users\AMF\.m2\repository\com\fasterxml\jackson\core\jackson-databind\2.18.3\jackson-databind-2.18.3.jar;C:\Users\AMF\.m2\repository\com\fasterxml\jackson\core\jackson-annotations\2.18.3\jackson-annotations-2.18.3.jar;C:\Users\AMF\.m2\repository\com\fasterxml\jackson\core\jackson-core\2.18.3\jackson-core-2.18.3.jar, java.vm.vendor=Oracle Corporation, sun.arch.data.model=64, user.variant=, catalina.useNaming=false, java.vendor.url=https://java.oracle.com/, user.timezone=America/Santiago, jakarta.persistence.sharedCache.mode=UNSPECIFIED, org.jboss.logging.provider=slf4j, os.name=Windows 10, java.vm.specification.version=24, APPLICATION_NAME=backend, jakarta.persistence.nonJtaDataSource=HikariDataSource (HikariPool-1), user.country=CL, sun.java.launcher=SUN_STANDARD, sun.boot.library.path=C:\Program Files\Java\jdk-24\bin, sun.java.command=com.duoc.backend.BackendApplication, javax.persistence.nonJtaDataSource=HikariDataSource (HikariPool-1), hibernate.transaction.jta.platform=org.hibernate.engine.transaction.jta.platform.internal.NoJtaPlatform@4f7ae05, jdk.debug=release, sun.cpu.endian=little, hibernate.cdi.extensions=true, user.home=C:\Users\AMF, user.language=es, java.specification.vendor=Oracle Corporation, java.version.date=2025-04-15, java.home=C:\Program Files\Java\jdk-24, file.separator=\, java.vm.compressedOopsMode=Zero based, line.separator=
, hibernate.persistenceUnitName=default, java.vm.specification.vendor=Oracle Corporation, java.specification.name=Java Platform API Specification, FILE_LOG_CHARSET=UTF-8, hibernate.transaction.coordinator_class=class org.hibernate.resource.transaction.backend.jdbc.internal.JdbcResourceLocalTransactionCoordinatorBuilderImpl, java.awt.headless=true, jakarta.persistence.validation.mode=AUTO, hibernate.hbm2ddl.auto=update, user.script=, sun.management.compiler=HotSpot 64-Bit Tiered Compilers, java.runtime.version=24.0.1+9-30, user.name=AMF, stdout.encoding=UTF-8, path.separator=;, os.version=10.0, java.runtime.name=Java(TM) SE Runtime Environment, file.encoding=UTF-8, java.vm.name=Java HotSpot(TM) 64-Bit Server VM, LOG_FILE=backend.log, java.vendor.url.bug=https://bugreport.java.com/bugreport/, java.io.tmpdir=C:\Users\AMF\AppData\Local\Temp\, catalina.home=C:\Users\AMF\AppData\Local\Temp\tomcat.8180.2191499293768190867, java.version=24.0.1, hibernate.physical_naming_strategy=org.hibernate.boot.model.naming.CamelCaseToUnderscoresNamingStrategy, user.dir=E:\Carrera\6 - Bimestre\06 - Seguridad y Calidad en el Desarrollo\4 SEMANA\backend, os.arch=amd64, java.vm.specification.name=Java Virtual Machine Specification, PID=27080, sun.os.patch.level=, CONSOLE_LOG_CHARSET=UTF-8, catalina.base=C:\Users\AMF\AppData\Local\Temp\tomcat.8180.2191499293768190867, hibernate.boot.CfgXmlAccessService.key=org.hibernate.boot.registry.StandardServiceRegistryBuilder$1@1e23ee0e, native.encoding=UTF-8, java.library.path=C:\Program Files\Java\jdk-24\bin;C:\Windows\Sun\Java\bin;C:\Windows\system32;C:\Windows;C:\Program Files\Common Files\Oracle\Java\javapath;C:\Windows\system32;C:\Windows;C:\Windows\System32\Wbem;C:\Windows\System32\WindowsPowerShell\v1.0\;C:\Windows\System32\OpenSSH\;C:\apache-maven-3.9.9\bin;C:\Program Files (x86)\QuickTime\QTSystem\;C:\xampp\php;C:\composer;C:\Program Files\Git\cmd;C:\Program Files\MySQL\MySQL Shell 8.0\bin\;C:\Users\AMF\AppData\Local\Programs\Python\Python310\Scripts\;C:\Users\AMF\AppData\Local\Programs\Python\Python310\;C:\Users\AMF\AppData\Local\Programs\Python\Launcher\;C:\Users\AMF\AppData\Local\Microsoft\WindowsApps;C:\ffmpeg\bin;C:\Users\AMF\AppData\Roaming\Composer\vendor\bin;C:\Users\AMF\AppData\Local\Programs\Microsoft VS Code\bin;E:\Carrera\6 - Bimestre\06 - Seguridad y Calidad en el Desarrollo\1 SEMANA\apache-maven-3.9.16\bin;D:\DockerDesktop\resources\bin;c:\Users\AMF\.vscode\extensions\vscjava.vscode-java-debug-0.59.0\bundled\scripts\noConfigScripts;., stderr.encoding=UTF-8, java.vendor=Oracle Corporation, java.vm.info=mixed mode, emulated-client, sharing, java.vm.version=24.0.1+9-30, sun.io.unicode.encoding=UnicodeLittle, hibernate.archive.scanner=org.hibernate.boot.archive.scan.internal.DisabledScanner, hibernate.connection.datasource=HikariDataSource (HikariPool-1), java.class.version=68.0, LOGGED_APPLICATION_NAME=[backend] }
2026-09-05T00:51:44.972-04:00 TRACE 27080 --- [backend] [main] .e.j.e.i.NormalizingIdentifierHelperImpl : Normalizing identifier quoting [null]
2026-09-05T00:51:44.972-04:00 TRACE 27080 --- [backend] [main] o.h.s.i.AbstractServiceRegistryImpl      : Initializing service [role=org.hibernate.cache.spi.CacheImplementor]
2026-09-05T00:51:44.975-04:00 DEBUG 27080 --- [backend] [main] o.hibernate.internal.SessionFactoryImpl  : Session factory constructed with filter configurations : {}
2026-09-05T00:51:44.989-04:00 DEBUG 27080 --- [backend] [HikariPool-1 connection adder] com.zaxxer.hikari.pool.HikariPool        : HikariPool-1 - After adding stats (total=8, active=0, idle=8, waiting=0)
2026-09-05T00:51:45.009-04:00 DEBUG 27080 --- [backend] [HikariPool-1 connection adder] com.zaxxer.hikari.pool.HikariPool        : HikariPool-1 - Added connection com.mysql.cj.jdbc.ConnectionImpl@734fcb00
2026-09-05T00:51:45.023-04:00 DEBUG 27080 --- [backend] [main] o.h.q.sqm.function.SqmFunctionRegistry   : Registered SqmFunctionTemplate [NamedSqmFunctionTemplate(max)] under max; prior registration was null
2026-09-05T00:51:45.024-04:00 DEBUG 27080 --- [backend] [main] o.h.q.sqm.function.SqmFunctionRegistry   : Registered SqmFunctionTemplate [NamedSqmFunctionTemplate(min)] under min; prior registration was null
2026-09-05T00:51:45.025-04:00 DEBUG 27080 --- [backend] [main] o.h.q.sqm.function.SqmFunctionRegistry   : Registered SqmFunctionTemplate [NamedSqmFunctionTemplate(sum)] under sum; prior registration was null
2026-09-05T00:51:45.026-04:00 DEBUG 27080 --- [backend] [main] o.h.q.sqm.function.SqmFunctionRegistry   : Registered SqmFunctionTemplate [NamedSqmFunctionTemplate(avg)] under avg; prior registration was null
2026-09-05T00:51:45.028-04:00 DEBUG 27080 --- [backend] [main] o.h.q.sqm.function.SqmFunctionRegistry   : Registered SqmFunctionTemplate [org.hibernate.dialect.function.CountFunction@2d2f09a4] under count; prior registration was null
2026-09-05T00:51:45.029-04:00 DEBUG 27080 --- [backend] [main] o.h.q.sqm.function.SqmFunctionRegistry   : Registered SqmFunctionTemplate [org.hibernate.dialect.function.EveryAnyEmulation@39f68aec] under every; prior registration was null
2026-09-05T00:51:45.029-04:00 DEBUG 27080 --- [backend] [main] o.h.q.sqm.function.SqmFunctionRegistry   : Registered SqmFunctionTemplate [org.hibernate.dialect.function.EveryAnyEmulation@65ff4b8c] under any; prior registration was null
2026-09-05T00:51:45.029-04:00 DEBUG 27080 --- [backend] [main] o.h.q.sqm.function.SqmFunctionRegistry   : Registered SqmFunctionTemplate [NamedSqmFunctionTemplate(floor)] under floor; prior registration was null
2026-09-05T00:51:45.029-04:00 DEBUG 27080 --- [backend] [main] o.h.q.sqm.function.SqmFunctionRegistry   : Registered SqmFunctionTemplate [NamedSqmFunctionTemplate(ceiling)] under ceiling; prior registration was null
2026-09-05T00:51:45.030-04:00 DEBUG 27080 --- [backend] [main] o.h.q.sqm.function.SqmFunctionRegistry   : Registered SqmFunctionTemplate [NamedSqmFunctionTemplate(mod)] under mod; prior registration was null
2026-09-05T00:51:45.030-04:00 DEBUG 27080 --- [backend] [main] o.h.q.sqm.function.SqmFunctionRegistry   : Registered SqmFunctionTemplate [NamedSqmFunctionTemplate(abs)] under abs; prior registration was null
2026-09-05T00:51:45.030-04:00 DEBUG 27080 --- [backend] [main] o.h.q.sqm.function.SqmFunctionRegistry   : Registered SqmFunctionTemplate [NamedSqmFunctionTemplate(sign)] under sign; prior registration was null
2026-09-05T00:51:45.030-04:00 DEBUG 27080 --- [backend] [main] o.h.q.sqm.function.SqmFunctionRegistry   : Registered SqmFunctionTemplate [NamedSqmFunctionTemplate(sqrt)] under sqrt; prior registration was null
2026-09-05T00:51:45.030-04:00 DEBUG 27080 --- [backend] [main] o.h.q.sqm.function.SqmFunctionRegistry   : Registered SqmFunctionTemplate [NamedSqmFunctionTemplate(ln)] under ln; prior registration was null
2026-09-05T00:51:45.030-04:00 DEBUG 27080 --- [backend] [main] o.h.q.sqm.function.SqmFunctionRegistry   : Registered SqmFunctionTemplate [NamedSqmFunctionTemplate(exp)] under exp; prior registration was null
2026-09-05T00:51:45.030-04:00 DEBUG 27080 --- [backend] [main] o.h.q.sqm.function.SqmFunctionRegistry   : Registered SqmFunctionTemplate [NamedSqmFunctionTemplate(power)] under power; prior registration was null
2026-09-05T00:51:45.030-04:00 DEBUG 27080 --- [backend] [main] o.h.q.sqm.function.SqmFunctionRegistry   : Registered SqmFunctionTemplate [NamedSqmFunctionTemplate(round)] under round; prior registration was null
2026-09-05T00:51:45.030-04:00 DEBUG 27080 --- [backend] [main] o.h.q.sqm.function.SqmFunctionRegistry   : Registered SqmFunctionTemplate [NamedSqmFunctionTemplate(sin)] under sin; prior registration was null
2026-09-05T00:51:45.030-04:00 DEBUG 27080 --- [backend] [main] o.h.q.sqm.function.SqmFunctionRegistry   : Registered SqmFunctionTemplate [NamedSqmFunctionTemplate(cos)] under cos; prior registration was null
2026-09-05T00:51:45.031-04:00 DEBUG 27080 --- [backend] [main] o.h.q.sqm.function.SqmFunctionRegistry   : Registered SqmFunctionTemplate [NamedSqmFunctionTemplate(tan)] under tan; prior registration was null
2026-09-05T00:51:45.031-04:00 DEBUG 27080 --- [backend] [main] o.h.q.sqm.function.SqmFunctionRegistry   : Registered SqmFunctionTemplate [NamedSqmFunctionTemplate(asin)] under asin; prior registration was null
2026-09-05T00:51:45.031-04:00 DEBUG 27080 --- [backend] [main] o.h.q.sqm.function.SqmFunctionRegistry   : Registered SqmFunctionTemplate [NamedSqmFunctionTemplate(acos)] under acos; prior registration was null
2026-09-05T00:51:45.031-04:00 DEBUG 27080 --- [backend] [main] o.h.q.sqm.function.SqmFunctionRegistry   : Registered SqmFunctionTemplate [NamedSqmFunctionTemplate(atan)] under atan; prior registration was null
2026-09-05T00:51:45.031-04:00 DEBUG 27080 --- [backend] [main] o.h.q.sqm.function.SqmFunctionRegistry   : Registered SqmFunctionTemplate [NamedSqmFunctionTemplate(atan2)] under atan2; prior registration was null
2026-09-05T00:51:45.032-04:00 DEBUG 27080 --- [backend] [main] o.h.q.sqm.function.SqmFunctionRegistry   : Registered SqmFunctionTemplate [org.hibernate.query.sqm.function.PatternBasedSqmFunctionDescriptor@5c7c75fb] under sinh; prior registration was null
2026-09-05T00:51:45.032-04:00 DEBUG 27080 --- [backend] [main] o.h.q.sqm.function.SqmFunctionRegistry   : Registered SqmFunctionTemplate [org.hibernate.query.sqm.function.PatternBasedSqmFunctionDescriptor@729d6ee2] under cosh; prior registration was null
2026-09-05T00:51:45.032-04:00 DEBUG 27080 --- [backend] [main] o.h.q.sqm.function.SqmFunctionRegistry   : Registered SqmFunctionTemplate [org.hibernate.query.sqm.function.PatternBasedSqmFunctionDescriptor@4adcc981] under tanh; prior registration was null
2026-09-05T00:51:45.032-04:00 DEBUG 27080 --- [backend] [main] o.h.q.sqm.function.SqmFunctionRegistry   : Registered SqmFunctionTemplate [org.hibernate.query.sqm.function.PatternBasedSqmFunctionDescriptor@73aae7a] under pi; prior registration was null
2026-09-05T00:51:45.032-04:00 DEBUG 27080 --- [backend] [main] o.h.q.sqm.function.SqmFunctionRegistry   : Registered SqmFunctionTemplate [org.hibernate.query.sqm.function.PatternBasedSqmFunctionDescriptor@3856d0cb] under log; prior registration was null
2026-09-05T00:51:45.032-04:00 DEBUG 27080 --- [backend] [main] o.h.q.sqm.function.SqmFunctionRegistry   : Registered SqmFunctionTemplate [NamedSqmFunctionTemplate(coalesce)] under coalesce; prior registration was null
2026-09-05T00:51:45.032-04:00 DEBUG 27080 --- [backend] [main] o.h.q.sqm.function.SqmFunctionRegistry   : Registered SqmFunctionTemplate [NamedSqmFunctionTemplate(nullif)] under nullif; prior registration was null
2026-09-05T00:51:45.032-04:00 DEBUG 27080 --- [backend] [main] o.h.q.sqm.function.SqmFunctionRegistry   : Registered SqmFunctionTemplate [NamedSqmFunctionTemplate(left)] under left; prior registration was null
2026-09-05T00:51:45.032-04:00 DEBUG 27080 --- [backend] [main] o.h.q.sqm.function.SqmFunctionRegistry   : Registered SqmFunctionTemplate [NamedSqmFunctionTemplate(right)] under right; prior registration was null
2026-09-05T00:51:45.033-04:00 DEBUG 27080 --- [backend] [main] o.h.q.sqm.function.SqmFunctionRegistry   : Registered SqmFunctionTemplate [NamedSqmFunctionTemplate(replace)] under replace; prior registration was null
2026-09-05T00:51:45.033-04:00 DEBUG 27080 --- [backend] [main] o.h.q.sqm.function.SqmFunctionRegistry   : Registered SqmFunctionTemplate [NamedSqmFunctionTemplate(concat)] under concat; prior registration was null
2026-09-05T00:51:45.033-04:00 DEBUG 27080 --- [backend] [main] o.h.q.sqm.function.SqmFunctionRegistry   : Registered SqmFunctionTemplate [NamedSqmFunctionTemplate(lower)] under lower; prior registration was null
2026-09-05T00:51:45.033-04:00 DEBUG 27080 --- [backend] [main] o.h.q.sqm.function.SqmFunctionRegistry   : Registered SqmFunctionTemplate [NamedSqmFunctionTemplate(upper)] under upper; prior registration was null
2026-09-05T00:51:45.033-04:00 DEBUG 27080 --- [backend] [main] o.h.q.sqm.function.SqmFunctionRegistry   : Registered SqmFunctionTemplate [NamedSqmFunctionTemplate(substring)] under substring; prior registration was null
2026-09-05T00:51:45.033-04:00 DEBUG 27080 --- [backend] [main] o.h.q.sqm.function.SqmFunctionRegistry   : Registered SqmFunctionTemplate [NamedSqmFunctionTemplate(locate)] under locate; prior registration was null
2026-09-05T00:51:45.033-04:00 DEBUG 27080 --- [backend] [main] o.h.q.sqm.function.SqmFunctionRegistry   : Registered SqmFunctionTemplate [NamedSqmFunctionTemplate(character_length)] under character_length; prior registration was null
2026-09-05T00:51:45.033-04:00 DEBUG 27080 --- [backend] [main] o.h.q.sqm.function.SqmFunctionRegistry   : Registering alternate key : length -> character_length
2026-09-05T00:51:45.034-04:00 DEBUG 27080 --- [backend] [main] o.h.q.sqm.function.SqmFunctionRegistry   : Registered SqmFunctionTemplate [org.hibernate.dialect.function.LocatePositionEmulation@4910afdf] under position; prior registration was null
2026-09-05T00:51:45.036-04:00 DEBUG 27080 --- [backend] [main] o.h.q.sqm.function.SqmFunctionRegistry   : Registered SqmFunctionTemplate [org.hibernate.dialect.function.InsertSubstringOverlayEmulation@77a85e76] under overlay; prior registration was null
2026-09-05T00:51:45.037-04:00 DEBUG 27080 --- [backend] [main] o.h.q.sqm.function.SqmFunctionRegistry   : Registered SqmFunctionTemplate [org.hibernate.dialect.function.TrimFunction@36a1fd20] under trim; prior registration was null
2026-09-05T00:51:45.038-04:00 DEBUG 27080 --- [backend] [main] o.h.q.sqm.function.SqmFunctionRegistry   : Registered SqmFunctionTemplate [org.hibernate.dialect.function.CastFunction@28f8ce2e] under cast; prior registration was null
2026-09-05T00:51:45.038-04:00 DEBUG 27080 --- [backend] [main] o.h.q.sqm.function.SqmFunctionRegistry   : Registered SqmFunctionTemplate [org.hibernate.query.sqm.function.PatternBasedSqmFunctionDescriptor@2c0a3826] under collate; prior registration was null
2026-09-05T00:51:45.039-04:00 DEBUG 27080 --- [backend] [main] o.h.q.sqm.function.SqmFunctionRegistry   : Registered SqmFunctionTemplate [org.hibernate.dialect.function.ExtractFunction@4cacccbf] under extract; prior registration was null
2026-09-05T00:51:45.039-04:00 DEBUG 27080 --- [backend] [main] o.h.q.sqm.function.SqmFunctionRegistry   : Registered SqmFunctionTemplate [NamedSqmFunctionTemplate(least)] under least; prior registration was null
2026-09-05T00:51:45.039-04:00 DEBUG 27080 --- [backend] [main] o.h.q.sqm.function.SqmFunctionRegistry   : Registered SqmFunctionTemplate [NamedSqmFunctionTemplate(greatest)] under greatest; prior registration was null
2026-09-05T00:51:45.040-04:00 DEBUG 27080 --- [backend] [HikariPool-1 connection adder] com.zaxxer.hikari.pool.HikariPool        : HikariPool-1 - After adding stats (total=9, active=0, idle=9, waiting=0)
2026-09-05T00:51:45.040-04:00 DEBUG 27080 --- [backend] [main] o.h.q.sqm.function.SqmFunctionRegistry   : Registered SqmFunctionTemplate [org.hibernate.dialect.function.CoalesceIfnullEmulation@4dad2363] under ifnull; prior registration was null
2026-09-05T00:51:45.040-04:00 DEBUG 27080 --- [backend] [main] o.h.q.sqm.function.SqmFunctionRegistry   : Registered SqmFunctionTemplate [NamedSqmFunctionTemplate(lpad)] under lpad; prior registration was null
2026-09-05T00:51:45.040-04:00 DEBUG 27080 --- [backend] [main] o.h.q.sqm.function.SqmFunctionRegistry   : Registered SqmFunctionTemplate [NamedSqmFunctionTemplate(rpad)] under rpad; prior registration was null
2026-09-05T00:51:45.040-04:00 DEBUG 27080 --- [backend] [main] o.h.q.sqm.function.SqmFunctionRegistry   : Registered SqmFunctionTemplate [org.hibernate.dialect.function.LpadRpadPadEmulation@62cf86d6] under pad; prior registration was null
2026-09-05T00:51:45.042-04:00 DEBUG 27080 --- [backend] [main] o.h.q.sqm.function.SqmFunctionRegistry   : Registered SqmFunctionTemplate [org.hibernate.dialect.function.CastStrEmulation@5d5cd210] under str; prior registration was null
2026-09-05T00:51:45.045-04:00 DEBUG 27080 --- [backend] [main] o.h.q.sqm.function.SqmFunctionRegistry   : Registered SqmFunctionTemplate [org.hibernate.dialect.function.FormatFunction@17332039] under format; prior registration was null
2026-09-05T00:51:45.046-04:00 DEBUG 27080 --- [backend] [main] o.h.q.sqm.function.SqmFunctionRegistry   : Registered SqmFunctionTemplate [org.hibernate.dialect.function.TimestampaddFunction@69d021c1] under timestampadd; prior registration was null
2026-09-05T00:51:45.047-04:00 DEBUG 27080 --- [backend] [main] o.h.q.sqm.function.SqmFunctionRegistry   : Registered SqmFunctionTemplate [org.hibernate.dialect.function.TimestampdiffFunction@23358740] under timestampdiff; prior registration was null
2026-09-05T00:51:45.047-04:00 DEBUG 27080 --- [backend] [main] o.h.q.sqm.function.SqmFunctionRegistry   : Registering alternate key : dateadd -> timestampadd
2026-09-05T00:51:45.047-04:00 DEBUG 27080 --- [backend] [main] o.h.q.sqm.function.SqmFunctionRegistry   : Registering alternate key : datediff -> timestampdiff
2026-09-05T00:51:45.047-04:00 DEBUG 27080 --- [backend] [main] o.h.q.sqm.function.SqmFunctionRegistry   : Registered SqmFunctionTemplate [org.hibernate.dialect.function.CurrentFunction@66682e8f] under current_date; prior registration was null
2026-09-05T00:51:45.047-04:00 DEBUG 27080 --- [backend] [main] o.h.q.sqm.function.SqmFunctionRegistry   : Registered SqmFunctionTemplate [org.hibernate.dialect.function.CurrentFunction@2d2af12e] under current_time; prior registration was null
2026-09-05T00:51:45.048-04:00 DEBUG 27080 --- [backend] [main] o.h.q.sqm.function.SqmFunctionRegistry   : Registered SqmFunctionTemplate [org.hibernate.dialect.function.CurrentFunction@611587f7] under current_timestamp; prior registration was null
2026-09-05T00:51:45.048-04:00 DEBUG 27080 --- [backend] [main] o.h.q.sqm.function.SqmFunctionRegistry   : Registering alternate key : current date -> current_date
2026-09-05T00:51:45.048-04:00 DEBUG 27080 --- [backend] [main] o.h.q.sqm.function.SqmFunctionRegistry   : Registering alternate key : current time -> current_time
2026-09-05T00:51:45.048-04:00 DEBUG 27080 --- [backend] [main] o.h.q.sqm.function.SqmFunctionRegistry   : Registering alternate key : current timestamp -> current_timestamp
2026-09-05T00:51:45.048-04:00 DEBUG 27080 --- [backend] [main] o.h.q.sqm.function.SqmFunctionRegistry   : Registered SqmFunctionTemplate [org.hibernate.dialect.function.CurrentFunction@4d0abb23] under local_date; prior registration was null
2026-09-05T00:51:45.048-04:00 DEBUG 27080 --- [backend] [main] o.h.q.sqm.function.SqmFunctionRegistry   : Registered SqmFunctionTemplate [org.hibernate.dialect.function.CurrentFunction@6ab1f85b] under local_time; prior registration was null
2026-09-05T00:51:45.048-04:00 DEBUG 27080 --- [backend] [main] o.h.q.sqm.function.SqmFunctionRegistry   : Registered SqmFunctionTemplate [org.hibernate.dialect.function.CurrentFunction@10e8c7a2] under local_datetime; prior registration was null
2026-09-05T00:51:45.048-04:00 DEBUG 27080 --- [backend] [main] o.h.q.sqm.function.SqmFunctionRegistry   : Registered SqmFunctionTemplate [org.hibernate.dialect.function.CurrentFunction@5d8fd077] under offset_datetime; prior registration was null
2026-09-05T00:51:45.048-04:00 DEBUG 27080 --- [backend] [main] o.h.q.sqm.function.SqmFunctionRegistry   : Registering alternate key : local date -> local_date
2026-09-05T00:51:45.048-04:00 DEBUG 27080 --- [backend] [main] o.h.q.sqm.function.SqmFunctionRegistry   : Registering alternate key : local time -> local_time
2026-09-05T00:51:45.048-04:00 DEBUG 27080 --- [backend] [main] o.h.q.sqm.function.SqmFunctionRegistry   : Registering alternate key : local datetime -> local_datetime
2026-09-05T00:51:45.048-04:00 DEBUG 27080 --- [backend] [main] o.h.q.sqm.function.SqmFunctionRegistry   : Registering alternate key : offset datetime -> offset_datetime
2026-09-05T00:51:45.048-04:00 DEBUG 27080 --- [backend] [main] o.h.q.sqm.function.SqmFunctionRegistry   : Registered SqmFunctionTemplate [org.hibernate.dialect.function.CurrentFunction@4544ab46] under instant; prior registration was null
2026-09-05T00:51:45.048-04:00 DEBUG 27080 --- [backend] [main] o.h.q.sqm.function.SqmFunctionRegistry   : Registering alternate key : current_instant -> instant
2026-09-05T00:51:45.049-04:00 DEBUG 27080 --- [backend] [main] o.h.q.sqm.function.SqmFunctionRegistry   : Registered SqmFunctionTemplate [org.hibernate.dialect.function.SqlFunction@3580134d] under sql; prior registration was null
2026-09-05T00:51:45.049-04:00 DEBUG 27080 --- [backend] [main] o.h.q.sqm.function.SqmFunctionRegistry   : Registered SqmFunctionTemplate [NamedSqmFunctionTemplate(soundex)] under soundex; prior registration was null
2026-09-05T00:51:45.049-04:00 DEBUG 27080 --- [backend] [main] o.h.q.sqm.function.SqmFunctionRegistry   : Registered SqmFunctionTemplate [NamedSqmFunctionTemplate(radians)] under radians; prior registration was null
2026-09-05T00:51:45.049-04:00 DEBUG 27080 --- [backend] [main] o.h.q.sqm.function.SqmFunctionRegistry   : Registered SqmFunctionTemplate [NamedSqmFunctionTemplate(degrees)] under degrees; prior registration was null
2026-09-05T00:51:45.050-04:00 DEBUG 27080 --- [backend] [main] o.h.q.sqm.function.SqmFunctionRegistry   : Registered SqmFunctionTemplate [NamedSqmFunctionTemplate(cot)] under cot; prior registration was null
2026-09-05T00:51:45.050-04:00 DEBUG 27080 --- [backend] [main] o.h.q.sqm.function.SqmFunctionRegistry   : Registered SqmFunctionTemplate [NamedSqmFunctionTemplate(log)] under log; prior registration was org.hibernate.query.sqm.function.PatternBasedSqmFunctionDescriptor@3856d0cb
2026-09-05T00:51:45.050-04:00 DEBUG 27080 --- [backend] [main] o.h.q.sqm.function.SqmFunctionRegistry   : Registered SqmFunctionTemplate [NamedSqmFunctionTemplate(log2)] under log2; prior registration was null
2026-09-05T00:51:45.050-04:00 DEBUG 27080 --- [backend] [main] o.h.q.sqm.function.SqmFunctionRegistry   : Registered SqmFunctionTemplate [NamedSqmFunctionTemplate(log10)] under log10; prior registration was null
2026-09-05T00:51:45.050-04:00 DEBUG 27080 --- [backend] [main] o.h.q.sqm.function.SqmFunctionRegistry   : Registered SqmFunctionTemplate [NamedSqmFunctionTemplate(ltrim)] under ltrim; prior registration was null
2026-09-05T00:51:45.050-04:00 DEBUG 27080 --- [backend] [main] o.h.q.sqm.function.SqmFunctionRegistry   : Registered SqmFunctionTemplate [NamedSqmFunctionTemplate(rtrim)] under rtrim; prior registration was null
2026-09-05T00:51:45.050-04:00 DEBUG 27080 --- [backend] [main] o.h.q.sqm.function.SqmFunctionRegistry   : Registered SqmFunctionTemplate [NamedSqmFunctionTemplate(octet_length)] under octet_length; prior registration was null
2026-09-05T00:51:45.050-04:00 DEBUG 27080 --- [backend] [main] o.h.q.sqm.function.SqmFunctionRegistry   : Registered SqmFunctionTemplate [NamedSqmFunctionTemplate(reverse)] under reverse; prior registration was null
2026-09-05T00:51:45.050-04:00 DEBUG 27080 --- [backend] [main] o.h.q.sqm.function.SqmFunctionRegistry   : Registered SqmFunctionTemplate [NamedSqmFunctionTemplate(space)] under space; prior registration was null
2026-09-05T00:51:45.050-04:00 DEBUG 27080 --- [backend] [main] o.h.q.sqm.function.SqmFunctionRegistry   : Registered SqmFunctionTemplate [NamedSqmFunctionTemplate(repeat)] under repeat; prior registration was null
2026-09-05T00:51:45.050-04:00 DEBUG 27080 --- [backend] [main] o.h.q.sqm.function.SqmFunctionRegistry   : Registered SqmFunctionTemplate [org.hibernate.query.sqm.function.MultipatternSqmFunctionDescriptor@6fefc5ea] under lpad; prior registration was NamedSqmFunctionTemplate(lpad)
2026-09-05T00:51:45.050-04:00 DEBUG 27080 --- [backend] [main] o.h.q.sqm.function.SqmFunctionRegistry   : Registered SqmFunctionTemplate [org.hibernate.query.sqm.function.MultipatternSqmFunctionDescriptor@6159fb3c] under rpad; prior registration was NamedSqmFunctionTemplate(rpad)
2026-09-05T00:51:45.050-04:00 DEBUG 27080 --- [backend] [main] o.h.q.sqm.function.SqmFunctionRegistry   : Registered SqmFunctionTemplate [NamedSqmFunctionTemplate(md5)] under md5; prior registration was null
2026-09-05T00:51:45.051-04:00 DEBUG 27080 --- [backend] [main] o.h.q.sqm.function.SqmFunctionRegistry   : Registered SqmFunctionTemplate [NamedSqmFunctionTemplate(day)] under day; prior registration was null
2026-09-05T00:51:45.051-04:00 DEBUG 27080 --- [backend] [main] o.h.q.sqm.function.SqmFunctionRegistry   : Registered SqmFunctionTemplate [NamedSqmFunctionTemplate(month)] under month; prior registration was null
2026-09-05T00:51:45.051-04:00 DEBUG 27080 --- [backend] [main] o.h.q.sqm.function.SqmFunctionRegistry   : Registered SqmFunctionTemplate [NamedSqmFunctionTemplate(year)] under year; prior registration was null
2026-09-05T00:51:45.051-04:00 DEBUG 27080 --- [backend] [main] o.h.q.sqm.function.SqmFunctionRegistry   : Registered SqmFunctionTemplate [NamedSqmFunctionTemplate(hour)] under hour; prior registration was null
2026-09-05T00:51:45.051-04:00 DEBUG 27080 --- [backend] [main] o.h.q.sqm.function.SqmFunctionRegistry   : Registered SqmFunctionTemplate [NamedSqmFunctionTemplate(minute)] under minute; prior registration was null
2026-09-05T00:51:45.051-04:00 DEBUG 27080 --- [backend] [main] o.h.q.sqm.function.SqmFunctionRegistry   : Registered SqmFunctionTemplate [NamedSqmFunctionTemplate(second)] under second; prior registration was null
2026-09-05T00:51:45.051-04:00 DEBUG 27080 --- [backend] [main] o.h.q.sqm.function.SqmFunctionRegistry   : Registered SqmFunctionTemplate [NamedSqmFunctionTemplate(microsecond)] under microsecond; prior registration was null
2026-09-05T00:51:45.051-04:00 DEBUG 27080 --- [backend] [main] o.h.q.sqm.function.SqmFunctionRegistry   : Registered SqmFunctionTemplate [NamedSqmFunctionTemplate(dayofweek)] under dayofweek; prior registration was null
2026-09-05T00:51:45.051-04:00 DEBUG 27080 --- [backend] [main] o.h.q.sqm.function.SqmFunctionRegistry   : Registered SqmFunctionTemplate [NamedSqmFunctionTemplate(dayofmonth)] under dayofmonth; prior registration was null
2026-09-05T00:51:45.051-04:00 DEBUG 27080 --- [backend] [main] o.h.q.sqm.function.SqmFunctionRegistry   : Registering alternate key : day -> dayofmonth
2026-09-05T00:51:45.051-04:00 DEBUG 27080 --- [backend] [main] o.h.q.sqm.function.SqmFunctionRegistry   : Registered SqmFunctionTemplate [NamedSqmFunctionTemplate(dayofyear)] under dayofyear; prior registration was null
2026-09-05T00:51:45.051-04:00 DEBUG 27080 --- [backend] [main] o.h.q.sqm.function.SqmFunctionRegistry   : Registered SqmFunctionTemplate [NamedSqmFunctionTemplate(week)] under week; prior registration was null
2026-09-05T00:51:45.051-04:00 DEBUG 27080 --- [backend] [main] o.h.q.sqm.function.SqmFunctionRegistry   : Registered SqmFunctionTemplate [NamedSqmFunctionTemplate(quarter)] under quarter; prior registration was null
2026-09-05T00:51:45.051-04:00 DEBUG 27080 --- [backend] [main] o.h.q.sqm.function.SqmFunctionRegistry   : Registered SqmFunctionTemplate [NamedSqmFunctionTemplate(monthname)] under monthname; prior registration was null
2026-09-05T00:51:45.051-04:00 DEBUG 27080 --- [backend] [main] o.h.q.sqm.function.SqmFunctionRegistry   : Registered SqmFunctionTemplate [NamedSqmFunctionTemplate(dayname)] under dayname; prior registration was null
2026-09-05T00:51:45.051-04:00 DEBUG 27080 --- [backend] [main] o.h.q.sqm.function.SqmFunctionRegistry   : Registered SqmFunctionTemplate [NamedSqmFunctionTemplate(last_day)] under last_day; prior registration was null
2026-09-05T00:51:45.051-04:00 DEBUG 27080 --- [backend] [main] o.h.q.sqm.function.SqmFunctionRegistry   : Registered SqmFunctionTemplate [NamedSqmFunctionTemplate(date)] under date; prior registration was null
2026-09-05T00:51:45.051-04:00 DEBUG 27080 --- [backend] [main] o.h.q.sqm.function.SqmFunctionRegistry   : Registered SqmFunctionTemplate [NamedSqmFunctionTemplate(timestamp)] under timestamp; prior registration was null
2026-09-05T00:51:45.052-04:00 DEBUG 27080 --- [backend] [main] o.h.q.sqm.function.SqmFunctionRegistry   : Registered SqmFunctionTemplate [NamedSqmFunctionTemplate(time)] under time; prior registration was null
2026-09-05T00:51:45.052-04:00 DEBUG 27080 --- [backend] [main] o.h.q.sqm.function.SqmFunctionRegistry   : Registered SqmFunctionTemplate [NamedSqmFunctionTemplate(utc_date)] under utc_date; prior registration was null
2026-09-05T00:51:45.052-04:00 DEBUG 27080 --- [backend] [main] o.h.q.sqm.function.SqmFunctionRegistry   : Registered SqmFunctionTemplate [NamedSqmFunctionTemplate(utc_time)] under utc_time; prior registration was null
2026-09-05T00:51:45.052-04:00 DEBUG 27080 --- [backend] [main] o.h.q.sqm.function.SqmFunctionRegistry   : Registered SqmFunctionTemplate [NamedSqmFunctionTemplate(utc_timestamp)] under utc_timestamp; prior registration was null
2026-09-05T00:51:45.052-04:00 DEBUG 27080 --- [backend] [main] o.h.q.sqm.function.SqmFunctionRegistry   : Registered SqmFunctionTemplate [NamedSqmFunctionTemplate(rand)] under rand; prior registration was null
2026-09-05T00:51:45.052-04:00 DEBUG 27080 --- [backend] [main] o.h.q.sqm.function.SqmFunctionRegistry   : Registered SqmFunctionTemplate [NamedSqmFunctionTemplate(crc32)] under crc32; prior registration was null
2026-09-05T00:51:45.052-04:00 DEBUG 27080 --- [backend] [main] o.h.q.sqm.function.SqmFunctionRegistry   : Registered SqmFunctionTemplate [NamedSqmFunctionTemplate(sha1)] under sha1; prior registration was null
2026-09-05T00:51:45.052-04:00 DEBUG 27080 --- [backend] [main] o.h.q.sqm.function.SqmFunctionRegistry   : Registered SqmFunctionTemplate [NamedSqmFunctionTemplate(sha2)] under sha2; prior registration was null
2026-09-05T00:51:45.052-04:00 DEBUG 27080 --- [backend] [main] o.h.q.sqm.function.SqmFunctionRegistry   : Registered SqmFunctionTemplate [NamedSqmFunctionTemplate(sha)] under sha; prior registration was null
2026-09-05T00:51:45.052-04:00 DEBUG 27080 --- [backend] [main] o.h.q.sqm.function.SqmFunctionRegistry   : Registered SqmFunctionTemplate [NamedSqmFunctionTemplate(bit_length)] under bit_length; prior registration was null
2026-09-05T00:51:45.052-04:00 DEBUG 27080 --- [backend] [main] o.h.q.sqm.function.SqmFunctionRegistry   : Registered SqmFunctionTemplate [NamedSqmFunctionTemplate(octet_length)] under octet_length; prior registration was NamedSqmFunctionTemplate(octet_length)
2026-09-05T00:51:45.052-04:00 DEBUG 27080 --- [backend] [main] o.h.q.sqm.function.SqmFunctionRegistry   : Registered SqmFunctionTemplate [NamedSqmFunctionTemplate(ascii)] under ascii; prior registration was null
2026-09-05T00:51:45.053-04:00 DEBUG 27080 --- [backend] [main] o.h.q.sqm.function.SqmFunctionRegistry   : Registered SqmFunctionTemplate [NamedSqmFunctionTemplate(instr)] under instr; prior registration was null
2026-09-05T00:51:45.053-04:00 DEBUG 27080 --- [backend] [main] o.h.q.sqm.function.SqmFunctionRegistry   : Registered SqmFunctionTemplate [NamedSqmFunctionTemplate(substr)] under substr; prior registration was null
2026-09-05T00:51:45.053-04:00 DEBUG 27080 --- [backend] [main] o.h.q.sqm.function.SqmFunctionRegistry   : Registered SqmFunctionTemplate [org.hibernate.query.sqm.function.PatternBasedSqmFunctionDescriptor@68f79b7c] under position; prior registration was org.hibernate.dialect.function.LocatePositionEmulation@4910afdf
2026-09-05T00:51:45.053-04:00 DEBUG 27080 --- [backend] [main] o.h.q.sqm.function.SqmFunctionRegistry   : Registered SqmFunctionTemplate [NamedSqmFunctionTemplate(curtime)] under curtime; prior registration was null
2026-09-05T00:51:45.053-04:00 DEBUG 27080 --- [backend] [main] o.h.q.sqm.function.SqmFunctionRegistry   : Registered SqmFunctionTemplate [NamedSqmFunctionTemplate(curdate)] under curdate; prior registration was null
2026-09-05T00:51:45.054-04:00 DEBUG 27080 --- [backend] [main] o.h.q.sqm.function.SqmFunctionRegistry   : Registered SqmFunctionTemplate [NamedSqmFunctionTemplate(now)] under now; prior registration was null
2026-09-05T00:51:45.060-04:00 DEBUG 27080 --- [backend] [main] o.h.q.sqm.function.SqmFunctionRegistry   : Registered SqmFunctionTemplate [org.hibernate.dialect.function.TruncFunction@3f6906f4] under trunc; prior registration was null
2026-09-05T00:51:45.060-04:00 DEBUG 27080 --- [backend] [main] o.h.q.sqm.function.SqmFunctionRegistry   : Registering alternate key : truncate -> trunc
2026-09-05T00:51:45.060-04:00 DEBUG 27080 --- [backend] [main] o.h.q.sqm.function.SqmFunctionRegistry   : Registered SqmFunctionTemplate [NamedSqmFunctionTemplate(insert)] under insert; prior registration was null
2026-09-05T00:51:45.060-04:00 DEBUG 27080 --- [backend] [main] o.h.q.sqm.function.SqmFunctionRegistry   : Registered SqmFunctionTemplate [org.hibernate.query.sqm.function.PatternBasedSqmFunctionDescriptor@1859e55c] under bitand; prior registration was null
2026-09-05T00:51:45.060-04:00 DEBUG 27080 --- [backend] [main] o.h.q.sqm.function.SqmFunctionRegistry   : Registered SqmFunctionTemplate [org.hibernate.query.sqm.function.PatternBasedSqmFunctionDescriptor@190bf8e4] under bitor; prior registration was null
2026-09-05T00:51:45.060-04:00 DEBUG 27080 --- [backend] [main] o.h.q.sqm.function.SqmFunctionRegistry   : Registered SqmFunctionTemplate [org.hibernate.query.sqm.function.PatternBasedSqmFunctionDescriptor@7a8b7e11] under bitxor; prior registration was null
2026-09-05T00:51:45.060-04:00 DEBUG 27080 --- [backend] [main] o.h.q.sqm.function.SqmFunctionRegistry   : Registered SqmFunctionTemplate [org.hibernate.query.sqm.function.PatternBasedSqmFunctionDescriptor@d229912] under bitnot; prior registration was null
2026-09-05T00:51:45.060-04:00 DEBUG 27080 --- [backend] [HikariPool-1 connection adder] com.zaxxer.hikari.pool.HikariPool        : HikariPool-1 - Added connection com.mysql.cj.jdbc.ConnectionImpl@6e937908
2026-09-05T00:51:45.060-04:00 DEBUG 27080 --- [backend] [main] o.h.q.sqm.function.SqmFunctionRegistry   : Registered SqmFunctionTemplate [NamedSqmFunctionTemplate(bit_and)] under bit_and; prior registration was null
2026-09-05T00:51:45.061-04:00 DEBUG 27080 --- [backend] [main] o.h.q.sqm.function.SqmFunctionRegistry   : Registered SqmFunctionTemplate [NamedSqmFunctionTemplate(bit_or)] under bit_or; prior registration was null
2026-09-05T00:51:45.061-04:00 DEBUG 27080 --- [backend] [main] o.h.q.sqm.function.SqmFunctionRegistry   : Registered SqmFunctionTemplate [NamedSqmFunctionTemplate(stddev)] under stddev; prior registration was null
2026-09-05T00:51:45.061-04:00 DEBUG 27080 --- [backend] [main] o.h.q.sqm.function.SqmFunctionRegistry   : Registered SqmFunctionTemplate [NamedSqmFunctionTemplate(stddev_pop)] under stddev_pop; prior registration was null
2026-09-05T00:51:45.061-04:00 DEBUG 27080 --- [backend] [main] o.h.q.sqm.function.SqmFunctionRegistry   : Registered SqmFunctionTemplate [NamedSqmFunctionTemplate(stddev_samp)] under stddev_samp; prior registration was null
2026-09-05T00:51:45.061-04:00 DEBUG 27080 --- [backend] [main] o.h.q.sqm.function.SqmFunctionRegistry   : Registered SqmFunctionTemplate [NamedSqmFunctionTemplate(variance)] under variance; prior registration was null
2026-09-05T00:51:45.061-04:00 DEBUG 27080 --- [backend] [main] o.h.q.sqm.function.SqmFunctionRegistry   : Registered SqmFunctionTemplate [NamedSqmFunctionTemplate(var_pop)] under var_pop; prior registration was null
2026-09-05T00:51:45.061-04:00 DEBUG 27080 --- [backend] [main] o.h.q.sqm.function.SqmFunctionRegistry   : Registered SqmFunctionTemplate [NamedSqmFunctionTemplate(var_samp)] under var_samp; prior registration was null
2026-09-05T00:51:45.061-04:00 DEBUG 27080 --- [backend] [main] o.h.q.sqm.function.SqmFunctionRegistry   : Registered SqmFunctionTemplate [NamedSqmFunctionTemplate(datediff)] under datediff; prior registration was null
2026-09-05T00:51:45.061-04:00 DEBUG 27080 --- [backend] [main] o.h.q.sqm.function.SqmFunctionRegistry   : Registered SqmFunctionTemplate [NamedSqmFunctionTemplate(adddate)] under adddate; prior registration was null
2026-09-05T00:51:45.061-04:00 DEBUG 27080 --- [backend] [main] o.h.q.sqm.function.SqmFunctionRegistry   : Registered SqmFunctionTemplate [NamedSqmFunctionTemplate(subdate)] under subdate; prior registration was null
2026-09-05T00:51:45.061-04:00 DEBUG 27080 --- [backend] [main] o.h.q.sqm.function.SqmFunctionRegistry   : Registered SqmFunctionTemplate [NamedSqmFunctionTemplate(addtime)] under addtime; prior registration was null
2026-09-05T00:51:45.061-04:00 DEBUG 27080 --- [backend] [main] o.h.q.sqm.function.SqmFunctionRegistry   : Registered SqmFunctionTemplate [NamedSqmFunctionTemplate(subtime)] under subtime; prior registration was null
2026-09-05T00:51:45.062-04:00 DEBUG 27080 --- [backend] [main] o.h.q.sqm.function.SqmFunctionRegistry   : Registered SqmFunctionTemplate [org.hibernate.dialect.function.FormatFunction@5a06eeef] under format; prior registration was org.hibernate.dialect.function.FormatFunction@17332039
2026-09-05T00:51:45.062-04:00 DEBUG 27080 --- [backend] [main] o.h.q.sqm.function.SqmFunctionRegistry   : Registered SqmFunctionTemplate [NamedSqmFunctionTemplate(makedate)] under makedate; prior registration was null
2026-09-05T00:51:45.062-04:00 DEBUG 27080 --- [backend] [main] o.h.q.sqm.function.SqmFunctionRegistry   : Registered SqmFunctionTemplate [NamedSqmFunctionTemplate(maketime)] under maketime; prior registration was null
2026-09-05T00:51:45.062-04:00 DEBUG 27080 --- [backend] [main] o.h.q.sqm.function.SqmFunctionRegistry   : Registered SqmFunctionTemplate [NamedSqmFunctionTemplate(localtime)] under localtime; prior registration was null
2026-09-05T00:51:45.062-04:00 DEBUG 27080 --- [backend] [main] o.h.q.sqm.function.SqmFunctionRegistry   : Registered SqmFunctionTemplate [NamedSqmFunctionTemplate(localtimestamp)] under localtimestamp; prior registration was null
2026-09-05T00:51:45.062-04:00 DEBUG 27080 --- [backend] [main] o.h.q.sqm.function.SqmFunctionRegistry   : Registered SqmFunctionTemplate [NamedSqmFunctionTemplate(localtime)] under local_time; prior registration was org.hibernate.dialect.function.CurrentFunction@6ab1f85b
2026-09-05T00:51:45.062-04:00 DEBUG 27080 --- [backend] [main] o.h.q.sqm.function.SqmFunctionRegistry   : Registered SqmFunctionTemplate [NamedSqmFunctionTemplate(localtimestamp)] under local_datetime; prior registration was org.hibernate.dialect.function.CurrentFunction@10e8c7a2
2026-09-05T00:51:45.063-04:00 DEBUG 27080 --- [backend] [main] o.h.q.sqm.function.SqmFunctionRegistry   : Registered SqmFunctionTemplate [NamedSqmFunctionTemplate(localtime)] under localtime; prior registration was NamedSqmFunctionTemplate(localtime)
2026-09-05T00:51:45.063-04:00 DEBUG 27080 --- [backend] [main] o.h.q.sqm.function.SqmFunctionRegistry   : Registered SqmFunctionTemplate [org.hibernate.query.sqm.function.PatternBasedSqmFunctionDescriptor@1c0cf193] under pi; prior registration was org.hibernate.query.sqm.function.PatternBasedSqmFunctionDescriptor@73aae7a
2026-09-05T00:51:45.063-04:00 DEBUG 27080 --- [backend] [main] o.h.q.sqm.function.SqmFunctionRegistry   : Registered SqmFunctionTemplate [org.hibernate.query.sqm.function.PatternBasedSqmFunctionDescriptor@3dd66ff5] under chr; prior registration was null
2026-09-05T00:51:45.063-04:00 DEBUG 27080 --- [backend] [main] o.h.q.sqm.function.SqmFunctionRegistry   : Registering alternate key : char -> chr
2026-09-05T00:51:45.063-04:00 DEBUG 27080 --- [backend] [main] o.h.q.sqm.function.SqmFunctionRegistry   : Registered SqmFunctionTemplate [org.hibernate.query.sqm.function.PatternBasedSqmFunctionDescriptor@24258b54] under sysdate; prior registration was null
2026-09-05T00:51:45.064-04:00 DEBUG 27080 --- [backend] [main] o.h.q.sqm.function.SqmFunctionRegistry   : Registered SqmFunctionTemplate [org.hibernate.dialect.function.ListaggGroupConcatEmulation@3412a3fd] under listagg; prior registration was null
2026-09-05T00:51:45.065-04:00 DEBUG 27080 --- [backend] [main] org.hibernate.HQL_FUNCTIONS              : abs(NUMERIC arg)
2026-09-05T00:51:45.065-04:00 DEBUG 27080 --- [backend] [main] org.hibernate.HQL_FUNCTIONS              : Double acos(NUMERIC arg)
2026-09-05T00:51:45.065-04:00 DEBUG 27080 --- [backend] [main] org.hibernate.HQL_FUNCTIONS              : adddate(DATE datetime, INTEGER days)
2026-09-05T00:51:45.066-04:00 DEBUG 27080 --- [backend] [main] org.hibernate.HQL_FUNCTIONS              : addtime(TIME datetime, TIME time)
2026-09-05T00:51:45.066-04:00 DEBUG 27080 --- [backend] [main] org.hibernate.HQL_FUNCTIONS              : Boolean any(BOOLEAN arg)
2026-09-05T00:51:45.066-04:00 DEBUG 27080 --- [backend] [main] org.hibernate.HQL_FUNCTIONS              : Integer ascii(STRING arg)
2026-09-05T00:51:45.066-04:00 DEBUG 27080 --- [backend] [main] org.hibernate.HQL_FUNCTIONS              : Double asin(NUMERIC arg)
2026-09-05T00:51:45.066-04:00 DEBUG 27080 --- [backend] [main] org.hibernate.HQL_FUNCTIONS              : Double atan(NUMERIC arg)
2026-09-05T00:51:45.066-04:00 DEBUG 27080 --- [backend] [main] org.hibernate.HQL_FUNCTIONS              : Double atan2(NUMERIC arg0, NUMERIC arg1)
2026-09-05T00:51:45.066-04:00 DEBUG 27080 --- [backend] [main] org.hibernate.HQL_FUNCTIONS              : avg(arg)
2026-09-05T00:51:45.066-04:00 DEBUG 27080 --- [backend] [main] org.hibernate.HQL_FUNCTIONS              : bit_and(arg)
2026-09-05T00:51:45.066-04:00 DEBUG 27080 --- [backend] [main] org.hibernate.HQL_FUNCTIONS              : Integer bit_length(STRING_OR_CLOB arg)
2026-09-05T00:51:45.066-04:00 DEBUG 27080 --- [backend] [main] org.hibernate.HQL_FUNCTIONS              : bit_or(arg)
2026-09-05T00:51:45.066-04:00 DEBUG 27080 --- [backend] [main] org.hibernate.HQL_FUNCTIONS              : bitand(arg0, arg1)
2026-09-05T00:51:45.066-04:00 DEBUG 27080 --- [backend] [main] org.hibernate.HQL_FUNCTIONS              : bitnot(arg)
2026-09-05T00:51:45.066-04:00 DEBUG 27080 --- [backend] [main] org.hibernate.HQL_FUNCTIONS              : bitor(arg0, arg1)
2026-09-05T00:51:45.066-04:00 DEBUG 27080 --- [backend] [main] org.hibernate.HQL_FUNCTIONS              : bitxor(arg0, arg1)
2026-09-05T00:51:45.066-04:00 DEBUG 27080 --- [backend] [main] org.hibernate.HQL_FUNCTIONS              : cast(arg as Type)
2026-09-05T00:51:45.066-04:00 DEBUG 27080 --- [backend] [main] org.hibernate.HQL_FUNCTIONS              : ceiling(NUMERIC arg)
2026-09-05T00:51:45.067-04:00 DEBUG 27080 --- [backend] [main] org.hibernate.HQL_FUNCTIONS              : Character char(INTEGER arg)
2026-09-05T00:51:45.067-04:00 DEBUG 27080 --- [backend] [main] org.hibernate.HQL_FUNCTIONS              : Integer character_length(STRING_OR_CLOB arg)
2026-09-05T00:51:45.067-04:00 DEBUG 27080 --- [backend] [main] org.hibernate.HQL_FUNCTIONS              : Character chr(INTEGER arg)
2026-09-05T00:51:45.067-04:00 DEBUG 27080 --- [backend] [main] org.hibernate.HQL_FUNCTIONS              : coalesce(arg0[, arg1[, ...]])
2026-09-05T00:51:45.067-04:00 DEBUG 27080 --- [backend] [main] org.hibernate.HQL_FUNCTIONS              : String collate(STRING string as COLLATION collation)
2026-09-05T00:51:45.067-04:00 DEBUG 27080 --- [backend] [main] org.hibernate.HQL_FUNCTIONS              : String concat(STRING string0[, STRING string1[, ...]])
2026-09-05T00:51:45.067-04:00 DEBUG 27080 --- [backend] [main] org.hibernate.HQL_FUNCTIONS              : Double cos(NUMERIC arg)
2026-09-05T00:51:45.067-04:00 DEBUG 27080 --- [backend] [main] org.hibernate.HQL_FUNCTIONS              : Double cosh(NUMERIC arg)
2026-09-05T00:51:45.067-04:00 DEBUG 27080 --- [backend] [main] org.hibernate.HQL_FUNCTIONS              : Double cot(NUMERIC arg)
2026-09-05T00:51:45.067-04:00 DEBUG 27080 --- [backend] [main] org.hibernate.HQL_FUNCTIONS              : Long count([distinct ]{arg|*})
2026-09-05T00:51:45.067-04:00 DEBUG 27080 --- [backend] [main] org.hibernate.HQL_FUNCTIONS              : Integer crc32(arg)
2026-09-05T00:51:45.067-04:00 DEBUG 27080 --- [backend] [main] org.hibernate.HQL_FUNCTIONS              : Date curdate()
2026-09-05T00:51:45.067-04:00 DEBUG 27080 --- [backend] [main] org.hibernate.HQL_FUNCTIONS              : Date current date
2026-09-05T00:51:45.067-04:00 DEBUG 27080 --- [backend] [main] org.hibernate.HQL_FUNCTIONS              : Time current time
2026-09-05T00:51:45.067-04:00 DEBUG 27080 --- [backend] [main] org.hibernate.HQL_FUNCTIONS              : Timestamp current timestamp
2026-09-05T00:51:45.067-04:00 DEBUG 27080 --- [backend] [main] org.hibernate.HQL_FUNCTIONS              : Date current_date
2026-09-05T00:51:45.067-04:00 DEBUG 27080 --- [backend] [main] org.hibernate.HQL_FUNCTIONS              : Instant current_instant
2026-09-05T00:51:45.067-04:00 DEBUG 27080 --- [backend] [main] org.hibernate.HQL_FUNCTIONS              : Time current_time
2026-09-05T00:51:45.067-04:00 DEBUG 27080 --- [backend] [main] org.hibernate.HQL_FUNCTIONS              : Timestamp current_timestamp
2026-09-05T00:51:45.068-04:00 DEBUG 27080 --- [backend] [main] org.hibernate.HQL_FUNCTIONS              : Time curtime()
2026-09-05T00:51:45.068-04:00 DEBUG 27080 --- [backend] [main] org.hibernate.HQL_FUNCTIONS              : Date date(arg)
2026-09-05T00:51:45.068-04:00 DEBUG 27080 --- [backend] [main] org.hibernate.HQL_FUNCTIONS              : dateadd(TEMPORAL_UNIT field, INTEGER magnitude, TEMPORAL datetime)
2026-09-05T00:51:45.068-04:00 DEBUG 27080 --- [backend] [main] org.hibernate.HQL_FUNCTIONS              : Integer datediff(DATE end, DATE start)
2026-09-05T00:51:45.068-04:00 DEBUG 27080 --- [backend] [main] org.hibernate.HQL_FUNCTIONS              : Integer day(DATE arg)
2026-09-05T00:51:45.068-04:00 DEBUG 27080 --- [backend] [main] org.hibernate.HQL_FUNCTIONS              : String dayname(DATE arg)
2026-09-05T00:51:45.068-04:00 DEBUG 27080 --- [backend] [main] org.hibernate.HQL_FUNCTIONS              : Integer dayofmonth(DATE arg)
2026-09-05T00:51:45.068-04:00 DEBUG 27080 --- [backend] [main] org.hibernate.HQL_FUNCTIONS              : Integer dayofweek(DATE arg)
2026-09-05T00:51:45.068-04:00 DEBUG 27080 --- [backend] [main] org.hibernate.HQL_FUNCTIONS              : Integer dayofyear(DATE arg)
2026-09-05T00:51:45.068-04:00 DEBUG 27080 --- [backend] [main] org.hibernate.HQL_FUNCTIONS              : Double degrees(NUMERIC arg)
2026-09-05T00:51:45.068-04:00 DEBUG 27080 --- [backend] [main] org.hibernate.HQL_FUNCTIONS              : Boolean every(BOOLEAN arg)
2026-09-05T00:51:45.068-04:00 DEBUG 27080 --- [backend] [main] org.hibernate.HQL_FUNCTIONS              : Double exp(NUMERIC arg)
2026-09-05T00:51:45.068-04:00 DEBUG 27080 --- [backend] [main] org.hibernate.HQL_FUNCTIONS              : extract(TEMPORAL_UNIT field from TEMPORAL arg)
2026-09-05T00:51:45.068-04:00 DEBUG 27080 --- [backend] [main] org.hibernate.HQL_FUNCTIONS              : floor(NUMERIC arg)
2026-09-05T00:51:45.068-04:00 DEBUG 27080 --- [backend] [main] org.hibernate.HQL_FUNCTIONS              : String format(TEMPORAL datetime as STRING pattern)
2026-09-05T00:51:45.068-04:00 DEBUG 27080 --- [backend] [main] org.hibernate.HQL_FUNCTIONS              : greatest(COMPARABLE arg0, COMPARABLE arg1[, arg2[, ...]])
2026-09-05T00:51:45.068-04:00 DEBUG 27080 --- [backend] [main] org.hibernate.HQL_FUNCTIONS              : Integer hour(TIME arg)
2026-09-05T00:51:45.068-04:00 DEBUG 27080 --- [backend] [main] org.hibernate.HQL_FUNCTIONS              : ifnull(arg0, arg1)
2026-09-05T00:51:45.068-04:00 DEBUG 27080 --- [backend] [main] org.hibernate.HQL_FUNCTIONS              : String insert(STRING string, INTEGER start, INTEGER length, STRING replacement)
2026-09-05T00:51:45.069-04:00 DEBUG 27080 --- [backend] [main] org.hibernate.HQL_FUNCTIONS              : Instant instant
2026-09-05T00:51:45.069-04:00 DEBUG 27080 --- [backend] [main] org.hibernate.HQL_FUNCTIONS              : Integer instr(STRING string, STRING pattern[, INTEGER start[, INTEGER occurrence]])
2026-09-05T00:51:45.069-04:00 DEBUG 27080 --- [backend] [main] org.hibernate.HQL_FUNCTIONS              : Date last_day(DATE arg)
2026-09-05T00:51:45.069-04:00 DEBUG 27080 --- [backend] [main] org.hibernate.HQL_FUNCTIONS              : least(COMPARABLE arg0, COMPARABLE arg1[, arg2[, ...]])
2026-09-05T00:51:45.069-04:00 DEBUG 27080 --- [backend] [main] org.hibernate.HQL_FUNCTIONS              : String left(STRING string, INTEGER length)
2026-09-05T00:51:45.069-04:00 DEBUG 27080 --- [backend] [main] org.hibernate.HQL_FUNCTIONS              : Integer length(STRING_OR_CLOB arg)
2026-09-05T00:51:45.069-04:00 DEBUG 27080 --- [backend] [main] org.hibernate.HQL_FUNCTIONS              : String listagg(STRING arg0, STRING arg1)
2026-09-05T00:51:45.069-04:00 DEBUG 27080 --- [backend] [main] org.hibernate.HQL_FUNCTIONS              : Double ln(NUMERIC arg)
2026-09-05T00:51:45.069-04:00 DEBUG 27080 --- [backend] [main] org.hibernate.HQL_FUNCTIONS              : LocalDate local date
2026-09-05T00:51:45.069-04:00 DEBUG 27080 --- [backend] [main] org.hibernate.HQL_FUNCTIONS              : LocalDateTime local datetime
2026-09-05T00:51:45.069-04:00 DEBUG 27080 --- [backend] [main] org.hibernate.HQL_FUNCTIONS              : LocalTime local time
2026-09-05T00:51:45.069-04:00 DEBUG 27080 --- [backend] [main] org.hibernate.HQL_FUNCTIONS              : LocalDate local_date
2026-09-05T00:51:45.069-04:00 DEBUG 27080 --- [backend] [main] org.hibernate.HQL_FUNCTIONS              : LocalDateTime local_datetime
2026-09-05T00:51:45.069-04:00 DEBUG 27080 --- [backend] [main] org.hibernate.HQL_FUNCTIONS              : LocalTime local_time
2026-09-05T00:51:45.069-04:00 DEBUG 27080 --- [backend] [main] org.hibernate.HQL_FUNCTIONS              : Timestamp localtime
2026-09-05T00:51:45.069-04:00 DEBUG 27080 --- [backend] [main] org.hibernate.HQL_FUNCTIONS              : Timestamp localtimestamp
2026-09-05T00:51:45.069-04:00 DEBUG 27080 --- [backend] [main] org.hibernate.HQL_FUNCTIONS              : Integer locate(STRING pattern, STRING string[, INTEGER start])
2026-09-05T00:51:45.069-04:00 DEBUG 27080 --- [backend] [main] org.hibernate.HQL_FUNCTIONS              : Double log(NUMERIC arg0[, NUMERIC arg1])
2026-09-05T00:51:45.070-04:00 DEBUG 27080 --- [backend] [main] org.hibernate.HQL_FUNCTIONS              : Double log10(NUMERIC arg)
2026-09-05T00:51:45.070-04:00 DEBUG 27080 --- [backend] [main] org.hibernate.HQL_FUNCTIONS              : Double log2(NUMERIC arg)
2026-09-05T00:51:45.070-04:00 DEBUG 27080 --- [backend] [main] org.hibernate.HQL_FUNCTIONS              : String lower(STRING string)
2026-09-05T00:51:45.070-04:00 DEBUG 27080 --- [backend] [main] org.hibernate.HQL_FUNCTIONS              : String lpad(string, length[, padding])
2026-09-05T00:51:45.070-04:00 DEBUG 27080 --- [backend] [main] org.hibernate.HQL_FUNCTIONS              : String ltrim(STRING string[, STRING characters])
2026-09-05T00:51:45.070-04:00 DEBUG 27080 --- [backend] [main] org.hibernate.HQL_FUNCTIONS              : Date makedate(INTEGER year, INTEGER dayofyear)
2026-09-05T00:51:45.070-04:00 DEBUG 27080 --- [backend] [main] org.hibernate.HQL_FUNCTIONS              : Time maketime(INTEGER hour, INTEGER min, INTEGER sec)
2026-09-05T00:51:45.070-04:00 DEBUG 27080 --- [backend] [main] org.hibernate.HQL_FUNCTIONS              : max(COMPARABLE arg)
2026-09-05T00:51:45.070-04:00 DEBUG 27080 --- [backend] [main] org.hibernate.HQL_FUNCTIONS              : String md5(arg)
2026-09-05T00:51:45.070-04:00 DEBUG 27080 --- [backend] [main] org.hibernate.HQL_FUNCTIONS              : Integer microsecond(TIME arg)
2026-09-05T00:51:45.070-04:00 DEBUG 27080 --- [backend] [main] org.hibernate.HQL_FUNCTIONS              : min(COMPARABLE arg)
2026-09-05T00:51:45.070-04:00 DEBUG 27080 --- [backend] [main] org.hibernate.HQL_FUNCTIONS              : Integer minute(TIME arg)
2026-09-05T00:51:45.070-04:00 DEBUG 27080 --- [backend] [main] org.hibernate.HQL_FUNCTIONS              : Integer mod(INTEGER arg0, INTEGER arg1)
2026-09-05T00:51:45.070-04:00 DEBUG 27080 --- [backend] [main] org.hibernate.HQL_FUNCTIONS              : Integer month(DATE arg)
2026-09-05T00:51:45.070-04:00 DEBUG 27080 --- [backend] [main] org.hibernate.HQL_FUNCTIONS              : String monthname(DATE arg)
2026-09-05T00:51:45.070-04:00 DEBUG 27080 --- [backend] [main] org.hibernate.HQL_FUNCTIONS              : Timestamp now()
2026-09-05T00:51:45.070-04:00 DEBUG 27080 --- [backend] [main] org.hibernate.HQL_FUNCTIONS              : nullif(arg0, arg1)
2026-09-05T00:51:45.071-04:00 DEBUG 27080 --- [backend] [main] org.hibernate.HQL_FUNCTIONS              : Integer octet_length(STRING_OR_CLOB arg)
2026-09-05T00:51:45.071-04:00 DEBUG 27080 --- [backend] [main] org.hibernate.HQL_FUNCTIONS              : OffsetDateTime offset datetime
2026-09-05T00:51:45.071-04:00 DEBUG 27080 --- [backend] [main] org.hibernate.HQL_FUNCTIONS              : OffsetDateTime offset_datetime
2026-09-05T00:51:45.071-04:00 DEBUG 27080 --- [backend] [main] org.hibernate.HQL_FUNCTIONS              : String overlay(STRING string placing STRING replacement from INTEGER start[ for INTEGER length])
2026-09-05T00:51:45.071-04:00 DEBUG 27080 --- [backend] [main] org.hibernate.HQL_FUNCTIONS              : String pad(STRING string with INTEGER length {leading|trailing}[ STRING character])
2026-09-05T00:51:45.071-04:00 DEBUG 27080 --- [backend] [main] org.hibernate.HQL_FUNCTIONS              : Double pi
2026-09-05T00:51:45.071-04:00 DEBUG 27080 --- [backend] [main] org.hibernate.HQL_FUNCTIONS              : Integer position(STRING pattern in STRING string)
2026-09-05T00:51:45.071-04:00 DEBUG 27080 --- [backend] [main] org.hibernate.HQL_FUNCTIONS              : Double power(NUMERIC arg0, NUMERIC arg1)
2026-09-05T00:51:45.071-04:00 DEBUG 27080 --- [backend] [main] org.hibernate.HQL_FUNCTIONS              : Integer quarter(DATE arg)
2026-09-05T00:51:45.071-04:00 DEBUG 27080 --- [backend] [main] org.hibernate.HQL_FUNCTIONS              : Double radians(NUMERIC arg)
2026-09-05T00:51:45.072-04:00 DEBUG 27080 --- [backend] [main] org.hibernate.HQL_FUNCTIONS              : Double rand([INTEGER seed])
2026-09-05T00:51:45.072-04:00 DEBUG 27080 --- [backend] [main] org.hibernate.HQL_FUNCTIONS              : String repeat(STRING string, INTEGER times)
2026-09-05T00:51:45.072-04:00 DEBUG 27080 --- [backend] [main] org.hibernate.HQL_FUNCTIONS              : String replace(STRING string, STRING pattern, STRING replacement)
2026-09-05T00:51:45.072-04:00 DEBUG 27080 --- [backend] [main] org.hibernate.HQL_FUNCTIONS              : String reverse(STRING arg)
2026-09-05T00:51:45.072-04:00 DEBUG 27080 --- [backend] [main] org.hibernate.HQL_FUNCTIONS              : String right(STRING string, INTEGER length)
2026-09-05T00:51:45.072-04:00 DEBUG 27080 --- [backend] [main] org.hibernate.HQL_FUNCTIONS              : round(NUMERIC number[, INTEGER places])
2026-09-05T00:51:45.072-04:00 DEBUG 27080 --- [backend] [main] org.hibernate.HQL_FUNCTIONS              : String rpad(string, length[, padding])
2026-09-05T00:51:45.072-04:00 DEBUG 27080 --- [backend] [main] org.hibernate.HQL_FUNCTIONS              : String rtrim(STRING string[, STRING characters])
2026-09-05T00:51:45.072-04:00 DEBUG 27080 --- [backend] [main] org.hibernate.HQL_FUNCTIONS              : Integer second(TIME arg)
2026-09-05T00:51:45.072-04:00 DEBUG 27080 --- [backend] [main] org.hibernate.HQL_FUNCTIONS              : String sha(arg)
2026-09-05T00:51:45.072-04:00 DEBUG 27080 --- [backend] [main] org.hibernate.HQL_FUNCTIONS              : String sha1(arg)
2026-09-05T00:51:45.072-04:00 DEBUG 27080 --- [backend] [main] org.hibernate.HQL_FUNCTIONS              : String sha2(arg0, arg1)
2026-09-05T00:51:45.072-04:00 DEBUG 27080 --- [backend] [main] org.hibernate.HQL_FUNCTIONS              : Integer sign(NUMERIC arg)
2026-09-05T00:51:45.072-04:00 DEBUG 27080 --- [backend] [main] org.hibernate.HQL_FUNCTIONS              : Double sin(NUMERIC arg)
2026-09-05T00:51:45.072-04:00 DEBUG 27080 --- [backend] [main] org.hibernate.HQL_FUNCTIONS              : Double sinh(NUMERIC arg)
2026-09-05T00:51:45.072-04:00 DEBUG 27080 --- [backend] [main] org.hibernate.HQL_FUNCTIONS              : String soundex(arg)
2026-09-05T00:51:45.073-04:00 DEBUG 27080 --- [backend] [main] org.hibernate.HQL_FUNCTIONS              : String space(INTEGER arg)
2026-09-05T00:51:45.073-04:00 DEBUG 27080 --- [backend] [main] org.hibernate.HQL_FUNCTIONS              : Object sql
2026-09-05T00:51:45.073-04:00 DEBUG 27080 --- [backend] [main] org.hibernate.HQL_FUNCTIONS              : Double sqrt(NUMERIC arg)
2026-09-05T00:51:45.073-04:00 DEBUG 27080 --- [backend] [main] org.hibernate.HQL_FUNCTIONS              : Double stddev(NUMERIC arg)
2026-09-05T00:51:45.073-04:00 DEBUG 27080 --- [backend] [main] org.hibernate.HQL_FUNCTIONS              : Double stddev_pop(NUMERIC arg)
2026-09-05T00:51:45.073-04:00 DEBUG 27080 --- [backend] [main] org.hibernate.HQL_FUNCTIONS              : Double stddev_samp(NUMERIC arg)
2026-09-05T00:51:45.073-04:00 DEBUG 27080 --- [backend] [main] org.hibernate.HQL_FUNCTIONS              : String str(arg)
2026-09-05T00:51:45.073-04:00 DEBUG 27080 --- [backend] [main] org.hibernate.HQL_FUNCTIONS              : subdate(DATE datetime, INTEGER days)
2026-09-05T00:51:45.073-04:00 DEBUG 27080 --- [backend] [main] org.hibernate.HQL_FUNCTIONS              : String substr(STRING string, INTEGER start[, INTEGER length])
2026-09-05T00:51:45.073-04:00 DEBUG 27080 --- [backend] [main] org.hibernate.HQL_FUNCTIONS              : String substring(STRING string{ from|,} INTEGER start[{ for|,} INTEGER length])
2026-09-05T00:51:45.073-04:00 DEBUG 27080 --- [backend] [main] org.hibernate.HQL_FUNCTIONS              : subtime(TIME datetime, TIME time)
2026-09-05T00:51:45.073-04:00 DEBUG 27080 --- [backend] [main] org.hibernate.HQL_FUNCTIONS              : sum(arg)
2026-09-05T00:51:45.073-04:00 DEBUG 27080 --- [backend] [main] org.hibernate.HQL_FUNCTIONS              : Timestamp sysdate()
2026-09-05T00:51:45.074-04:00 DEBUG 27080 --- [backend] [main] org.hibernate.HQL_FUNCTIONS              : Double tan(NUMERIC arg)
2026-09-05T00:51:45.074-04:00 DEBUG 27080 --- [backend] [main] org.hibernate.HQL_FUNCTIONS              : Double tanh(NUMERIC arg)
2026-09-05T00:51:45.074-04:00 DEBUG 27080 --- [backend] [main] org.hibernate.HQL_FUNCTIONS              : String time(arg)
2026-09-05T00:51:45.074-04:00 DEBUG 27080 --- [backend] [main] org.hibernate.HQL_FUNCTIONS              : Timestamp timestamp(arg0[, arg1])
2026-09-05T00:51:45.074-04:00 DEBUG 27080 --- [backend] [main] org.hibernate.HQL_FUNCTIONS              : timestampadd(TEMPORAL_UNIT field, INTEGER magnitude, TEMPORAL datetime)
2026-09-05T00:51:45.074-04:00 DEBUG 27080 --- [backend] [main] org.hibernate.HQL_FUNCTIONS              : Long|Double timestampdiff(TEMPORAL_UNIT field, TEMPORAL start, TEMPORAL end)
2026-09-05T00:51:45.074-04:00 DEBUG 27080 --- [backend] [main] org.hibernate.HQL_FUNCTIONS              : String trim([[{leading|trailing|both} ][STRING arg0 ]from] STRING arg1)
2026-09-05T00:51:45.074-04:00 DEBUG 27080 --- [backend] [main] org.hibernate.HQL_FUNCTIONS              : trunc( ... )
2026-09-05T00:51:45.074-04:00 DEBUG 27080 --- [backend] [main] org.hibernate.HQL_FUNCTIONS              : truncate( ... )
2026-09-05T00:51:45.074-04:00 DEBUG 27080 --- [backend] [main] org.hibernate.HQL_FUNCTIONS              : String upper(STRING string)
2026-09-05T00:51:45.074-04:00 DEBUG 27080 --- [backend] [main] org.hibernate.HQL_FUNCTIONS              : Date utc_date
2026-09-05T00:51:45.074-04:00 DEBUG 27080 --- [backend] [main] org.hibernate.HQL_FUNCTIONS              : Time utc_time
2026-09-05T00:51:45.075-04:00 DEBUG 27080 --- [backend] [main] org.hibernate.HQL_FUNCTIONS              : Timestamp utc_timestamp
2026-09-05T00:51:45.075-04:00 DEBUG 27080 --- [backend] [main] org.hibernate.HQL_FUNCTIONS              : Double var_pop(NUMERIC arg)
2026-09-05T00:51:45.075-04:00 DEBUG 27080 --- [backend] [main] org.hibernate.HQL_FUNCTIONS              : Double var_samp(NUMERIC arg)
2026-09-05T00:51:45.075-04:00 DEBUG 27080 --- [backend] [main] org.hibernate.HQL_FUNCTIONS              : Double variance(NUMERIC arg)
2026-09-05T00:51:45.075-04:00 DEBUG 27080 --- [backend] [main] org.hibernate.HQL_FUNCTIONS              : Integer week(DATE arg)
2026-09-05T00:51:45.075-04:00 DEBUG 27080 --- [backend] [main] org.hibernate.HQL_FUNCTIONS              : Integer year(DATE arg)
2026-09-05T00:51:45.083-04:00 DEBUG 27080 --- [backend] [main] org.hibernate.orm.query.plan.cache       : Starting QueryInterpretationCache(2048)
2026-09-05T00:51:45.088-04:00 TRACE 27080 --- [backend] [main] o.h.s.i.AbstractServiceRegistryImpl      : Initializing service [role=org.hibernate.engine.query.spi.NativeQueryInterpreter]
2026-09-05T00:51:45.092-04:00 DEBUG 27080 --- [backend] [HikariPool-1 connection adder] com.zaxxer.hikari.pool.HikariPool        : HikariPool-1 - After adding stats (total=10, active=0, idle=10, waiting=0)
2026-09-05T00:51:45.148-04:00 DEBUG 27080 --- [backend] [main] .h.s.i.SessionFactoryServiceRegistryImpl : EventListenerRegistry access via ServiceRegistry is deprecated.  Use `sessionFactory.getEventEngine().getListenerRegistry()` instead
2026-09-05T00:51:45.148-04:00 TRACE 27080 --- [backend] [main] o.h.s.i.AbstractServiceRegistryImpl      : Initializing service [role=org.hibernate.engine.jdbc.mutation.spi.MutationExecutorService]
2026-09-05T00:51:45.149-04:00 TRACE 27080 --- [backend] [main] o.h.s.i.AbstractServiceRegistryImpl      : Initializing service [role=org.hibernate.event.spi.EntityCopyObserverFactory]
2026-09-05T00:51:45.149-04:00 DEBUG 27080 --- [backend] [main] h.e.i.EntityCopyObserverFactoryInitiator : Configured EntityCopyObserver strategy: disallow
2026-09-05T00:51:45.150-04:00 TRACE 27080 --- [backend] [main] o.h.s.i.AbstractServiceRegistryImpl      : Initializing service [role=org.hibernate.sql.results.jdbc.spi.JdbcValuesMappingProducerProvider]
2026-09-05T00:51:45.154-04:00 TRACE 27080 --- [backend] [main] o.h.s.i.AbstractServiceRegistryImpl      : Initializing service [role=org.hibernate.engine.jdbc.batch.spi.BatchBuilder]
2026-09-05T00:51:45.156-04:00 TRACE 27080 --- [backend] [main] org.hibernate.orm.jdbc.batch             : Using standard BatchBuilder (1)
2026-09-05T00:51:45.160-04:00 TRACE 27080 --- [backend] [main] o.h.s.i.AbstractServiceRegistryImpl      : Initializing service [role=org.hibernate.persister.spi.PersisterFactory]
2026-09-05T00:51:45.161-04:00 TRACE 27080 --- [backend] [main] o.h.s.i.AbstractServiceRegistryImpl      : Initializing service [role=org.hibernate.persister.spi.PersisterClassResolver]
2026-09-05T00:51:45.220-04:00 DEBUG 27080 --- [backend] [main] o.h.boot.internal.ClassLoaderAccessImpl  : Not known whether passed class name [com.duoc.backend.User] is safe
2026-09-05T00:51:45.220-04:00 DEBUG 27080 --- [backend] [main] o.h.boot.internal.ClassLoaderAccessImpl  : No temp ClassLoader provided; using live ClassLoader for loading potentially unsafe class : com.duoc.backend.User
2026-09-05T00:51:45.222-04:00 TRACE 27080 --- [backend] [main] o.h.s.i.AbstractServiceRegistryImpl      : Initializing service [role=org.hibernate.property.access.spi.PropertyAccessStrategyResolver]
2026-09-05T00:51:45.346-04:00 DEBUG 27080 --- [backend] [main] o.h.b.i.bytebuddy.BytecodeProviderImpl   : HHH000513: Unable to create the ReflectionOptimizer for [com.duoc.backend.User]: private accessor [email]
2026-09-05T00:51:45.368-04:00 TRACE 27080 --- [backend] [main] o.h.p.entity.AbstractPropertyMapping     : Skipping duplicate registration of path [email], existing type = [basicType@7(java.lang.String,12)], incoming type = [basicType@7(java.lang.String,12)]
2026-09-05T00:51:45.368-04:00 TRACE 27080 --- [backend] [main] o.h.p.entity.AbstractPropertyMapping     : Skipping duplicate registration of path [password], existing type = [basicType@7(java.lang.String,12)], incoming type = [basicType@7(java.lang.String,12)]
2026-09-05T00:51:45.368-04:00 TRACE 27080 --- [backend] [main] o.h.p.entity.AbstractPropertyMapping     : Skipping duplicate registration of path [username], existing type = [basicType@7(java.lang.String,12)], incoming type = [basicType@7(java.lang.String,12)]
2026-09-05T00:51:45.368-04:00 TRACE 27080 --- [backend] [main] o.h.p.entity.AbstractPropertyMapping     : Skipping duplicate registration of path [id], existing type = [basicType@10(java.lang.Integer,4)], incoming type = [basicType@10(java.lang.Integer,4)]
2026-09-05T00:51:45.369-04:00 DEBUG 27080 --- [backend] [main] o.h.boot.internal.ClassLoaderAccessImpl  : Not known whether passed class name [com.duoc.backend.Appointment.Appointment] is safe
2026-09-05T00:51:45.369-04:00 DEBUG 27080 --- [backend] [main] o.h.boot.internal.ClassLoaderAccessImpl  : No temp ClassLoader provided; using live ClassLoader for loading potentially unsafe class : com.duoc.backend.Appointment.Appointment
2026-09-05T00:51:45.379-04:00 DEBUG 27080 --- [backend] [main] o.h.b.i.bytebuddy.BytecodeProviderImpl   : HHH000513: Unable to create the ReflectionOptimizer for [com.duoc.backend.Appointment.Appointment]: private accessor [date]
2026-09-05T00:51:45.380-04:00 TRACE 27080 --- [backend] [main] o.h.p.entity.AbstractPropertyMapping     : Skipping duplicate registration of path [date], existing type = [basicType@6(java.time.LocalDate,91)], incoming type = [basicType@6(java.time.LocalDate,91)]
2026-09-05T00:51:45.380-04:00 TRACE 27080 --- [backend] [main] o.h.p.entity.AbstractPropertyMapping     : Skipping duplicate registration of path [reason], existing type = [basicType@7(java.lang.String,12)], incoming type = [basicType@7(java.lang.String,12)]
2026-09-05T00:51:45.380-04:00 TRACE 27080 --- [backend] [main] o.h.p.entity.AbstractPropertyMapping     : Skipping duplicate registration of path [time], existing type = [basicType@8(java.time.LocalTime,92)], incoming type = [basicType@8(java.time.LocalTime,92)]
2026-09-05T00:51:45.380-04:00 TRACE 27080 --- [backend] [main] o.h.p.entity.AbstractPropertyMapping     : Skipping duplicate registration of path [veterinarian], existing type = [basicType@7(java.lang.String,12)], incoming type = [basicType@7(java.lang.String,12)]
2026-09-05T00:51:45.380-04:00 TRACE 27080 --- [backend] [main] o.h.p.entity.AbstractPropertyMapping     : Skipping duplicate registration of path [id], existing type = [basicType@5(java.lang.Long,-5)], incoming type = [basicType@5(java.lang.Long,-5)]
2026-09-05T00:51:45.380-04:00 DEBUG 27080 --- [backend] [main] o.h.boot.internal.ClassLoaderAccessImpl  : Not known whether passed class name [com.duoc.backend.Patient.Patient] is safe
2026-09-05T00:51:45.380-04:00 DEBUG 27080 --- [backend] [main] o.h.boot.internal.ClassLoaderAccessImpl  : No temp ClassLoader provided; using live ClassLoader for loading potentially unsafe class : com.duoc.backend.Patient.Patient
2026-09-05T00:51:45.390-04:00 DEBUG 27080 --- [backend] [main] o.h.b.i.bytebuddy.BytecodeProviderImpl   : HHH000513: Unable to create the ReflectionOptimizer for [com.duoc.backend.Patient.Patient]: private accessor [age]
2026-09-05T00:51:45.391-04:00 TRACE 27080 --- [backend] [main] o.h.p.entity.AbstractPropertyMapping     : Skipping duplicate registration of path [age], existing type = [basicType@10(java.lang.Integer,4)], incoming type = [basicType@10(java.lang.Integer,4)]
2026-09-05T00:51:45.391-04:00 TRACE 27080 --- [backend] [main] o.h.p.entity.AbstractPropertyMapping     : Skipping duplicate registration of path [breed], existing type = [basicType@7(java.lang.String,12)], incoming type = [basicType@7(java.lang.String,12)]
2026-09-05T00:51:45.391-04:00 TRACE 27080 --- [backend] [main] o.h.p.entity.AbstractPropertyMapping     : Skipping duplicate registration of path [name], existing type = [basicType@7(java.lang.String,12)], incoming type = [basicType@7(java.lang.String,12)]
2026-09-05T00:51:45.391-04:00 TRACE 27080 --- [backend] [main] o.h.p.entity.AbstractPropertyMapping     : Skipping duplicate registration of path [owner], existing type = [basicType@7(java.lang.String,12)], incoming type = [basicType@7(java.lang.String,12)]
2026-09-05T00:51:45.391-04:00 TRACE 27080 --- [backend] [main] o.h.p.entity.AbstractPropertyMapping     : Skipping duplicate registration of path [species], existing type = [basicType@7(java.lang.String,12)], incoming type = [basicType@7(java.lang.String,12)]
2026-09-05T00:51:45.391-04:00 TRACE 27080 --- [backend] [main] o.h.p.entity.AbstractPropertyMapping     : Skipping duplicate registration of path [id], existing type = [basicType@5(java.lang.Long,-5)], incoming type = [basicType@5(java.lang.Long,-5)]
2026-09-05T00:51:45.393-04:00 DEBUG 27080 --- [backend] [main] o.h.boot.internal.ClassLoaderAccessImpl  : Not known whether passed class name [com.duoc.backend.Invoice.Invoice] is safe
2026-09-05T00:51:45.393-04:00 DEBUG 27080 --- [backend] [main] o.h.boot.internal.ClassLoaderAccessImpl  : No temp ClassLoader provided; using live ClassLoader for loading potentially unsafe class : com.duoc.backend.Invoice.Invoice
2026-09-05T00:51:45.405-04:00 DEBUG 27080 --- [backend] [main] o.h.b.i.bytebuddy.BytecodeProviderImpl   : HHH000513: Unable to create the ReflectionOptimizer for [com.duoc.backend.Invoice.Invoice]: private accessor [cares]
2026-09-05T00:51:45.405-04:00 TRACE 27080 --- [backend] [main] o.h.p.entity.AbstractPropertyMapping     : Skipping duplicate registration of path [cares], existing type = [org.hibernate.type.BagType(com.duoc.backend.Invoice.Invoice.cares)], incoming type = [org.hibernate.type.BagType(com.duoc.backend.Invoice.Invoice.cares)]
2026-09-05T00:51:45.405-04:00 TRACE 27080 --- [backend] [main] o.h.p.entity.AbstractPropertyMapping     : Skipping duplicate registration of path [date], existing type = [basicType@6(java.time.LocalDate,91)], incoming type = [basicType@6(java.time.LocalDate,91)]
2026-09-05T00:51:45.405-04:00 TRACE 27080 --- [backend] [main] o.h.p.entity.AbstractPropertyMapping     : Skipping duplicate registration of path [medications], existing type = [org.hibernate.type.BagType(com.duoc.backend.Invoice.Invoice.medications)], incoming type = [org.hibernate.type.BagType(com.duoc.backend.Invoice.Invoice.medications)]
2026-09-05T00:51:45.406-04:00 TRACE 27080 --- [backend] [main] o.h.p.entity.AbstractPropertyMapping     : Skipping duplicate registration of path [patientName], existing type = [basicType@7(java.lang.String,12)], incoming type = [basicType@7(java.lang.String,12)]
2026-09-05T00:51:45.406-04:00 TRACE 27080 --- [backend] [main] o.h.p.entity.AbstractPropertyMapping     : Skipping duplicate registration of path [time], existing type = [basicType@8(java.time.LocalTime,92)], incoming type = [basicType@8(java.time.LocalTime,92)]
2026-09-05T00:51:45.406-04:00 TRACE 27080 --- [backend] [main] o.h.p.entity.AbstractPropertyMapping     : Skipping duplicate registration of path [totalCost], existing type = [basicType@9(java.lang.Double,8)], incoming type = [basicType@9(java.lang.Double,8)]
2026-09-05T00:51:45.406-04:00 TRACE 27080 --- [backend] [main] o.h.p.entity.AbstractPropertyMapping     : Skipping duplicate registration of path [id], existing type = [basicType@5(java.lang.Long,-5)], incoming type = [basicType@5(java.lang.Long,-5)]
2026-09-05T00:51:45.406-04:00 DEBUG 27080 --- [backend] [main] o.h.boot.internal.ClassLoaderAccessImpl  : Not known whether passed class name [com.duoc.backend.Medication.Medication] is safe
2026-09-05T00:51:45.406-04:00 DEBUG 27080 --- [backend] [main] o.h.boot.internal.ClassLoaderAccessImpl  : No temp ClassLoader provided; using live ClassLoader for loading potentially unsafe class : com.duoc.backend.Medication.Medication
2026-09-05T00:51:45.414-04:00 DEBUG 27080 --- [backend] [main] o.h.b.i.bytebuddy.BytecodeProviderImpl   : HHH000513: Unable to create the ReflectionOptimizer for [com.duoc.backend.Medication.Medication]: private accessor [cost]
2026-09-05T00:51:45.414-04:00 TRACE 27080 --- [backend] [main] o.h.p.entity.AbstractPropertyMapping     : Skipping duplicate registration of path [cost], existing type = [basicType@9(java.lang.Double,8)], incoming type = [basicType@9(java.lang.Double,8)]
2026-09-05T00:51:45.414-04:00 TRACE 27080 --- [backend] [main] o.h.p.entity.AbstractPropertyMapping     : Skipping duplicate registration of path [name], existing type = [basicType@7(java.lang.String,12)], incoming type = [basicType@7(java.lang.String,12)]
2026-09-05T00:51:45.414-04:00 TRACE 27080 --- [backend] [main] o.h.p.entity.AbstractPropertyMapping     : Skipping duplicate registration of path [id], existing type = [basicType@5(java.lang.Long,-5)], incoming type = [basicType@5(java.lang.Long,-5)]
2026-09-05T00:51:45.415-04:00 DEBUG 27080 --- [backend] [main] o.h.boot.internal.ClassLoaderAccessImpl  : Not known whether passed class name [com.duoc.backend.Care.Care] is safe
2026-09-05T00:51:45.415-04:00 DEBUG 27080 --- [backend] [main] o.h.boot.internal.ClassLoaderAccessImpl  : No temp ClassLoader provided; using live ClassLoader for loading potentially unsafe class : com.duoc.backend.Care.Care
2026-09-05T00:51:45.421-04:00 DEBUG 27080 --- [backend] [main] o.h.b.i.bytebuddy.BytecodeProviderImpl   : HHH000513: Unable to create the ReflectionOptimizer for [com.duoc.backend.Care.Care]: private accessor [cost]
2026-09-05T00:51:45.421-04:00 TRACE 27080 --- [backend] [main] o.h.p.entity.AbstractPropertyMapping     : Skipping duplicate registration of path [cost], existing type = [basicType@9(java.lang.Double,8)], incoming type = [basicType@9(java.lang.Double,8)]
2026-09-05T00:51:45.421-04:00 TRACE 27080 --- [backend] [main] o.h.p.entity.AbstractPropertyMapping     : Skipping duplicate registration of path [name], existing type = [basicType@7(java.lang.String,12)], incoming type = [basicType@7(java.lang.String,12)]
2026-09-05T00:51:45.421-04:00 TRACE 27080 --- [backend] [main] o.h.p.entity.AbstractPropertyMapping     : Skipping duplicate registration of path [id], existing type = [basicType@5(java.lang.Long,-5)], incoming type = [basicType@5(java.lang.Long,-5)]
2026-09-05T00:51:45.442-04:00 DEBUG 27080 --- [backend] [main] org.hibernate.orm.jdbc.mutation          : Skipping collection row updates - com.duoc.backend.Invoice.Invoice.medications
2026-09-05T00:51:45.444-04:00 DEBUG 27080 --- [backend] [main] org.hibernate.orm.jdbc.mutation          : Skipping collection row updates - com.duoc.backend.Invoice.Invoice.cares
2026-09-05T00:51:45.467-04:00 DEBUG 27080 --- [backend] [main] o.hibernate.orm.model.mapping.creation   : Starting post-init callbacks
2026-09-05T00:51:45.467-04:00 DEBUG 27080 --- [backend] [main] o.hibernate.orm.model.mapping.creation   : Starting PostInitCallbackEntry : Entity(com.duoc.backend.User) `staticFetchableList` generator
2026-09-05T00:51:45.468-04:00 DEBUG 27080 --- [backend] [main] o.hibernate.orm.model.mapping.creation   : Starting PostInitCallbackEntry : Entity(com.duoc.backend.User) `sqmMultiTableInsertStrategy` interpretation
2026-09-05T00:51:45.468-04:00 TRACE 27080 --- [backend] [main] o.h.s.i.AbstractServiceRegistryImpl      : Initializing service [role=org.hibernate.query.sqm.mutation.spi.SqmMultiTableMutationStrategyProvider]
2026-09-05T00:51:45.472-04:00 TRACE 27080 --- [backend] [main] o.h.s.i.AbstractServiceRegistryImpl      : Initializing service [role=org.hibernate.engine.jdbc.connections.spi.MultiTenantConnectionProvider]
2026-09-05T00:51:45.472-04:00 DEBUG 27080 --- [backend] [main] o.hibernate.orm.model.mapping.creation   : Starting PostInitCallbackEntry : Entity(com.duoc.backend.Appointment.Appointment) `staticFetchableList` generator
2026-09-05T00:51:45.472-04:00 DEBUG 27080 --- [backend] [main] o.hibernate.orm.model.mapping.creation   : Starting PostInitCallbackEntry : Entity(com.duoc.backend.Appointment.Appointment) `sqmMultiTableInsertStrategy` interpretation
2026-09-05T00:51:45.472-04:00 TRACE 27080 --- [backend] [main] o.h.s.i.AbstractServiceRegistryImpl      : Initializing service [role=org.hibernate.engine.jdbc.connections.spi.MultiTenantConnectionProvider]
2026-09-05T00:51:45.472-04:00 DEBUG 27080 --- [backend] [main] o.hibernate.orm.model.mapping.creation   : Starting PostInitCallbackEntry : Entity(com.duoc.backend.Patient.Patient) `staticFetchableList` generator
2026-09-05T00:51:45.472-04:00 DEBUG 27080 --- [backend] [main] o.hibernate.orm.model.mapping.creation   : Starting PostInitCallbackEntry : Entity(com.duoc.backend.Patient.Patient) `sqmMultiTableInsertStrategy` interpretation
2026-09-05T00:51:45.473-04:00 TRACE 27080 --- [backend] [main] o.h.s.i.AbstractServiceRegistryImpl      : Initializing service [role=org.hibernate.engine.jdbc.connections.spi.MultiTenantConnectionProvider]
2026-09-05T00:51:45.473-04:00 DEBUG 27080 --- [backend] [main] o.hibernate.orm.model.mapping.creation   : Starting PostInitCallbackEntry : PluralAttributeMapping( NavigableRole[com.duoc.backend.Invoice.Invoice.cares#{element}]) - element descriptor
2026-09-05T00:51:45.476-04:00 DEBUG 27080 --- [backend] [main] o.hibernate.orm.model.mapping.creation   : Starting PostInitCallbackEntry : PluralAttributeMapping(com.duoc.backend.Invoice.Invoice.cares)#finishInitialization
2026-09-05T00:51:45.476-04:00 DEBUG 27080 --- [backend] [main] o.hibernate.orm.model.mapping.creation   : Starting PostInitCallbackEntry : PluralAttributeMapping(com.duoc.backend.Invoice.Invoice.cares) - key descriptor
2026-09-05T00:51:45.476-04:00 DEBUG 27080 --- [backend] [main] o.hibernate.orm.model.mapping.creation   : Starting PostInitCallbackEntry : PluralAttributeMapping( NavigableRole[com.duoc.backend.Invoice.Invoice.medications#{element}]) - element descriptor
2026-09-05T00:51:45.477-04:00 DEBUG 27080 --- [backend] [main] o.hibernate.orm.model.mapping.creation   : Starting PostInitCallbackEntry : PluralAttributeMapping(com.duoc.backend.Invoice.Invoice.medications)#finishInitialization
2026-09-05T00:51:45.477-04:00 DEBUG 27080 --- [backend] [main] o.hibernate.orm.model.mapping.creation   : Starting PostInitCallbackEntry : PluralAttributeMapping(com.duoc.backend.Invoice.Invoice.medications) - key descriptor
2026-09-05T00:51:45.477-04:00 DEBUG 27080 --- [backend] [main] o.hibernate.orm.model.mapping.creation   : Starting PostInitCallbackEntry : Entity(com.duoc.backend.Invoice.Invoice) `staticFetchableList` generator
2026-09-05T00:51:45.477-04:00 DEBUG 27080 --- [backend] [main] o.hibernate.orm.model.mapping.creation   : Starting PostInitCallbackEntry : Entity(com.duoc.backend.Invoice.Invoice) `sqmMultiTableInsertStrategy` interpretation
2026-09-05T00:51:45.477-04:00 TRACE 27080 --- [backend] [main] o.h.s.i.AbstractServiceRegistryImpl      : Initializing service [role=org.hibernate.engine.jdbc.connections.spi.MultiTenantConnectionProvider]
2026-09-05T00:51:45.477-04:00 DEBUG 27080 --- [backend] [main] o.hibernate.orm.model.mapping.creation   : Starting PostInitCallbackEntry : Entity(com.duoc.backend.Medication.Medication) `staticFetchableList` generator
2026-09-05T00:51:45.477-04:00 DEBUG 27080 --- [backend] [main] o.hibernate.orm.model.mapping.creation   : Starting PostInitCallbackEntry : Entity(com.duoc.backend.Medication.Medication) `sqmMultiTableInsertStrategy` interpretation
2026-09-05T00:51:45.477-04:00 TRACE 27080 --- [backend] [main] o.h.s.i.AbstractServiceRegistryImpl      : Initializing service [role=org.hibernate.engine.jdbc.connections.spi.MultiTenantConnectionProvider]
2026-09-05T00:51:45.477-04:00 DEBUG 27080 --- [backend] [main] o.hibernate.orm.model.mapping.creation   : Starting PostInitCallbackEntry : Entity(com.duoc.backend.Care.Care) `staticFetchableList` generator
2026-09-05T00:51:45.477-04:00 DEBUG 27080 --- [backend] [main] o.hibernate.orm.model.mapping.creation   : Starting PostInitCallbackEntry : Entity(com.duoc.backend.Care.Care) `sqmMultiTableInsertStrategy` interpretation
2026-09-05T00:51:45.478-04:00 TRACE 27080 --- [backend] [main] o.h.s.i.AbstractServiceRegistryImpl      : Initializing service [role=org.hibernate.engine.jdbc.connections.spi.MultiTenantConnectionProvider]
2026-09-05T00:51:45.540-04:00 DEBUG 27080 --- [backend] [main] org.hibernate.orm.sql.ast.create         : Created new SQL alias : u1_0
2026-09-05T00:51:45.542-04:00 DEBUG 27080 --- [backend] [main] org.hibernate.orm.sql.ast.create         : Registration of TableGroup [StandardTableGroup(com.duoc.backend.User)] with identifierForTableGroup [com.duoc.backend.User] for NavigablePath [com.duoc.backend.User] 
2026-09-05T00:51:45.547-04:00 TRACE 27080 --- [backend] [main] o.h.l.ast.internal.LoaderSelectBuilder   : Starting visitation of FetchParent's Fetchables : com.duoc.backend.User
2026-09-05T00:51:45.553-04:00 DEBUG 27080 --- [backend] [main] org.hibernate.orm.results.graph.AST      : DomainResult Graph:
 \-EntityResultImpl [com.duoc.backend.User]
 |  +-BasicFetch [com.duoc.backend.User.email]
 |  +-BasicFetch [com.duoc.backend.User.password]
 |  \-BasicFetch [com.duoc.backend.User.username]

2026-09-05T00:51:45.553-04:00 TRACE 27080 --- [backend] [main] org.hibernate.orm.results.graph.AST      : Stack trace calling DomainResultGraphPrinter

java.lang.Exception: null
	at org.hibernate.sql.results.graph.DomainResultGraphPrinter.visitDomainResults(DomainResultGraphPrinter.java:70) ~[hibernate-core-6.6.11.Final.jar:6.6.11.Final]
	at org.hibernate.sql.results.graph.DomainResultGraphPrinter.logDomainResultGraph(DomainResultGraphPrinter.java:46) ~[hibernate-core-6.6.11.Final.jar:6.6.11.Final]
	at org.hibernate.sql.results.graph.DomainResultGraphPrinter.logDomainResultGraph(DomainResultGraphPrinter.java:37) ~[hibernate-core-6.6.11.Final.jar:6.6.11.Final]
	at org.hibernate.sql.ast.spi.AbstractSqlAstTranslator.translateSelect(AbstractSqlAstTranslator.java:877) ~[hibernate-core-6.6.11.Final.jar:6.6.11.Final]
	at org.hibernate.sql.ast.spi.AbstractSqlAstTranslator.translate(AbstractSqlAstTranslator.java:815) ~[hibernate-core-6.6.11.Final.jar:6.6.11.Final]
	at org.hibernate.loader.ast.internal.SingleIdLoadPlan.<init>(SingleIdLoadPlan.java:66) ~[hibernate-core-6.6.11.Final.jar:6.6.11.Final]
	at org.hibernate.loader.ast.internal.SingleIdEntityLoaderStandardImpl.createLoadPlan(SingleIdEntityLoaderStandardImpl.java:198) ~[hibernate-core-6.6.11.Final.jar:6.6.11.Final]
	at org.hibernate.loader.ast.internal.SingleIdEntityLoaderStandardImpl.lambda$new$0(SingleIdEntityLoaderStandardImpl.java:41) ~[hibernate-core-6.6.11.Final.jar:6.6.11.Final]
	at org.hibernate.loader.ast.internal.SingleIdEntityLoaderStandardImpl.<init>(SingleIdEntityLoaderStandardImpl.java:61) ~[hibernate-core-6.6.11.Final.jar:6.6.11.Final]
	at org.hibernate.loader.ast.internal.SingleIdEntityLoaderStandardImpl.<init>(SingleIdEntityLoaderStandardImpl.java:38) ~[hibernate-core-6.6.11.Final.jar:6.6.11.Final]
	at org.hibernate.persister.entity.AbstractEntityPersister.buildSingleIdEntityLoader(AbstractEntityPersister.java:913) ~[hibernate-core-6.6.11.Final.jar:6.6.11.Final]
	at org.hibernate.persister.entity.AbstractEntityPersister.buildSingleIdEntityLoader(AbstractEntityPersister.java:902) ~[hibernate-core-6.6.11.Final.jar:6.6.11.Final]
	at org.hibernate.persister.entity.AbstractEntityPersister.prepareLoaders(AbstractEntityPersister.java:3531) ~[hibernate-core-6.6.11.Final.jar:6.6.11.Final]
	at org.hibernate.metamodel.model.domain.internal.MappingMetamodelImpl.finishInitialization(MappingMetamodelImpl.java:208) ~[hibernate-core-6.6.11.Final.jar:6.6.11.Final]
	at org.hibernate.internal.SessionFactoryImpl.initializeMappingModel(SessionFactoryImpl.java:373) ~[hibernate-core-6.6.11.Final.jar:6.6.11.Final]
	at org.hibernate.internal.SessionFactoryImpl.<init>(SessionFactoryImpl.java:302) ~[hibernate-core-6.6.11.Final.jar:6.6.11.Final]
	at org.hibernate.boot.internal.SessionFactoryBuilderImpl.build(SessionFactoryBuilderImpl.java:463) ~[hibernate-core-6.6.11.Final.jar:6.6.11.Final]
	at org.hibernate.jpa.boot.internal.EntityManagerFactoryBuilderImpl.build(EntityManagerFactoryBuilderImpl.java:1517) ~[hibernate-core-6.6.11.Final.jar:6.6.11.Final]
	at org.springframework.orm.jpa.vendor.SpringHibernateJpaPersistenceProvider.createContainerEntityManagerFactory(SpringHibernateJpaPersistenceProvider.java:66) ~[spring-orm-6.2.5.jar:6.2.5]
	at org.springframework.orm.jpa.LocalContainerEntityManagerFactoryBean.createNativeEntityManagerFactory(LocalContainerEntityManagerFactoryBean.java:390) ~[spring-orm-6.2.5.jar:6.2.5]
	at org.springframework.orm.jpa.AbstractEntityManagerFactoryBean.buildNativeEntityManagerFactory(AbstractEntityManagerFactoryBean.java:419) ~[spring-orm-6.2.5.jar:6.2.5]
	at org.springframework.orm.jpa.AbstractEntityManagerFactoryBean.afterPropertiesSet(AbstractEntityManagerFactoryBean.java:400) ~[spring-orm-6.2.5.jar:6.2.5]
	at org.springframework.orm.jpa.LocalContainerEntityManagerFactoryBean.afterPropertiesSet(LocalContainerEntityManagerFactoryBean.java:366) ~[spring-orm-6.2.5.jar:6.2.5]
	at org.springframework.beans.factory.support.AbstractAutowireCapableBeanFactory.invokeInitMethods(AbstractAutowireCapableBeanFactory.java:1859) ~[spring-beans-6.2.5.jar:6.2.5]
	at org.springframework.beans.factory.support.AbstractAutowireCapableBeanFactory.initializeBean(AbstractAutowireCapableBeanFactory.java:1808) ~[spring-beans-6.2.5.jar:6.2.5]
	at org.springframework.beans.factory.support.AbstractAutowireCapableBeanFactory.doCreateBean(AbstractAutowireCapableBeanFactory.java:601) ~[spring-beans-6.2.5.jar:6.2.5]
	at org.springframework.beans.factory.support.AbstractAutowireCapableBeanFactory.createBean(AbstractAutowireCapableBeanFactory.java:523) ~[spring-beans-6.2.5.jar:6.2.5]
	at org.springframework.beans.factory.support.AbstractBeanFactory.lambda$doGetBean$0(AbstractBeanFactory.java:339) ~[spring-beans-6.2.5.jar:6.2.5]
	at org.springframework.beans.factory.support.DefaultSingletonBeanRegistry.getSingleton(DefaultSingletonBeanRegistry.java:347) ~[spring-beans-6.2.5.jar:6.2.5]
	at org.springframework.beans.factory.support.AbstractBeanFactory.doGetBean(AbstractBeanFactory.java:337) ~[spring-beans-6.2.5.jar:6.2.5]
	at org.springframework.beans.factory.support.AbstractBeanFactory.getBean(AbstractBeanFactory.java:207) ~[spring-beans-6.2.5.jar:6.2.5]
	at org.springframework.context.support.AbstractApplicationContext.finishBeanFactoryInitialization(AbstractApplicationContext.java:970) ~[spring-context-6.2.5.jar:6.2.5]
	at org.springframework.context.support.AbstractApplicationContext.refresh(AbstractApplicationContext.java:627) ~[spring-context-6.2.5.jar:6.2.5]
	at org.springframework.boot.web.servlet.context.ServletWebServerApplicationContext.refresh(ServletWebServerApplicationContext.java:146) ~[spring-boot-3.4.4.jar:3.4.4]
	at org.springframework.boot.SpringApplication.refresh(SpringApplication.java:752) ~[spring-boot-3.4.4.jar:3.4.4]
	at org.springframework.boot.SpringApplication.refreshContext(SpringApplication.java:439) ~[spring-boot-3.4.4.jar:3.4.4]
	at org.springframework.boot.SpringApplication.run(SpringApplication.java:318) ~[spring-boot-3.4.4.jar:3.4.4]
	at org.springframework.boot.SpringApplication.run(SpringApplication.java:1361) ~[spring-boot-3.4.4.jar:3.4.4]
	at org.springframework.boot.SpringApplication.run(SpringApplication.java:1350) ~[spring-boot-3.4.4.jar:3.4.4]
	at com.duoc.backend.BackendApplication.main(BackendApplication.java:10) ~[classes/:na]

2026-09-05T00:51:45.557-04:00 DEBUG 27080 --- [backend] [main] org.hibernate.orm.sql.ast.tree           : SQL AST Tree:
    SelectStatement {
      FromClause {
        StandardTableGroup (u1 : com.duoc.backend.User) {
          primaryTableReference : user as u1_0
        }
      }
    }

2026-09-05T00:51:45.567-04:00 DEBUG 27080 --- [backend] [main] o.h.p.entity.AbstractEntityPersister     : Static SQL for entity: com.duoc.backend.User
2026-09-05T00:51:45.568-04:00 DEBUG 27080 --- [backend] [main] o.h.p.entity.AbstractEntityPersister     :  Version select: select id from user where id=?
2026-09-05T00:51:45.568-04:00 DEBUG 27080 --- [backend] [main] o.h.p.entity.AbstractEntityPersister     :  Insert (0): insert into user (email,password,username,id) values (?,?,?,?)
2026-09-05T00:51:45.568-04:00 DEBUG 27080 --- [backend] [main] o.h.p.entity.AbstractEntityPersister     :  Update (0): update user set email=?,password=?,username=? where id=?
2026-09-05T00:51:45.568-04:00 DEBUG 27080 --- [backend] [main] o.h.p.entity.AbstractEntityPersister     :  Delete (0): delete from user where id=?
2026-09-05T00:51:45.568-04:00 DEBUG 27080 --- [backend] [main] org.hibernate.orm.sql.ast.create         : Created new SQL alias : a1_0
2026-09-05T00:51:45.568-04:00 DEBUG 27080 --- [backend] [main] org.hibernate.orm.sql.ast.create         : Registration of TableGroup [StandardTableGroup(com.duoc.backend.Appointment.Appointment)] with identifierForTableGroup [com.duoc.backend.Appointment.Appointment] for NavigablePath [com.duoc.backend.Appointment.Appointment] 
2026-09-05T00:51:45.568-04:00 TRACE 27080 --- [backend] [main] o.h.l.ast.internal.LoaderSelectBuilder   : Starting visitation of FetchParent's Fetchables : com.duoc.backend.Appointment.Appointment
2026-09-05T00:51:45.569-04:00 DEBUG 27080 --- [backend] [main] org.hibernate.orm.results.graph.AST      : DomainResult Graph:
 \-EntityResultImpl [com.duoc.backend.Appointment.Appointment]
 |  +-BasicFetch [com.duoc.backend.Appointment.Appointment.date]
 |  +-BasicFetch [com.duoc.backend.Appointment.Appointment.reason]
 |  +-BasicFetch [com.duoc.backend.Appointment.Appointment.time]
 |  \-BasicFetch [com.duoc.backend.Appointment.Appointment.veterinarian]

2026-09-05T00:51:45.569-04:00 TRACE 27080 --- [backend] [main] org.hibernate.orm.results.graph.AST      : Stack trace calling DomainResultGraphPrinter

java.lang.Exception: null
	at org.hibernate.sql.results.graph.DomainResultGraphPrinter.visitDomainResults(DomainResultGraphPrinter.java:70) ~[hibernate-core-6.6.11.Final.jar:6.6.11.Final]
	at org.hibernate.sql.results.graph.DomainResultGraphPrinter.logDomainResultGraph(DomainResultGraphPrinter.java:46) ~[hibernate-core-6.6.11.Final.jar:6.6.11.Final]
	at org.hibernate.sql.results.graph.DomainResultGraphPrinter.logDomainResultGraph(DomainResultGraphPrinter.java:37) ~[hibernate-core-6.6.11.Final.jar:6.6.11.Final]
	at org.hibernate.sql.ast.spi.AbstractSqlAstTranslator.translateSelect(AbstractSqlAstTranslator.java:877) ~[hibernate-core-6.6.11.Final.jar:6.6.11.Final]
	at org.hibernate.sql.ast.spi.AbstractSqlAstTranslator.translate(AbstractSqlAstTranslator.java:815) ~[hibernate-core-6.6.11.Final.jar:6.6.11.Final]
	at org.hibernate.loader.ast.internal.SingleIdLoadPlan.<init>(SingleIdLoadPlan.java:66) ~[hibernate-core-6.6.11.Final.jar:6.6.11.Final]
	at org.hibernate.loader.ast.internal.SingleIdEntityLoaderStandardImpl.createLoadPlan(SingleIdEntityLoaderStandardImpl.java:198) ~[hibernate-core-6.6.11.Final.jar:6.6.11.Final]
	at org.hibernate.loader.ast.internal.SingleIdEntityLoaderStandardImpl.lambda$new$0(SingleIdEntityLoaderStandardImpl.java:41) ~[hibernate-core-6.6.11.Final.jar:6.6.11.Final]
	at org.hibernate.loader.ast.internal.SingleIdEntityLoaderStandardImpl.<init>(SingleIdEntityLoaderStandardImpl.java:61) ~[hibernate-core-6.6.11.Final.jar:6.6.11.Final]
	at org.hibernate.loader.ast.internal.SingleIdEntityLoaderStandardImpl.<init>(SingleIdEntityLoaderStandardImpl.java:38) ~[hibernate-core-6.6.11.Final.jar:6.6.11.Final]
	at org.hibernate.persister.entity.AbstractEntityPersister.buildSingleIdEntityLoader(AbstractEntityPersister.java:913) ~[hibernate-core-6.6.11.Final.jar:6.6.11.Final]
	at org.hibernate.persister.entity.AbstractEntityPersister.buildSingleIdEntityLoader(AbstractEntityPersister.java:902) ~[hibernate-core-6.6.11.Final.jar:6.6.11.Final]
	at org.hibernate.persister.entity.AbstractEntityPersister.prepareLoaders(AbstractEntityPersister.java:3531) ~[hibernate-core-6.6.11.Final.jar:6.6.11.Final]
	at org.hibernate.metamodel.model.domain.internal.MappingMetamodelImpl.finishInitialization(MappingMetamodelImpl.java:208) ~[hibernate-core-6.6.11.Final.jar:6.6.11.Final]
	at org.hibernate.internal.SessionFactoryImpl.initializeMappingModel(SessionFactoryImpl.java:373) ~[hibernate-core-6.6.11.Final.jar:6.6.11.Final]
	at org.hibernate.internal.SessionFactoryImpl.<init>(SessionFactoryImpl.java:302) ~[hibernate-core-6.6.11.Final.jar:6.6.11.Final]
	at org.hibernate.boot.internal.SessionFactoryBuilderImpl.build(SessionFactoryBuilderImpl.java:463) ~[hibernate-core-6.6.11.Final.jar:6.6.11.Final]
	at org.hibernate.jpa.boot.internal.EntityManagerFactoryBuilderImpl.build(EntityManagerFactoryBuilderImpl.java:1517) ~[hibernate-core-6.6.11.Final.jar:6.6.11.Final]
	at org.springframework.orm.jpa.vendor.SpringHibernateJpaPersistenceProvider.createContainerEntityManagerFactory(SpringHibernateJpaPersistenceProvider.java:66) ~[spring-orm-6.2.5.jar:6.2.5]
	at org.springframework.orm.jpa.LocalContainerEntityManagerFactoryBean.createNativeEntityManagerFactory(LocalContainerEntityManagerFactoryBean.java:390) ~[spring-orm-6.2.5.jar:6.2.5]
	at org.springframework.orm.jpa.AbstractEntityManagerFactoryBean.buildNativeEntityManagerFactory(AbstractEntityManagerFactoryBean.java:419) ~[spring-orm-6.2.5.jar:6.2.5]
	at org.springframework.orm.jpa.AbstractEntityManagerFactoryBean.afterPropertiesSet(AbstractEntityManagerFactoryBean.java:400) ~[spring-orm-6.2.5.jar:6.2.5]
	at org.springframework.orm.jpa.LocalContainerEntityManagerFactoryBean.afterPropertiesSet(LocalContainerEntityManagerFactoryBean.java:366) ~[spring-orm-6.2.5.jar:6.2.5]
	at org.springframework.beans.factory.support.AbstractAutowireCapableBeanFactory.invokeInitMethods(AbstractAutowireCapableBeanFactory.java:1859) ~[spring-beans-6.2.5.jar:6.2.5]
	at org.springframework.beans.factory.support.AbstractAutowireCapableBeanFactory.initializeBean(AbstractAutowireCapableBeanFactory.java:1808) ~[spring-beans-6.2.5.jar:6.2.5]
	at org.springframework.beans.factory.support.AbstractAutowireCapableBeanFactory.doCreateBean(AbstractAutowireCapableBeanFactory.java:601) ~[spring-beans-6.2.5.jar:6.2.5]
	at org.springframework.beans.factory.support.AbstractAutowireCapableBeanFactory.createBean(AbstractAutowireCapableBeanFactory.java:523) ~[spring-beans-6.2.5.jar:6.2.5]
	at org.springframework.beans.factory.support.AbstractBeanFactory.lambda$doGetBean$0(AbstractBeanFactory.java:339) ~[spring-beans-6.2.5.jar:6.2.5]
	at org.springframework.beans.factory.support.DefaultSingletonBeanRegistry.getSingleton(DefaultSingletonBeanRegistry.java:347) ~[spring-beans-6.2.5.jar:6.2.5]
	at org.springframework.beans.factory.support.AbstractBeanFactory.doGetBean(AbstractBeanFactory.java:337) ~[spring-beans-6.2.5.jar:6.2.5]
	at org.springframework.beans.factory.support.AbstractBeanFactory.getBean(AbstractBeanFactory.java:207) ~[spring-beans-6.2.5.jar:6.2.5]
	at org.springframework.context.support.AbstractApplicationContext.finishBeanFactoryInitialization(AbstractApplicationContext.java:970) ~[spring-context-6.2.5.jar:6.2.5]
	at org.springframework.context.support.AbstractApplicationContext.refresh(AbstractApplicationContext.java:627) ~[spring-context-6.2.5.jar:6.2.5]
	at org.springframework.boot.web.servlet.context.ServletWebServerApplicationContext.refresh(ServletWebServerApplicationContext.java:146) ~[spring-boot-3.4.4.jar:3.4.4]
	at org.springframework.boot.SpringApplication.refresh(SpringApplication.java:752) ~[spring-boot-3.4.4.jar:3.4.4]
	at org.springframework.boot.SpringApplication.refreshContext(SpringApplication.java:439) ~[spring-boot-3.4.4.jar:3.4.4]
	at org.springframework.boot.SpringApplication.run(SpringApplication.java:318) ~[spring-boot-3.4.4.jar:3.4.4]
	at org.springframework.boot.SpringApplication.run(SpringApplication.java:1361) ~[spring-boot-3.4.4.jar:3.4.4]
	at org.springframework.boot.SpringApplication.run(SpringApplication.java:1350) ~[spring-boot-3.4.4.jar:3.4.4]
	at com.duoc.backend.BackendApplication.main(BackendApplication.java:10) ~[classes/:na]

2026-09-05T00:51:45.569-04:00 DEBUG 27080 --- [backend] [main] org.hibernate.orm.sql.ast.tree           : SQL AST Tree:
    SelectStatement {
      FromClause {
        StandardTableGroup (a1 : com.duoc.backend.Appointment.Appointment) {
          primaryTableReference : appointment as a1_0
        }
      }
    }

2026-09-05T00:51:45.569-04:00 DEBUG 27080 --- [backend] [main] o.h.p.entity.AbstractEntityPersister     : Static SQL for entity: com.duoc.backend.Appointment.Appointment
2026-09-05T00:51:45.569-04:00 DEBUG 27080 --- [backend] [main] o.h.p.entity.AbstractEntityPersister     :  Version select: select id from appointment where id=?
2026-09-05T00:51:45.570-04:00 DEBUG 27080 --- [backend] [main] o.h.p.entity.AbstractEntityPersister     :  Insert (0): insert into appointment (date,reason,time,veterinarian,id) values (?,?,?,?,?)
2026-09-05T00:51:45.570-04:00 DEBUG 27080 --- [backend] [main] o.h.p.entity.AbstractEntityPersister     :  Update (0): update appointment set date=?,reason=?,time=?,veterinarian=? where id=?
2026-09-05T00:51:45.570-04:00 DEBUG 27080 --- [backend] [main] o.h.p.entity.AbstractEntityPersister     :  Delete (0): delete from appointment where id=?
2026-09-05T00:51:45.570-04:00 DEBUG 27080 --- [backend] [main] org.hibernate.orm.sql.ast.create         : Created new SQL alias : p1_0
2026-09-05T00:51:45.570-04:00 DEBUG 27080 --- [backend] [main] org.hibernate.orm.sql.ast.create         : Registration of TableGroup [StandardTableGroup(com.duoc.backend.Patient.Patient)] with identifierForTableGroup [com.duoc.backend.Patient.Patient] for NavigablePath [com.duoc.backend.Patient.Patient] 
2026-09-05T00:51:45.570-04:00 TRACE 27080 --- [backend] [main] o.h.l.ast.internal.LoaderSelectBuilder   : Starting visitation of FetchParent's Fetchables : com.duoc.backend.Patient.Patient
2026-09-05T00:51:45.570-04:00 DEBUG 27080 --- [backend] [main] org.hibernate.orm.results.graph.AST      : DomainResult Graph:
 \-EntityResultImpl [com.duoc.backend.Patient.Patient]
 |  +-BasicFetch [com.duoc.backend.Patient.Patient.age]
 |  +-BasicFetch [com.duoc.backend.Patient.Patient.breed]
 |  +-BasicFetch [com.duoc.backend.Patient.Patient.name]
 |  +-BasicFetch [com.duoc.backend.Patient.Patient.owner]
 |  \-BasicFetch [com.duoc.backend.Patient.Patient.species]

2026-09-05T00:51:45.570-04:00 TRACE 27080 --- [backend] [main] org.hibernate.orm.results.graph.AST      : Stack trace calling DomainResultGraphPrinter

java.lang.Exception: null
	at org.hibernate.sql.results.graph.DomainResultGraphPrinter.visitDomainResults(DomainResultGraphPrinter.java:70) ~[hibernate-core-6.6.11.Final.jar:6.6.11.Final]
	at org.hibernate.sql.results.graph.DomainResultGraphPrinter.logDomainResultGraph(DomainResultGraphPrinter.java:46) ~[hibernate-core-6.6.11.Final.jar:6.6.11.Final]
	at org.hibernate.sql.results.graph.DomainResultGraphPrinter.logDomainResultGraph(DomainResultGraphPrinter.java:37) ~[hibernate-core-6.6.11.Final.jar:6.6.11.Final]
	at org.hibernate.sql.ast.spi.AbstractSqlAstTranslator.translateSelect(AbstractSqlAstTranslator.java:877) ~[hibernate-core-6.6.11.Final.jar:6.6.11.Final]
	at org.hibernate.sql.ast.spi.AbstractSqlAstTranslator.translate(AbstractSqlAstTranslator.java:815) ~[hibernate-core-6.6.11.Final.jar:6.6.11.Final]
	at org.hibernate.loader.ast.internal.SingleIdLoadPlan.<init>(SingleIdLoadPlan.java:66) ~[hibernate-core-6.6.11.Final.jar:6.6.11.Final]
	at org.hibernate.loader.ast.internal.SingleIdEntityLoaderStandardImpl.createLoadPlan(SingleIdEntityLoaderStandardImpl.java:198) ~[hibernate-core-6.6.11.Final.jar:6.6.11.Final]
	at org.hibernate.loader.ast.internal.SingleIdEntityLoaderStandardImpl.lambda$new$0(SingleIdEntityLoaderStandardImpl.java:41) ~[hibernate-core-6.6.11.Final.jar:6.6.11.Final]
	at org.hibernate.loader.ast.internal.SingleIdEntityLoaderStandardImpl.<init>(SingleIdEntityLoaderStandardImpl.java:61) ~[hibernate-core-6.6.11.Final.jar:6.6.11.Final]
	at org.hibernate.loader.ast.internal.SingleIdEntityLoaderStandardImpl.<init>(SingleIdEntityLoaderStandardImpl.java:38) ~[hibernate-core-6.6.11.Final.jar:6.6.11.Final]
	at org.hibernate.persister.entity.AbstractEntityPersister.buildSingleIdEntityLoader(AbstractEntityPersister.java:913) ~[hibernate-core-6.6.11.Final.jar:6.6.11.Final]
	at org.hibernate.persister.entity.AbstractEntityPersister.buildSingleIdEntityLoader(AbstractEntityPersister.java:902) ~[hibernate-core-6.6.11.Final.jar:6.6.11.Final]
	at org.hibernate.persister.entity.AbstractEntityPersister.prepareLoaders(AbstractEntityPersister.java:3531) ~[hibernate-core-6.6.11.Final.jar:6.6.11.Final]
	at org.hibernate.metamodel.model.domain.internal.MappingMetamodelImpl.finishInitialization(MappingMetamodelImpl.java:208) ~[hibernate-core-6.6.11.Final.jar:6.6.11.Final]
	at org.hibernate.internal.SessionFactoryImpl.initializeMappingModel(SessionFactoryImpl.java:373) ~[hibernate-core-6.6.11.Final.jar:6.6.11.Final]
	at org.hibernate.internal.SessionFactoryImpl.<init>(SessionFactoryImpl.java:302) ~[hibernate-core-6.6.11.Final.jar:6.6.11.Final]
	at org.hibernate.boot.internal.SessionFactoryBuilderImpl.build(SessionFactoryBuilderImpl.java:463) ~[hibernate-core-6.6.11.Final.jar:6.6.11.Final]
	at org.hibernate.jpa.boot.internal.EntityManagerFactoryBuilderImpl.build(EntityManagerFactoryBuilderImpl.java:1517) ~[hibernate-core-6.6.11.Final.jar:6.6.11.Final]
	at org.springframework.orm.jpa.vendor.SpringHibernateJpaPersistenceProvider.createContainerEntityManagerFactory(SpringHibernateJpaPersistenceProvider.java:66) ~[spring-orm-6.2.5.jar:6.2.5]
	at org.springframework.orm.jpa.LocalContainerEntityManagerFactoryBean.createNativeEntityManagerFactory(LocalContainerEntityManagerFactoryBean.java:390) ~[spring-orm-6.2.5.jar:6.2.5]
	at org.springframework.orm.jpa.AbstractEntityManagerFactoryBean.buildNativeEntityManagerFactory(AbstractEntityManagerFactoryBean.java:419) ~[spring-orm-6.2.5.jar:6.2.5]
	at org.springframework.orm.jpa.AbstractEntityManagerFactoryBean.afterPropertiesSet(AbstractEntityManagerFactoryBean.java:400) ~[spring-orm-6.2.5.jar:6.2.5]
	at org.springframework.orm.jpa.LocalContainerEntityManagerFactoryBean.afterPropertiesSet(LocalContainerEntityManagerFactoryBean.java:366) ~[spring-orm-6.2.5.jar:6.2.5]
	at org.springframework.beans.factory.support.AbstractAutowireCapableBeanFactory.invokeInitMethods(AbstractAutowireCapableBeanFactory.java:1859) ~[spring-beans-6.2.5.jar:6.2.5]
	at org.springframework.beans.factory.support.AbstractAutowireCapableBeanFactory.initializeBean(AbstractAutowireCapableBeanFactory.java:1808) ~[spring-beans-6.2.5.jar:6.2.5]
	at org.springframework.beans.factory.support.AbstractAutowireCapableBeanFactory.doCreateBean(AbstractAutowireCapableBeanFactory.java:601) ~[spring-beans-6.2.5.jar:6.2.5]
	at org.springframework.beans.factory.support.AbstractAutowireCapableBeanFactory.createBean(AbstractAutowireCapableBeanFactory.java:523) ~[spring-beans-6.2.5.jar:6.2.5]
	at org.springframework.beans.factory.support.AbstractBeanFactory.lambda$doGetBean$0(AbstractBeanFactory.java:339) ~[spring-beans-6.2.5.jar:6.2.5]
	at org.springframework.beans.factory.support.DefaultSingletonBeanRegistry.getSingleton(DefaultSingletonBeanRegistry.java:347) ~[spring-beans-6.2.5.jar:6.2.5]
	at org.springframework.beans.factory.support.AbstractBeanFactory.doGetBean(AbstractBeanFactory.java:337) ~[spring-beans-6.2.5.jar:6.2.5]
	at org.springframework.beans.factory.support.AbstractBeanFactory.getBean(AbstractBeanFactory.java:207) ~[spring-beans-6.2.5.jar:6.2.5]
	at org.springframework.context.support.AbstractApplicationContext.finishBeanFactoryInitialization(AbstractApplicationContext.java:970) ~[spring-context-6.2.5.jar:6.2.5]
	at org.springframework.context.support.AbstractApplicationContext.refresh(AbstractApplicationContext.java:627) ~[spring-context-6.2.5.jar:6.2.5]
	at org.springframework.boot.web.servlet.context.ServletWebServerApplicationContext.refresh(ServletWebServerApplicationContext.java:146) ~[spring-boot-3.4.4.jar:3.4.4]
	at org.springframework.boot.SpringApplication.refresh(SpringApplication.java:752) ~[spring-boot-3.4.4.jar:3.4.4]
	at org.springframework.boot.SpringApplication.refreshContext(SpringApplication.java:439) ~[spring-boot-3.4.4.jar:3.4.4]
	at org.springframework.boot.SpringApplication.run(SpringApplication.java:318) ~[spring-boot-3.4.4.jar:3.4.4]
	at org.springframework.boot.SpringApplication.run(SpringApplication.java:1361) ~[spring-boot-3.4.4.jar:3.4.4]
	at org.springframework.boot.SpringApplication.run(SpringApplication.java:1350) ~[spring-boot-3.4.4.jar:3.4.4]
	at com.duoc.backend.BackendApplication.main(BackendApplication.java:10) ~[classes/:na]

2026-09-05T00:51:45.571-04:00 DEBUG 27080 --- [backend] [main] org.hibernate.orm.sql.ast.tree           : SQL AST Tree:
    SelectStatement {
      FromClause {
        StandardTableGroup (p1 : com.duoc.backend.Patient.Patient) {
          primaryTableReference : patient as p1_0
        }
      }
    }

2026-09-05T00:51:45.571-04:00 DEBUG 27080 --- [backend] [main] o.h.p.entity.AbstractEntityPersister     : Static SQL for entity: com.duoc.backend.Patient.Patient
2026-09-05T00:51:45.571-04:00 DEBUG 27080 --- [backend] [main] o.h.p.entity.AbstractEntityPersister     :  Version select: select id from patient where id=?
2026-09-05T00:51:45.571-04:00 DEBUG 27080 --- [backend] [main] o.h.p.entity.AbstractEntityPersister     :  Insert (0): insert into patient (age,breed,name,owner,species,id) values (?,?,?,?,?,?)
2026-09-05T00:51:45.571-04:00 DEBUG 27080 --- [backend] [main] o.h.p.entity.AbstractEntityPersister     :  Update (0): update patient set age=?,breed=?,name=?,owner=?,species=? where id=?
2026-09-05T00:51:45.571-04:00 DEBUG 27080 --- [backend] [main] o.h.p.entity.AbstractEntityPersister     :  Delete (0): delete from patient where id=?
2026-09-05T00:51:45.571-04:00 DEBUG 27080 --- [backend] [main] org.hibernate.orm.sql.ast.create         : Created new SQL alias : i1_0
2026-09-05T00:51:45.571-04:00 DEBUG 27080 --- [backend] [main] org.hibernate.orm.sql.ast.create         : Registration of TableGroup [StandardTableGroup(com.duoc.backend.Invoice.Invoice)] with identifierForTableGroup [com.duoc.backend.Invoice.Invoice] for NavigablePath [com.duoc.backend.Invoice.Invoice] 
2026-09-05T00:51:45.571-04:00 TRACE 27080 --- [backend] [main] o.h.l.ast.internal.LoaderSelectBuilder   : Starting visitation of FetchParent's Fetchables : com.duoc.backend.Invoice.Invoice
2026-09-05T00:51:45.573-04:00 DEBUG 27080 --- [backend] [main] org.hibernate.orm.results.graph.AST      : DomainResult Graph:
 \-EntityResultImpl [com.duoc.backend.Invoice.Invoice]
 |  +-DelayedCollectionFetch [com.duoc.backend.Invoice.Invoice.cares]
 |  +-BasicFetch [com.duoc.backend.Invoice.Invoice.date]
 |  +-DelayedCollectionFetch [com.duoc.backend.Invoice.Invoice.medications]
 |  +-BasicFetch [com.duoc.backend.Invoice.Invoice.patientName]
 |  +-BasicFetch [com.duoc.backend.Invoice.Invoice.time]
 |  \-BasicFetch [com.duoc.backend.Invoice.Invoice.totalCost]

2026-09-05T00:51:45.573-04:00 TRACE 27080 --- [backend] [main] org.hibernate.orm.results.graph.AST      : Stack trace calling DomainResultGraphPrinter

java.lang.Exception: null
	at org.hibernate.sql.results.graph.DomainResultGraphPrinter.visitDomainResults(DomainResultGraphPrinter.java:70) ~[hibernate-core-6.6.11.Final.jar:6.6.11.Final]
	at org.hibernate.sql.results.graph.DomainResultGraphPrinter.logDomainResultGraph(DomainResultGraphPrinter.java:46) ~[hibernate-core-6.6.11.Final.jar:6.6.11.Final]
	at org.hibernate.sql.results.graph.DomainResultGraphPrinter.logDomainResultGraph(DomainResultGraphPrinter.java:37) ~[hibernate-core-6.6.11.Final.jar:6.6.11.Final]
	at org.hibernate.sql.ast.spi.AbstractSqlAstTranslator.translateSelect(AbstractSqlAstTranslator.java:877) ~[hibernate-core-6.6.11.Final.jar:6.6.11.Final]
	at org.hibernate.sql.ast.spi.AbstractSqlAstTranslator.translate(AbstractSqlAstTranslator.java:815) ~[hibernate-core-6.6.11.Final.jar:6.6.11.Final]
	at org.hibernate.loader.ast.internal.SingleIdLoadPlan.<init>(SingleIdLoadPlan.java:66) ~[hibernate-core-6.6.11.Final.jar:6.6.11.Final]
	at org.hibernate.loader.ast.internal.SingleIdEntityLoaderStandardImpl.createLoadPlan(SingleIdEntityLoaderStandardImpl.java:198) ~[hibernate-core-6.6.11.Final.jar:6.6.11.Final]
	at org.hibernate.loader.ast.internal.SingleIdEntityLoaderStandardImpl.lambda$new$0(SingleIdEntityLoaderStandardImpl.java:41) ~[hibernate-core-6.6.11.Final.jar:6.6.11.Final]
	at org.hibernate.loader.ast.internal.SingleIdEntityLoaderStandardImpl.<init>(SingleIdEntityLoaderStandardImpl.java:61) ~[hibernate-core-6.6.11.Final.jar:6.6.11.Final]
	at org.hibernate.loader.ast.internal.SingleIdEntityLoaderStandardImpl.<init>(SingleIdEntityLoaderStandardImpl.java:38) ~[hibernate-core-6.6.11.Final.jar:6.6.11.Final]
	at org.hibernate.persister.entity.AbstractEntityPersister.buildSingleIdEntityLoader(AbstractEntityPersister.java:913) ~[hibernate-core-6.6.11.Final.jar:6.6.11.Final]
	at org.hibernate.persister.entity.AbstractEntityPersister.buildSingleIdEntityLoader(AbstractEntityPersister.java:902) ~[hibernate-core-6.6.11.Final.jar:6.6.11.Final]
	at org.hibernate.persister.entity.AbstractEntityPersister.prepareLoaders(AbstractEntityPersister.java:3531) ~[hibernate-core-6.6.11.Final.jar:6.6.11.Final]
	at org.hibernate.metamodel.model.domain.internal.MappingMetamodelImpl.finishInitialization(MappingMetamodelImpl.java:208) ~[hibernate-core-6.6.11.Final.jar:6.6.11.Final]
	at org.hibernate.internal.SessionFactoryImpl.initializeMappingModel(SessionFactoryImpl.java:373) ~[hibernate-core-6.6.11.Final.jar:6.6.11.Final]
	at org.hibernate.internal.SessionFactoryImpl.<init>(SessionFactoryImpl.java:302) ~[hibernate-core-6.6.11.Final.jar:6.6.11.Final]
	at org.hibernate.boot.internal.SessionFactoryBuilderImpl.build(SessionFactoryBuilderImpl.java:463) ~[hibernate-core-6.6.11.Final.jar:6.6.11.Final]
	at org.hibernate.jpa.boot.internal.EntityManagerFactoryBuilderImpl.build(EntityManagerFactoryBuilderImpl.java:1517) ~[hibernate-core-6.6.11.Final.jar:6.6.11.Final]
	at org.springframework.orm.jpa.vendor.SpringHibernateJpaPersistenceProvider.createContainerEntityManagerFactory(SpringHibernateJpaPersistenceProvider.java:66) ~[spring-orm-6.2.5.jar:6.2.5]
	at org.springframework.orm.jpa.LocalContainerEntityManagerFactoryBean.createNativeEntityManagerFactory(LocalContainerEntityManagerFactoryBean.java:390) ~[spring-orm-6.2.5.jar:6.2.5]
	at org.springframework.orm.jpa.AbstractEntityManagerFactoryBean.buildNativeEntityManagerFactory(AbstractEntityManagerFactoryBean.java:419) ~[spring-orm-6.2.5.jar:6.2.5]
	at org.springframework.orm.jpa.AbstractEntityManagerFactoryBean.afterPropertiesSet(AbstractEntityManagerFactoryBean.java:400) ~[spring-orm-6.2.5.jar:6.2.5]
	at org.springframework.orm.jpa.LocalContainerEntityManagerFactoryBean.afterPropertiesSet(LocalContainerEntityManagerFactoryBean.java:366) ~[spring-orm-6.2.5.jar:6.2.5]
	at org.springframework.beans.factory.support.AbstractAutowireCapableBeanFactory.invokeInitMethods(AbstractAutowireCapableBeanFactory.java:1859) ~[spring-beans-6.2.5.jar:6.2.5]
	at org.springframework.beans.factory.support.AbstractAutowireCapableBeanFactory.initializeBean(AbstractAutowireCapableBeanFactory.java:1808) ~[spring-beans-6.2.5.jar:6.2.5]
	at org.springframework.beans.factory.support.AbstractAutowireCapableBeanFactory.doCreateBean(AbstractAutowireCapableBeanFactory.java:601) ~[spring-beans-6.2.5.jar:6.2.5]
	at org.springframework.beans.factory.support.AbstractAutowireCapableBeanFactory.createBean(AbstractAutowireCapableBeanFactory.java:523) ~[spring-beans-6.2.5.jar:6.2.5]
	at org.springframework.beans.factory.support.AbstractBeanFactory.lambda$doGetBean$0(AbstractBeanFactory.java:339) ~[spring-beans-6.2.5.jar:6.2.5]
	at org.springframework.beans.factory.support.DefaultSingletonBeanRegistry.getSingleton(DefaultSingletonBeanRegistry.java:347) ~[spring-beans-6.2.5.jar:6.2.5]
	at org.springframework.beans.factory.support.AbstractBeanFactory.doGetBean(AbstractBeanFactory.java:337) ~[spring-beans-6.2.5.jar:6.2.5]
	at org.springframework.beans.factory.support.AbstractBeanFactory.getBean(AbstractBeanFactory.java:207) ~[spring-beans-6.2.5.jar:6.2.5]
	at org.springframework.context.support.AbstractApplicationContext.finishBeanFactoryInitialization(AbstractApplicationContext.java:970) ~[spring-context-6.2.5.jar:6.2.5]
	at org.springframework.context.support.AbstractApplicationContext.refresh(AbstractApplicationContext.java:627) ~[spring-context-6.2.5.jar:6.2.5]
	at org.springframework.boot.web.servlet.context.ServletWebServerApplicationContext.refresh(ServletWebServerApplicationContext.java:146) ~[spring-boot-3.4.4.jar:3.4.4]
	at org.springframework.boot.SpringApplication.refresh(SpringApplication.java:752) ~[spring-boot-3.4.4.jar:3.4.4]
	at org.springframework.boot.SpringApplication.refreshContext(SpringApplication.java:439) ~[spring-boot-3.4.4.jar:3.4.4]
	at org.springframework.boot.SpringApplication.run(SpringApplication.java:318) ~[spring-boot-3.4.4.jar:3.4.4]
	at org.springframework.boot.SpringApplication.run(SpringApplication.java:1361) ~[spring-boot-3.4.4.jar:3.4.4]
	at org.springframework.boot.SpringApplication.run(SpringApplication.java:1350) ~[spring-boot-3.4.4.jar:3.4.4]
	at com.duoc.backend.BackendApplication.main(BackendApplication.java:10) ~[classes/:na]

2026-09-05T00:51:45.573-04:00 DEBUG 27080 --- [backend] [main] org.hibernate.orm.sql.ast.tree           : SQL AST Tree:
    SelectStatement {
      FromClause {
        StandardTableGroup (i1 : com.duoc.backend.Invoice.Invoice) {
          primaryTableReference : invoice as i1_0
        }
      }
    }

2026-09-05T00:51:45.574-04:00 DEBUG 27080 --- [backend] [main] o.h.p.entity.AbstractEntityPersister     : Static SQL for entity: com.duoc.backend.Invoice.Invoice
2026-09-05T00:51:45.574-04:00 DEBUG 27080 --- [backend] [main] o.h.p.entity.AbstractEntityPersister     :  Version select: select id from invoice where id=?
2026-09-05T00:51:45.574-04:00 DEBUG 27080 --- [backend] [main] o.h.p.entity.AbstractEntityPersister     :  Insert (0): insert into invoice (date,patient_name,time,total_cost,id) values (?,?,?,?,?)
2026-09-05T00:51:45.574-04:00 DEBUG 27080 --- [backend] [main] o.h.p.entity.AbstractEntityPersister     :  Update (0): update invoice set date=?,patient_name=?,time=?,total_cost=? where id=?
2026-09-05T00:51:45.574-04:00 DEBUG 27080 --- [backend] [main] o.h.p.entity.AbstractEntityPersister     :  Delete (0): delete from invoice where id=?
2026-09-05T00:51:45.574-04:00 DEBUG 27080 --- [backend] [main] org.hibernate.orm.sql.ast.create         : Created new SQL alias : m1_0
2026-09-05T00:51:45.574-04:00 DEBUG 27080 --- [backend] [main] org.hibernate.orm.sql.ast.create         : Registration of TableGroup [StandardTableGroup(com.duoc.backend.Medication.Medication)] with identifierForTableGroup [com.duoc.backend.Medication.Medication] for NavigablePath [com.duoc.backend.Medication.Medication] 
2026-09-05T00:51:45.574-04:00 TRACE 27080 --- [backend] [main] o.h.l.ast.internal.LoaderSelectBuilder   : Starting visitation of FetchParent's Fetchables : com.duoc.backend.Medication.Medication
2026-09-05T00:51:45.574-04:00 DEBUG 27080 --- [backend] [main] org.hibernate.orm.results.graph.AST      : DomainResult Graph:
 \-EntityResultImpl [com.duoc.backend.Medication.Medication]
 |  +-BasicFetch [com.duoc.backend.Medication.Medication.cost]
 |  \-BasicFetch [com.duoc.backend.Medication.Medication.name]

2026-09-05T00:51:45.575-04:00 TRACE 27080 --- [backend] [main] org.hibernate.orm.results.graph.AST      : Stack trace calling DomainResultGraphPrinter

java.lang.Exception: null
	at org.hibernate.sql.results.graph.DomainResultGraphPrinter.visitDomainResults(DomainResultGraphPrinter.java:70) ~[hibernate-core-6.6.11.Final.jar:6.6.11.Final]
	at org.hibernate.sql.results.graph.DomainResultGraphPrinter.logDomainResultGraph(DomainResultGraphPrinter.java:46) ~[hibernate-core-6.6.11.Final.jar:6.6.11.Final]
	at org.hibernate.sql.results.graph.DomainResultGraphPrinter.logDomainResultGraph(DomainResultGraphPrinter.java:37) ~[hibernate-core-6.6.11.Final.jar:6.6.11.Final]
	at org.hibernate.sql.ast.spi.AbstractSqlAstTranslator.translateSelect(AbstractSqlAstTranslator.java:877) ~[hibernate-core-6.6.11.Final.jar:6.6.11.Final]
	at org.hibernate.sql.ast.spi.AbstractSqlAstTranslator.translate(AbstractSqlAstTranslator.java:815) ~[hibernate-core-6.6.11.Final.jar:6.6.11.Final]
	at org.hibernate.loader.ast.internal.SingleIdLoadPlan.<init>(SingleIdLoadPlan.java:66) ~[hibernate-core-6.6.11.Final.jar:6.6.11.Final]
	at org.hibernate.loader.ast.internal.SingleIdEntityLoaderStandardImpl.createLoadPlan(SingleIdEntityLoaderStandardImpl.java:198) ~[hibernate-core-6.6.11.Final.jar:6.6.11.Final]
	at org.hibernate.loader.ast.internal.SingleIdEntityLoaderStandardImpl.lambda$new$0(SingleIdEntityLoaderStandardImpl.java:41) ~[hibernate-core-6.6.11.Final.jar:6.6.11.Final]
	at org.hibernate.loader.ast.internal.SingleIdEntityLoaderStandardImpl.<init>(SingleIdEntityLoaderStandardImpl.java:61) ~[hibernate-core-6.6.11.Final.jar:6.6.11.Final]
	at org.hibernate.loader.ast.internal.SingleIdEntityLoaderStandardImpl.<init>(SingleIdEntityLoaderStandardImpl.java:38) ~[hibernate-core-6.6.11.Final.jar:6.6.11.Final]
	at org.hibernate.persister.entity.AbstractEntityPersister.buildSingleIdEntityLoader(AbstractEntityPersister.java:913) ~[hibernate-core-6.6.11.Final.jar:6.6.11.Final]
	at org.hibernate.persister.entity.AbstractEntityPersister.buildSingleIdEntityLoader(AbstractEntityPersister.java:902) ~[hibernate-core-6.6.11.Final.jar:6.6.11.Final]
	at org.hibernate.persister.entity.AbstractEntityPersister.prepareLoaders(AbstractEntityPersister.java:3531) ~[hibernate-core-6.6.11.Final.jar:6.6.11.Final]
	at org.hibernate.metamodel.model.domain.internal.MappingMetamodelImpl.finishInitialization(MappingMetamodelImpl.java:208) ~[hibernate-core-6.6.11.Final.jar:6.6.11.Final]
	at org.hibernate.internal.SessionFactoryImpl.initializeMappingModel(SessionFactoryImpl.java:373) ~[hibernate-core-6.6.11.Final.jar:6.6.11.Final]
	at org.hibernate.internal.SessionFactoryImpl.<init>(SessionFactoryImpl.java:302) ~[hibernate-core-6.6.11.Final.jar:6.6.11.Final]
	at org.hibernate.boot.internal.SessionFactoryBuilderImpl.build(SessionFactoryBuilderImpl.java:463) ~[hibernate-core-6.6.11.Final.jar:6.6.11.Final]
	at org.hibernate.jpa.boot.internal.EntityManagerFactoryBuilderImpl.build(EntityManagerFactoryBuilderImpl.java:1517) ~[hibernate-core-6.6.11.Final.jar:6.6.11.Final]
	at org.springframework.orm.jpa.vendor.SpringHibernateJpaPersistenceProvider.createContainerEntityManagerFactory(SpringHibernateJpaPersistenceProvider.java:66) ~[spring-orm-6.2.5.jar:6.2.5]
	at org.springframework.orm.jpa.LocalContainerEntityManagerFactoryBean.createNativeEntityManagerFactory(LocalContainerEntityManagerFactoryBean.java:390) ~[spring-orm-6.2.5.jar:6.2.5]
	at org.springframework.orm.jpa.AbstractEntityManagerFactoryBean.buildNativeEntityManagerFactory(AbstractEntityManagerFactoryBean.java:419) ~[spring-orm-6.2.5.jar:6.2.5]
	at org.springframework.orm.jpa.AbstractEntityManagerFactoryBean.afterPropertiesSet(AbstractEntityManagerFactoryBean.java:400) ~[spring-orm-6.2.5.jar:6.2.5]
	at org.springframework.orm.jpa.LocalContainerEntityManagerFactoryBean.afterPropertiesSet(LocalContainerEntityManagerFactoryBean.java:366) ~[spring-orm-6.2.5.jar:6.2.5]
	at org.springframework.beans.factory.support.AbstractAutowireCapableBeanFactory.invokeInitMethods(AbstractAutowireCapableBeanFactory.java:1859) ~[spring-beans-6.2.5.jar:6.2.5]
	at org.springframework.beans.factory.support.AbstractAutowireCapableBeanFactory.initializeBean(AbstractAutowireCapableBeanFactory.java:1808) ~[spring-beans-6.2.5.jar:6.2.5]
	at org.springframework.beans.factory.support.AbstractAutowireCapableBeanFactory.doCreateBean(AbstractAutowireCapableBeanFactory.java:601) ~[spring-beans-6.2.5.jar:6.2.5]
	at org.springframework.beans.factory.support.AbstractAutowireCapableBeanFactory.createBean(AbstractAutowireCapableBeanFactory.java:523) ~[spring-beans-6.2.5.jar:6.2.5]
	at org.springframework.beans.factory.support.AbstractBeanFactory.lambda$doGetBean$0(AbstractBeanFactory.java:339) ~[spring-beans-6.2.5.jar:6.2.5]
	at org.springframework.beans.factory.support.DefaultSingletonBeanRegistry.getSingleton(DefaultSingletonBeanRegistry.java:347) ~[spring-beans-6.2.5.jar:6.2.5]
	at org.springframework.beans.factory.support.AbstractBeanFactory.doGetBean(AbstractBeanFactory.java:337) ~[spring-beans-6.2.5.jar:6.2.5]
	at org.springframework.beans.factory.support.AbstractBeanFactory.getBean(AbstractBeanFactory.java:207) ~[spring-beans-6.2.5.jar:6.2.5]
	at org.springframework.context.support.AbstractApplicationContext.finishBeanFactoryInitialization(AbstractApplicationContext.java:970) ~[spring-context-6.2.5.jar:6.2.5]
	at org.springframework.context.support.AbstractApplicationContext.refresh(AbstractApplicationContext.java:627) ~[spring-context-6.2.5.jar:6.2.5]
	at org.springframework.boot.web.servlet.context.ServletWebServerApplicationContext.refresh(ServletWebServerApplicationContext.java:146) ~[spring-boot-3.4.4.jar:3.4.4]
	at org.springframework.boot.SpringApplication.refresh(SpringApplication.java:752) ~[spring-boot-3.4.4.jar:3.4.4]
	at org.springframework.boot.SpringApplication.refreshContext(SpringApplication.java:439) ~[spring-boot-3.4.4.jar:3.4.4]
	at org.springframework.boot.SpringApplication.run(SpringApplication.java:318) ~[spring-boot-3.4.4.jar:3.4.4]
	at org.springframework.boot.SpringApplication.run(SpringApplication.java:1361) ~[spring-boot-3.4.4.jar:3.4.4]
	at org.springframework.boot.SpringApplication.run(SpringApplication.java:1350) ~[spring-boot-3.4.4.jar:3.4.4]
	at com.duoc.backend.BackendApplication.main(BackendApplication.java:10) ~[classes/:na]

2026-09-05T00:51:45.575-04:00 DEBUG 27080 --- [backend] [main] org.hibernate.orm.sql.ast.tree           : SQL AST Tree:
    SelectStatement {
      FromClause {
        StandardTableGroup (m1 : com.duoc.backend.Medication.Medication) {
          primaryTableReference : medication as m1_0
        }
      }
    }

2026-09-05T00:51:45.575-04:00 DEBUG 27080 --- [backend] [main] o.h.p.entity.AbstractEntityPersister     : Static SQL for entity: com.duoc.backend.Medication.Medication
2026-09-05T00:51:45.575-04:00 DEBUG 27080 --- [backend] [main] o.h.p.entity.AbstractEntityPersister     :  Version select: select id from medication where id=?
2026-09-05T00:51:45.575-04:00 DEBUG 27080 --- [backend] [main] o.h.p.entity.AbstractEntityPersister     :  Insert (0): insert into medication (cost,name,id) values (?,?,?)
2026-09-05T00:51:45.575-04:00 DEBUG 27080 --- [backend] [main] o.h.p.entity.AbstractEntityPersister     :  Update (0): update medication set cost=?,name=? where id=?
2026-09-05T00:51:45.575-04:00 DEBUG 27080 --- [backend] [main] o.h.p.entity.AbstractEntityPersister     :  Delete (0): delete from medication where id=?
2026-09-05T00:51:45.576-04:00 DEBUG 27080 --- [backend] [main] org.hibernate.orm.sql.ast.create         : Created new SQL alias : c1_0
2026-09-05T00:51:45.576-04:00 DEBUG 27080 --- [backend] [main] org.hibernate.orm.sql.ast.create         : Registration of TableGroup [StandardTableGroup(com.duoc.backend.Care.Care)] with identifierForTableGroup [com.duoc.backend.Care.Care] for NavigablePath [com.duoc.backend.Care.Care] 
2026-09-05T00:51:45.576-04:00 TRACE 27080 --- [backend] [main] o.h.l.ast.internal.LoaderSelectBuilder   : Starting visitation of FetchParent's Fetchables : com.duoc.backend.Care.Care
2026-09-05T00:51:45.576-04:00 DEBUG 27080 --- [backend] [main] org.hibernate.orm.results.graph.AST      : DomainResult Graph:
 \-EntityResultImpl [com.duoc.backend.Care.Care]
 |  +-BasicFetch [com.duoc.backend.Care.Care.cost]
 |  \-BasicFetch [com.duoc.backend.Care.Care.name]

2026-09-05T00:51:45.576-04:00 TRACE 27080 --- [backend] [main] org.hibernate.orm.results.graph.AST      : Stack trace calling DomainResultGraphPrinter

java.lang.Exception: null
	at org.hibernate.sql.results.graph.DomainResultGraphPrinter.visitDomainResults(DomainResultGraphPrinter.java:70) ~[hibernate-core-6.6.11.Final.jar:6.6.11.Final]
	at org.hibernate.sql.results.graph.DomainResultGraphPrinter.logDomainResultGraph(DomainResultGraphPrinter.java:46) ~[hibernate-core-6.6.11.Final.jar:6.6.11.Final]
	at org.hibernate.sql.results.graph.DomainResultGraphPrinter.logDomainResultGraph(DomainResultGraphPrinter.java:37) ~[hibernate-core-6.6.11.Final.jar:6.6.11.Final]
	at org.hibernate.sql.ast.spi.AbstractSqlAstTranslator.translateSelect(AbstractSqlAstTranslator.java:877) ~[hibernate-core-6.6.11.Final.jar:6.6.11.Final]
	at org.hibernate.sql.ast.spi.AbstractSqlAstTranslator.translate(AbstractSqlAstTranslator.java:815) ~[hibernate-core-6.6.11.Final.jar:6.6.11.Final]
	at org.hibernate.loader.ast.internal.SingleIdLoadPlan.<init>(SingleIdLoadPlan.java:66) ~[hibernate-core-6.6.11.Final.jar:6.6.11.Final]
	at org.hibernate.loader.ast.internal.SingleIdEntityLoaderStandardImpl.createLoadPlan(SingleIdEntityLoaderStandardImpl.java:198) ~[hibernate-core-6.6.11.Final.jar:6.6.11.Final]
	at org.hibernate.loader.ast.internal.SingleIdEntityLoaderStandardImpl.lambda$new$0(SingleIdEntityLoaderStandardImpl.java:41) ~[hibernate-core-6.6.11.Final.jar:6.6.11.Final]
	at org.hibernate.loader.ast.internal.SingleIdEntityLoaderStandardImpl.<init>(SingleIdEntityLoaderStandardImpl.java:61) ~[hibernate-core-6.6.11.Final.jar:6.6.11.Final]
	at org.hibernate.loader.ast.internal.SingleIdEntityLoaderStandardImpl.<init>(SingleIdEntityLoaderStandardImpl.java:38) ~[hibernate-core-6.6.11.Final.jar:6.6.11.Final]
	at org.hibernate.persister.entity.AbstractEntityPersister.buildSingleIdEntityLoader(AbstractEntityPersister.java:913) ~[hibernate-core-6.6.11.Final.jar:6.6.11.Final]
	at org.hibernate.persister.entity.AbstractEntityPersister.buildSingleIdEntityLoader(AbstractEntityPersister.java:902) ~[hibernate-core-6.6.11.Final.jar:6.6.11.Final]
	at org.hibernate.persister.entity.AbstractEntityPersister.prepareLoaders(AbstractEntityPersister.java:3531) ~[hibernate-core-6.6.11.Final.jar:6.6.11.Final]
	at org.hibernate.metamodel.model.domain.internal.MappingMetamodelImpl.finishInitialization(MappingMetamodelImpl.java:208) ~[hibernate-core-6.6.11.Final.jar:6.6.11.Final]
	at org.hibernate.internal.SessionFactoryImpl.initializeMappingModel(SessionFactoryImpl.java:373) ~[hibernate-core-6.6.11.Final.jar:6.6.11.Final]
	at org.hibernate.internal.SessionFactoryImpl.<init>(SessionFactoryImpl.java:302) ~[hibernate-core-6.6.11.Final.jar:6.6.11.Final]
	at org.hibernate.boot.internal.SessionFactoryBuilderImpl.build(SessionFactoryBuilderImpl.java:463) ~[hibernate-core-6.6.11.Final.jar:6.6.11.Final]
	at org.hibernate.jpa.boot.internal.EntityManagerFactoryBuilderImpl.build(EntityManagerFactoryBuilderImpl.java:1517) ~[hibernate-core-6.6.11.Final.jar:6.6.11.Final]
	at org.springframework.orm.jpa.vendor.SpringHibernateJpaPersistenceProvider.createContainerEntityManagerFactory(SpringHibernateJpaPersistenceProvider.java:66) ~[spring-orm-6.2.5.jar:6.2.5]
	at org.springframework.orm.jpa.LocalContainerEntityManagerFactoryBean.createNativeEntityManagerFactory(LocalContainerEntityManagerFactoryBean.java:390) ~[spring-orm-6.2.5.jar:6.2.5]
	at org.springframework.orm.jpa.AbstractEntityManagerFactoryBean.buildNativeEntityManagerFactory(AbstractEntityManagerFactoryBean.java:419) ~[spring-orm-6.2.5.jar:6.2.5]
	at org.springframework.orm.jpa.AbstractEntityManagerFactoryBean.afterPropertiesSet(AbstractEntityManagerFactoryBean.java:400) ~[spring-orm-6.2.5.jar:6.2.5]
	at org.springframework.orm.jpa.LocalContainerEntityManagerFactoryBean.afterPropertiesSet(LocalContainerEntityManagerFactoryBean.java:366) ~[spring-orm-6.2.5.jar:6.2.5]
	at org.springframework.beans.factory.support.AbstractAutowireCapableBeanFactory.invokeInitMethods(AbstractAutowireCapableBeanFactory.java:1859) ~[spring-beans-6.2.5.jar:6.2.5]
	at org.springframework.beans.factory.support.AbstractAutowireCapableBeanFactory.initializeBean(AbstractAutowireCapableBeanFactory.java:1808) ~[spring-beans-6.2.5.jar:6.2.5]
	at org.springframework.beans.factory.support.AbstractAutowireCapableBeanFactory.doCreateBean(AbstractAutowireCapableBeanFactory.java:601) ~[spring-beans-6.2.5.jar:6.2.5]
	at org.springframework.beans.factory.support.AbstractAutowireCapableBeanFactory.createBean(AbstractAutowireCapableBeanFactory.java:523) ~[spring-beans-6.2.5.jar:6.2.5]
	at org.springframework.beans.factory.support.AbstractBeanFactory.lambda$doGetBean$0(AbstractBeanFactory.java:339) ~[spring-beans-6.2.5.jar:6.2.5]
	at org.springframework.beans.factory.support.DefaultSingletonBeanRegistry.getSingleton(DefaultSingletonBeanRegistry.java:347) ~[spring-beans-6.2.5.jar:6.2.5]
	at org.springframework.beans.factory.support.AbstractBeanFactory.doGetBean(AbstractBeanFactory.java:337) ~[spring-beans-6.2.5.jar:6.2.5]
	at org.springframework.beans.factory.support.AbstractBeanFactory.getBean(AbstractBeanFactory.java:207) ~[spring-beans-6.2.5.jar:6.2.5]
	at org.springframework.context.support.AbstractApplicationContext.finishBeanFactoryInitialization(AbstractApplicationContext.java:970) ~[spring-context-6.2.5.jar:6.2.5]
	at org.springframework.context.support.AbstractApplicationContext.refresh(AbstractApplicationContext.java:627) ~[spring-context-6.2.5.jar:6.2.5]
	at org.springframework.boot.web.servlet.context.ServletWebServerApplicationContext.refresh(ServletWebServerApplicationContext.java:146) ~[spring-boot-3.4.4.jar:3.4.4]
	at org.springframework.boot.SpringApplication.refresh(SpringApplication.java:752) ~[spring-boot-3.4.4.jar:3.4.4]
	at org.springframework.boot.SpringApplication.refreshContext(SpringApplication.java:439) ~[spring-boot-3.4.4.jar:3.4.4]
	at org.springframework.boot.SpringApplication.run(SpringApplication.java:318) ~[spring-boot-3.4.4.jar:3.4.4]
	at org.springframework.boot.SpringApplication.run(SpringApplication.java:1361) ~[spring-boot-3.4.4.jar:3.4.4]
	at org.springframework.boot.SpringApplication.run(SpringApplication.java:1350) ~[spring-boot-3.4.4.jar:3.4.4]
	at com.duoc.backend.BackendApplication.main(BackendApplication.java:10) ~[classes/:na]

2026-09-05T00:51:45.576-04:00 DEBUG 27080 --- [backend] [main] org.hibernate.orm.sql.ast.tree           : SQL AST Tree:
    SelectStatement {
      FromClause {
        StandardTableGroup (c1 : com.duoc.backend.Care.Care) {
          primaryTableReference : care as c1_0
        }
      }
    }

2026-09-05T00:51:45.576-04:00 DEBUG 27080 --- [backend] [main] o.h.p.entity.AbstractEntityPersister     : Static SQL for entity: com.duoc.backend.Care.Care
2026-09-05T00:51:45.577-04:00 DEBUG 27080 --- [backend] [main] o.h.p.entity.AbstractEntityPersister     :  Version select: select id from care where id=?
2026-09-05T00:51:45.577-04:00 DEBUG 27080 --- [backend] [main] o.h.p.entity.AbstractEntityPersister     :  Insert (0): insert into care (cost,name,id) values (?,?,?)
2026-09-05T00:51:45.577-04:00 DEBUG 27080 --- [backend] [main] o.h.p.entity.AbstractEntityPersister     :  Update (0): update care set cost=?,name=? where id=?
2026-09-05T00:51:45.577-04:00 DEBUG 27080 --- [backend] [main] o.h.p.entity.AbstractEntityPersister     :  Delete (0): delete from care where id=?
2026-09-05T00:51:45.578-04:00 DEBUG 27080 --- [backend] [main] org.hibernate.orm.sql.ast.create         : Created new SQL alias : m1_0
2026-09-05T00:51:45.580-04:00 DEBUG 27080 --- [backend] [main] org.hibernate.orm.sql.ast.create         : Registration of TableGroup [CollectionTableGroup(com.duoc.backend.Invoice.Invoice.medications)] with identifierForTableGroup [com.duoc.backend.Invoice.Invoice.medications] for NavigablePath [com.duoc.backend.Invoice.Invoice.medications] 
2026-09-05T00:51:45.580-04:00 DEBUG 27080 --- [backend] [main] org.hibernate.orm.sql.ast.create         : Registration of TableGroup [org.hibernate.sql.ast.tree.from.LazyTableGroup@7e84a52b] with identifierForTableGroup [com.duoc.backend.Invoice.Invoice.medications.{element}] for NavigablePath [com.duoc.backend.Invoice.Invoice.medications.{element}] 
2026-09-05T00:51:45.583-04:00 DEBUG 27080 --- [backend] [main] org.hibernate.orm.sql.ast.create         : Created new SQL alias : m1_1
2026-09-05T00:51:45.584-04:00 TRACE 27080 --- [backend] [main] o.h.l.ast.internal.LoaderSelectBuilder   : Starting visitation of FetchParent's Fetchables : com.duoc.backend.Invoice.Invoice.medications.{element}
2026-09-05T00:51:45.585-04:00 DEBUG 27080 --- [backend] [main] org.hibernate.orm.results.graph.AST      : DomainResult Graph:
 \-CollectionDomainResult [com.duoc.backend.Invoice.Invoice.medications]

2026-09-05T00:51:45.585-04:00 TRACE 27080 --- [backend] [main] org.hibernate.orm.results.graph.AST      : Stack trace calling DomainResultGraphPrinter

java.lang.Exception: null
	at org.hibernate.sql.results.graph.DomainResultGraphPrinter.visitDomainResults(DomainResultGraphPrinter.java:70) ~[hibernate-core-6.6.11.Final.jar:6.6.11.Final]
	at org.hibernate.sql.results.graph.DomainResultGraphPrinter.logDomainResultGraph(DomainResultGraphPrinter.java:46) ~[hibernate-core-6.6.11.Final.jar:6.6.11.Final]
	at org.hibernate.sql.results.graph.DomainResultGraphPrinter.logDomainResultGraph(DomainResultGraphPrinter.java:37) ~[hibernate-core-6.6.11.Final.jar:6.6.11.Final]
	at org.hibernate.sql.ast.spi.AbstractSqlAstTranslator.translateSelect(AbstractSqlAstTranslator.java:877) ~[hibernate-core-6.6.11.Final.jar:6.6.11.Final]
	at org.hibernate.sql.ast.spi.AbstractSqlAstTranslator.translate(AbstractSqlAstTranslator.java:815) ~[hibernate-core-6.6.11.Final.jar:6.6.11.Final]
	at org.hibernate.loader.ast.internal.CollectionLoaderSingleKey.<init>(CollectionLoaderSingleKey.java:78) ~[hibernate-core-6.6.11.Final.jar:6.6.11.Final]
	at org.hibernate.persister.collection.AbstractCollectionPersister.createSingleKeyCollectionLoader(AbstractCollectionPersister.java:859) ~[hibernate-core-6.6.11.Final.jar:6.6.11.Final]
	at org.hibernate.persister.collection.AbstractCollectionPersister.createCollectionLoader(AbstractCollectionPersister.java:844) ~[hibernate-core-6.6.11.Final.jar:6.6.11.Final]
	at org.hibernate.persister.collection.AbstractCollectionPersister.postInstantiate(AbstractCollectionPersister.java:690) ~[hibernate-core-6.6.11.Final.jar:6.6.11.Final]
	at java.base/java.util.concurrent.ConcurrentHashMap$ValuesView.forEach(ConcurrentHashMap.java:4799) ~[na:na]
	at org.hibernate.metamodel.model.domain.internal.MappingMetamodelImpl.finishInitialization(MappingMetamodelImpl.java:211) ~[hibernate-core-6.6.11.Final.jar:6.6.11.Final]
	at org.hibernate.internal.SessionFactoryImpl.initializeMappingModel(SessionFactoryImpl.java:373) ~[hibernate-core-6.6.11.Final.jar:6.6.11.Final]
	at org.hibernate.internal.SessionFactoryImpl.<init>(SessionFactoryImpl.java:302) ~[hibernate-core-6.6.11.Final.jar:6.6.11.Final]
	at org.hibernate.boot.internal.SessionFactoryBuilderImpl.build(SessionFactoryBuilderImpl.java:463) ~[hibernate-core-6.6.11.Final.jar:6.6.11.Final]
	at org.hibernate.jpa.boot.internal.EntityManagerFactoryBuilderImpl.build(EntityManagerFactoryBuilderImpl.java:1517) ~[hibernate-core-6.6.11.Final.jar:6.6.11.Final]
	at org.springframework.orm.jpa.vendor.SpringHibernateJpaPersistenceProvider.createContainerEntityManagerFactory(SpringHibernateJpaPersistenceProvider.java:66) ~[spring-orm-6.2.5.jar:6.2.5]
	at org.springframework.orm.jpa.LocalContainerEntityManagerFactoryBean.createNativeEntityManagerFactory(LocalContainerEntityManagerFactoryBean.java:390) ~[spring-orm-6.2.5.jar:6.2.5]
	at org.springframework.orm.jpa.AbstractEntityManagerFactoryBean.buildNativeEntityManagerFactory(AbstractEntityManagerFactoryBean.java:419) ~[spring-orm-6.2.5.jar:6.2.5]
	at org.springframework.orm.jpa.AbstractEntityManagerFactoryBean.afterPropertiesSet(AbstractEntityManagerFactoryBean.java:400) ~[spring-orm-6.2.5.jar:6.2.5]
	at org.springframework.orm.jpa.LocalContainerEntityManagerFactoryBean.afterPropertiesSet(LocalContainerEntityManagerFactoryBean.java:366) ~[spring-orm-6.2.5.jar:6.2.5]
	at org.springframework.beans.factory.support.AbstractAutowireCapableBeanFactory.invokeInitMethods(AbstractAutowireCapableBeanFactory.java:1859) ~[spring-beans-6.2.5.jar:6.2.5]
	at org.springframework.beans.factory.support.AbstractAutowireCapableBeanFactory.initializeBean(AbstractAutowireCapableBeanFactory.java:1808) ~[spring-beans-6.2.5.jar:6.2.5]
	at org.springframework.beans.factory.support.AbstractAutowireCapableBeanFactory.doCreateBean(AbstractAutowireCapableBeanFactory.java:601) ~[spring-beans-6.2.5.jar:6.2.5]
	at org.springframework.beans.factory.support.AbstractAutowireCapableBeanFactory.createBean(AbstractAutowireCapableBeanFactory.java:523) ~[spring-beans-6.2.5.jar:6.2.5]
	at org.springframework.beans.factory.support.AbstractBeanFactory.lambda$doGetBean$0(AbstractBeanFactory.java:339) ~[spring-beans-6.2.5.jar:6.2.5]
	at org.springframework.beans.factory.support.DefaultSingletonBeanRegistry.getSingleton(DefaultSingletonBeanRegistry.java:347) ~[spring-beans-6.2.5.jar:6.2.5]
	at org.springframework.beans.factory.support.AbstractBeanFactory.doGetBean(AbstractBeanFactory.java:337) ~[spring-beans-6.2.5.jar:6.2.5]
	at org.springframework.beans.factory.support.AbstractBeanFactory.getBean(AbstractBeanFactory.java:207) ~[spring-beans-6.2.5.jar:6.2.5]
	at org.springframework.context.support.AbstractApplicationContext.finishBeanFactoryInitialization(AbstractApplicationContext.java:970) ~[spring-context-6.2.5.jar:6.2.5]
	at org.springframework.context.support.AbstractApplicationContext.refresh(AbstractApplicationContext.java:627) ~[spring-context-6.2.5.jar:6.2.5]
	at org.springframework.boot.web.servlet.context.ServletWebServerApplicationContext.refresh(ServletWebServerApplicationContext.java:146) ~[spring-boot-3.4.4.jar:3.4.4]
	at org.springframework.boot.SpringApplication.refresh(SpringApplication.java:752) ~[spring-boot-3.4.4.jar:3.4.4]
	at org.springframework.boot.SpringApplication.refreshContext(SpringApplication.java:439) ~[spring-boot-3.4.4.jar:3.4.4]
	at org.springframework.boot.SpringApplication.run(SpringApplication.java:318) ~[spring-boot-3.4.4.jar:3.4.4]
	at org.springframework.boot.SpringApplication.run(SpringApplication.java:1361) ~[spring-boot-3.4.4.jar:3.4.4]
	at org.springframework.boot.SpringApplication.run(SpringApplication.java:1350) ~[spring-boot-3.4.4.jar:3.4.4]
	at com.duoc.backend.BackendApplication.main(BackendApplication.java:10) ~[classes/:na]

2026-09-05T00:51:45.587-04:00 DEBUG 27080 --- [backend] [main] org.hibernate.orm.sql.ast.tree           : SQL AST Tree:
    SelectStatement {
      FromClause {
        CollectionTableGroup (m1 : com.duoc.backend.Invoice.Invoice.medications) {
          primaryTableReference : invoice_medications as m1_0
          TableGroupJoins {
             join LazyTableGroup (m1 : com.duoc.backend.Invoice.Invoice.medications.{element}) {
              primaryTableReference : medication as m1_1
            }
          }
        }
      }
    }

2026-09-05T00:51:45.589-04:00 DEBUG 27080 --- [backend] [main] org.hibernate.orm.jdbc.mutation          : Static SQL for collection: com.duoc.backend.Invoice.Invoice.medications
2026-09-05T00:51:45.590-04:00 DEBUG 27080 --- [backend] [main] org.hibernate.orm.jdbc.mutation          :  Row insert: insert into invoice_medications (invoice_id,medication_id) values (?,?)
2026-09-05T00:51:45.591-04:00 DEBUG 27080 --- [backend] [main] org.hibernate.orm.jdbc.mutation          :  Row delete: delete from invoice_medications where invoice_id=? and medication_id=?
2026-09-05T00:51:45.593-04:00 TRACE 27080 --- [backend] [main] org.hibernate.orm.jdbc.mutation          : Starting RemoveCoordinator#buildOperationGroup - com.duoc.backend.Invoice.Invoice.medications
2026-09-05T00:51:45.594-04:00 DEBUG 27080 --- [backend] [main] org.hibernate.orm.jdbc.mutation          :  One-shot delete: delete from invoice_medications where invoice_id=?
2026-09-05T00:51:45.594-04:00 DEBUG 27080 --- [backend] [main] org.hibernate.orm.sql.ast.create         : Created new SQL alias : c1_0
2026-09-05T00:51:45.594-04:00 DEBUG 27080 --- [backend] [main] org.hibernate.orm.sql.ast.create         : Registration of TableGroup [CollectionTableGroup(com.duoc.backend.Invoice.Invoice.cares)] with identifierForTableGroup [com.duoc.backend.Invoice.Invoice.cares] for NavigablePath [com.duoc.backend.Invoice.Invoice.cares] 
2026-09-05T00:51:45.594-04:00 DEBUG 27080 --- [backend] [main] org.hibernate.orm.sql.ast.create         : Registration of TableGroup [org.hibernate.sql.ast.tree.from.LazyTableGroup@33f4844b] with identifierForTableGroup [com.duoc.backend.Invoice.Invoice.cares.{element}] for NavigablePath [com.duoc.backend.Invoice.Invoice.cares.{element}] 
2026-09-05T00:51:45.594-04:00 DEBUG 27080 --- [backend] [main] org.hibernate.orm.sql.ast.create         : Created new SQL alias : c1_1
2026-09-05T00:51:45.595-04:00 TRACE 27080 --- [backend] [main] o.h.l.ast.internal.LoaderSelectBuilder   : Starting visitation of FetchParent's Fetchables : com.duoc.backend.Invoice.Invoice.cares.{element}
2026-09-05T00:51:45.595-04:00 DEBUG 27080 --- [backend] [main] org.hibernate.orm.results.graph.AST      : DomainResult Graph:
 \-CollectionDomainResult [com.duoc.backend.Invoice.Invoice.cares]

2026-09-05T00:51:45.595-04:00 TRACE 27080 --- [backend] [main] org.hibernate.orm.results.graph.AST      : Stack trace calling DomainResultGraphPrinter

java.lang.Exception: null
	at org.hibernate.sql.results.graph.DomainResultGraphPrinter.visitDomainResults(DomainResultGraphPrinter.java:70) ~[hibernate-core-6.6.11.Final.jar:6.6.11.Final]
	at org.hibernate.sql.results.graph.DomainResultGraphPrinter.logDomainResultGraph(DomainResultGraphPrinter.java:46) ~[hibernate-core-6.6.11.Final.jar:6.6.11.Final]
	at org.hibernate.sql.results.graph.DomainResultGraphPrinter.logDomainResultGraph(DomainResultGraphPrinter.java:37) ~[hibernate-core-6.6.11.Final.jar:6.6.11.Final]
	at org.hibernate.sql.ast.spi.AbstractSqlAstTranslator.translateSelect(AbstractSqlAstTranslator.java:877) ~[hibernate-core-6.6.11.Final.jar:6.6.11.Final]
	at org.hibernate.sql.ast.spi.AbstractSqlAstTranslator.translate(AbstractSqlAstTranslator.java:815) ~[hibernate-core-6.6.11.Final.jar:6.6.11.Final]
	at org.hibernate.loader.ast.internal.CollectionLoaderSingleKey.<init>(CollectionLoaderSingleKey.java:78) ~[hibernate-core-6.6.11.Final.jar:6.6.11.Final]
	at org.hibernate.persister.collection.AbstractCollectionPersister.createSingleKeyCollectionLoader(AbstractCollectionPersister.java:859) ~[hibernate-core-6.6.11.Final.jar:6.6.11.Final]
	at org.hibernate.persister.collection.AbstractCollectionPersister.createCollectionLoader(AbstractCollectionPersister.java:844) ~[hibernate-core-6.6.11.Final.jar:6.6.11.Final]
	at org.hibernate.persister.collection.AbstractCollectionPersister.postInstantiate(AbstractCollectionPersister.java:690) ~[hibernate-core-6.6.11.Final.jar:6.6.11.Final]
	at java.base/java.util.concurrent.ConcurrentHashMap$ValuesView.forEach(ConcurrentHashMap.java:4799) ~[na:na]
	at org.hibernate.metamodel.model.domain.internal.MappingMetamodelImpl.finishInitialization(MappingMetamodelImpl.java:211) ~[hibernate-core-6.6.11.Final.jar:6.6.11.Final]
	at org.hibernate.internal.SessionFactoryImpl.initializeMappingModel(SessionFactoryImpl.java:373) ~[hibernate-core-6.6.11.Final.jar:6.6.11.Final]
	at org.hibernate.internal.SessionFactoryImpl.<init>(SessionFactoryImpl.java:302) ~[hibernate-core-6.6.11.Final.jar:6.6.11.Final]
	at org.hibernate.boot.internal.SessionFactoryBuilderImpl.build(SessionFactoryBuilderImpl.java:463) ~[hibernate-core-6.6.11.Final.jar:6.6.11.Final]
	at org.hibernate.jpa.boot.internal.EntityManagerFactoryBuilderImpl.build(EntityManagerFactoryBuilderImpl.java:1517) ~[hibernate-core-6.6.11.Final.jar:6.6.11.Final]
	at org.springframework.orm.jpa.vendor.SpringHibernateJpaPersistenceProvider.createContainerEntityManagerFactory(SpringHibernateJpaPersistenceProvider.java:66) ~[spring-orm-6.2.5.jar:6.2.5]
	at org.springframework.orm.jpa.LocalContainerEntityManagerFactoryBean.createNativeEntityManagerFactory(LocalContainerEntityManagerFactoryBean.java:390) ~[spring-orm-6.2.5.jar:6.2.5]
	at org.springframework.orm.jpa.AbstractEntityManagerFactoryBean.buildNativeEntityManagerFactory(AbstractEntityManagerFactoryBean.java:419) ~[spring-orm-6.2.5.jar:6.2.5]
	at org.springframework.orm.jpa.AbstractEntityManagerFactoryBean.afterPropertiesSet(AbstractEntityManagerFactoryBean.java:400) ~[spring-orm-6.2.5.jar:6.2.5]
	at org.springframework.orm.jpa.LocalContainerEntityManagerFactoryBean.afterPropertiesSet(LocalContainerEntityManagerFactoryBean.java:366) ~[spring-orm-6.2.5.jar:6.2.5]
	at org.springframework.beans.factory.support.AbstractAutowireCapableBeanFactory.invokeInitMethods(AbstractAutowireCapableBeanFactory.java:1859) ~[spring-beans-6.2.5.jar:6.2.5]
	at org.springframework.beans.factory.support.AbstractAutowireCapableBeanFactory.initializeBean(AbstractAutowireCapableBeanFactory.java:1808) ~[spring-beans-6.2.5.jar:6.2.5]
	at org.springframework.beans.factory.support.AbstractAutowireCapableBeanFactory.doCreateBean(AbstractAutowireCapableBeanFactory.java:601) ~[spring-beans-6.2.5.jar:6.2.5]
	at org.springframework.beans.factory.support.AbstractAutowireCapableBeanFactory.createBean(AbstractAutowireCapableBeanFactory.java:523) ~[spring-beans-6.2.5.jar:6.2.5]
	at org.springframework.beans.factory.support.AbstractBeanFactory.lambda$doGetBean$0(AbstractBeanFactory.java:339) ~[spring-beans-6.2.5.jar:6.2.5]
	at org.springframework.beans.factory.support.DefaultSingletonBeanRegistry.getSingleton(DefaultSingletonBeanRegistry.java:347) ~[spring-beans-6.2.5.jar:6.2.5]
	at org.springframework.beans.factory.support.AbstractBeanFactory.doGetBean(AbstractBeanFactory.java:337) ~[spring-beans-6.2.5.jar:6.2.5]
	at org.springframework.beans.factory.support.AbstractBeanFactory.getBean(AbstractBeanFactory.java:207) ~[spring-beans-6.2.5.jar:6.2.5]
	at org.springframework.context.support.AbstractApplicationContext.finishBeanFactoryInitialization(AbstractApplicationContext.java:970) ~[spring-context-6.2.5.jar:6.2.5]
	at org.springframework.context.support.AbstractApplicationContext.refresh(AbstractApplicationContext.java:627) ~[spring-context-6.2.5.jar:6.2.5]
	at org.springframework.boot.web.servlet.context.ServletWebServerApplicationContext.refresh(ServletWebServerApplicationContext.java:146) ~[spring-boot-3.4.4.jar:3.4.4]
	at org.springframework.boot.SpringApplication.refresh(SpringApplication.java:752) ~[spring-boot-3.4.4.jar:3.4.4]
	at org.springframework.boot.SpringApplication.refreshContext(SpringApplication.java:439) ~[spring-boot-3.4.4.jar:3.4.4]
	at org.springframework.boot.SpringApplication.run(SpringApplication.java:318) ~[spring-boot-3.4.4.jar:3.4.4]
	at org.springframework.boot.SpringApplication.run(SpringApplication.java:1361) ~[spring-boot-3.4.4.jar:3.4.4]
	at org.springframework.boot.SpringApplication.run(SpringApplication.java:1350) ~[spring-boot-3.4.4.jar:3.4.4]
	at com.duoc.backend.BackendApplication.main(BackendApplication.java:10) ~[classes/:na]

2026-09-05T00:51:45.596-04:00 DEBUG 27080 --- [backend] [main] org.hibernate.orm.sql.ast.tree           : SQL AST Tree:
    SelectStatement {
      FromClause {
        CollectionTableGroup (c1 : com.duoc.backend.Invoice.Invoice.cares) {
          primaryTableReference : invoice_cares as c1_0
          TableGroupJoins {
             join LazyTableGroup (c1 : com.duoc.backend.Invoice.Invoice.cares.{element}) {
              primaryTableReference : care as c1_1
            }
          }
        }
      }
    }

2026-09-05T00:51:45.596-04:00 DEBUG 27080 --- [backend] [main] org.hibernate.orm.jdbc.mutation          : Static SQL for collection: com.duoc.backend.Invoice.Invoice.cares
2026-09-05T00:51:45.596-04:00 DEBUG 27080 --- [backend] [main] org.hibernate.orm.jdbc.mutation          :  Row insert: insert into invoice_cares (invoice_id,care_id) values (?,?)
2026-09-05T00:51:45.597-04:00 DEBUG 27080 --- [backend] [main] org.hibernate.orm.jdbc.mutation          :  Row delete: delete from invoice_cares where invoice_id=? and care_id=?
2026-09-05T00:51:45.597-04:00 TRACE 27080 --- [backend] [main] org.hibernate.orm.jdbc.mutation          : Starting RemoveCoordinator#buildOperationGroup - com.duoc.backend.Invoice.Invoice.cares
2026-09-05T00:51:45.597-04:00 DEBUG 27080 --- [backend] [main] org.hibernate.orm.jdbc.mutation          :  One-shot delete: delete from invoice_cares where invoice_id=?
2026-09-05T00:51:45.609-04:00 TRACE 27080 --- [backend] [main] o.h.metamodel.internal.MetadataContext   : Wrapping up metadata context...
2026-09-05T00:51:45.609-04:00 TRACE 27080 --- [backend] [main] o.h.metamodel.internal.MetadataContext   : Starting entity [com.duoc.backend.User]
2026-09-05T00:51:45.609-04:00 TRACE 27080 --- [backend] [main] o.h.metamodel.internal.AttributeFactory  : Building identifier attribute [com.duoc.backend.User.id]
2026-09-05T00:51:45.610-04:00 TRACE 27080 --- [backend] [main] o.h.metamodel.internal.AttributeFactory  : Starting attribute metadata determination [id]
2026-09-05T00:51:45.610-04:00 TRACE 27080 --- [backend] [main] o.h.metamodel.internal.AttributeFactory  :     Determined member [private java.lang.Integer com.duoc.backend.User.id]
2026-09-05T00:51:45.610-04:00 TRACE 27080 --- [backend] [main] o.h.metamodel.internal.AttributeFactory  :     Determined type [name=integer, class=org.hibernate.type.internal.NamedBasicTypeImpl]
2026-09-05T00:51:45.615-04:00 TRACE 27080 --- [backend] [main] o.h.metamodel.internal.AttributeFactory  : Building attribute [com.duoc.backend.User.email]
2026-09-05T00:51:45.615-04:00 TRACE 27080 --- [backend] [main] o.h.metamodel.internal.AttributeFactory  : Starting attribute metadata determination [email]
2026-09-05T00:51:45.615-04:00 TRACE 27080 --- [backend] [main] o.h.metamodel.internal.AttributeFactory  :     Determined member [private java.lang.String com.duoc.backend.User.email]
2026-09-05T00:51:45.615-04:00 TRACE 27080 --- [backend] [main] o.h.metamodel.internal.AttributeFactory  :     Determined type [name=string, class=org.hibernate.type.internal.NamedBasicTypeImpl]
2026-09-05T00:51:45.615-04:00 TRACE 27080 --- [backend] [main] o.h.metamodel.internal.AttributeFactory  : Building attribute [com.duoc.backend.User.password]
2026-09-05T00:51:45.615-04:00 TRACE 27080 --- [backend] [main] o.h.metamodel.internal.AttributeFactory  : Starting attribute metadata determination [password]
2026-09-05T00:51:45.615-04:00 TRACE 27080 --- [backend] [main] o.h.metamodel.internal.AttributeFactory  :     Determined member [private java.lang.String com.duoc.backend.User.password]
2026-09-05T00:51:45.615-04:00 TRACE 27080 --- [backend] [main] o.h.metamodel.internal.AttributeFactory  :     Determined type [name=string, class=org.hibernate.type.internal.NamedBasicTypeImpl]
2026-09-05T00:51:45.615-04:00 TRACE 27080 --- [backend] [main] o.h.metamodel.internal.AttributeFactory  : Building attribute [com.duoc.backend.User.username]
2026-09-05T00:51:45.616-04:00 TRACE 27080 --- [backend] [main] o.h.metamodel.internal.AttributeFactory  : Starting attribute metadata determination [username]
2026-09-05T00:51:45.616-04:00 TRACE 27080 --- [backend] [main] o.h.metamodel.internal.AttributeFactory  :     Determined member [private java.lang.String com.duoc.backend.User.username]
2026-09-05T00:51:45.616-04:00 TRACE 27080 --- [backend] [main] o.h.metamodel.internal.AttributeFactory  :     Determined type [name=string, class=org.hibernate.type.internal.NamedBasicTypeImpl]
2026-09-05T00:51:45.616-04:00 TRACE 27080 --- [backend] [main] o.h.m.m.domain.AbstractIdentifiableType  : Interpreting domain-model identifier descriptor
2026-09-05T00:51:45.616-04:00 TRACE 27080 --- [backend] [main] o.h.metamodel.internal.MetadataContext   : Completed entity [com.duoc.backend.User]
2026-09-05T00:51:45.616-04:00 TRACE 27080 --- [backend] [main] o.h.metamodel.internal.MetadataContext   : Starting entity [com.duoc.backend.Appointment.Appointment]
2026-09-05T00:51:45.616-04:00 TRACE 27080 --- [backend] [main] o.h.metamodel.internal.AttributeFactory  : Building identifier attribute [com.duoc.backend.Appointment.Appointment.id]
2026-09-05T00:51:45.616-04:00 TRACE 27080 --- [backend] [main] o.h.metamodel.internal.AttributeFactory  : Starting attribute metadata determination [id]
2026-09-05T00:51:45.616-04:00 TRACE 27080 --- [backend] [main] o.h.metamodel.internal.AttributeFactory  :     Determined member [private java.lang.Long com.duoc.backend.Appointment.Appointment.id]
2026-09-05T00:51:45.616-04:00 TRACE 27080 --- [backend] [main] o.h.metamodel.internal.AttributeFactory  :     Determined type [name=long, class=org.hibernate.type.internal.NamedBasicTypeImpl]
2026-09-05T00:51:45.616-04:00 TRACE 27080 --- [backend] [main] o.h.metamodel.internal.AttributeFactory  : Building attribute [com.duoc.backend.Appointment.Appointment.date]
2026-09-05T00:51:45.616-04:00 TRACE 27080 --- [backend] [main] o.h.metamodel.internal.AttributeFactory  : Starting attribute metadata determination [date]
2026-09-05T00:51:45.617-04:00 TRACE 27080 --- [backend] [main] o.h.metamodel.internal.AttributeFactory  :     Determined member [private java.time.LocalDate com.duoc.backend.Appointment.Appointment.date]
2026-09-05T00:51:45.617-04:00 TRACE 27080 --- [backend] [main] o.h.metamodel.internal.AttributeFactory  :     Determined type [name=LocalDate, class=org.hibernate.type.internal.NamedBasicTypeImpl]
2026-09-05T00:51:45.617-04:00 TRACE 27080 --- [backend] [main] o.h.metamodel.internal.AttributeFactory  : Building attribute [com.duoc.backend.Appointment.Appointment.reason]
2026-09-05T00:51:45.617-04:00 TRACE 27080 --- [backend] [main] o.h.metamodel.internal.AttributeFactory  : Starting attribute metadata determination [reason]
2026-09-05T00:51:45.617-04:00 TRACE 27080 --- [backend] [main] o.h.metamodel.internal.AttributeFactory  :     Determined member [private java.lang.String com.duoc.backend.Appointment.Appointment.reason]
2026-09-05T00:51:45.617-04:00 TRACE 27080 --- [backend] [main] o.h.metamodel.internal.AttributeFactory  :     Determined type [name=string, class=org.hibernate.type.internal.NamedBasicTypeImpl]
2026-09-05T00:51:45.617-04:00 TRACE 27080 --- [backend] [main] o.h.metamodel.internal.AttributeFactory  : Building attribute [com.duoc.backend.Appointment.Appointment.time]
2026-09-05T00:51:45.617-04:00 TRACE 27080 --- [backend] [main] o.h.metamodel.internal.AttributeFactory  : Starting attribute metadata determination [time]
2026-09-05T00:51:45.617-04:00 TRACE 27080 --- [backend] [main] o.h.metamodel.internal.AttributeFactory  :     Determined member [private java.time.LocalTime com.duoc.backend.Appointment.Appointment.time]
2026-09-05T00:51:45.617-04:00 TRACE 27080 --- [backend] [main] o.h.metamodel.internal.AttributeFactory  :     Determined type [name=LocalTime, class=org.hibernate.type.internal.NamedBasicTypeImpl]
2026-09-05T00:51:45.617-04:00 TRACE 27080 --- [backend] [main] o.h.metamodel.internal.AttributeFactory  : Building attribute [com.duoc.backend.Appointment.Appointment.veterinarian]
2026-09-05T00:51:45.617-04:00 TRACE 27080 --- [backend] [main] o.h.metamodel.internal.AttributeFactory  : Starting attribute metadata determination [veterinarian]
2026-09-05T00:51:45.617-04:00 TRACE 27080 --- [backend] [main] o.h.metamodel.internal.AttributeFactory  :     Determined member [private java.lang.String com.duoc.backend.Appointment.Appointment.veterinarian]
2026-09-05T00:51:45.617-04:00 TRACE 27080 --- [backend] [main] o.h.metamodel.internal.AttributeFactory  :     Determined type [name=string, class=org.hibernate.type.internal.NamedBasicTypeImpl]
2026-09-05T00:51:45.617-04:00 TRACE 27080 --- [backend] [main] o.h.m.m.domain.AbstractIdentifiableType  : Interpreting domain-model identifier descriptor
2026-09-05T00:51:45.618-04:00 TRACE 27080 --- [backend] [main] o.h.metamodel.internal.MetadataContext   : Completed entity [com.duoc.backend.Appointment.Appointment]
2026-09-05T00:51:45.618-04:00 TRACE 27080 --- [backend] [main] o.h.metamodel.internal.MetadataContext   : Starting entity [com.duoc.backend.Patient.Patient]
2026-09-05T00:51:45.618-04:00 TRACE 27080 --- [backend] [main] o.h.metamodel.internal.AttributeFactory  : Building identifier attribute [com.duoc.backend.Patient.Patient.id]
2026-09-05T00:51:45.618-04:00 TRACE 27080 --- [backend] [main] o.h.metamodel.internal.AttributeFactory  : Starting attribute metadata determination [id]
2026-09-05T00:51:45.618-04:00 TRACE 27080 --- [backend] [main] o.h.metamodel.internal.AttributeFactory  :     Determined member [private java.lang.Long com.duoc.backend.Patient.Patient.id]
2026-09-05T00:51:45.618-04:00 TRACE 27080 --- [backend] [main] o.h.metamodel.internal.AttributeFactory  :     Determined type [name=long, class=org.hibernate.type.internal.NamedBasicTypeImpl]
2026-09-05T00:51:45.618-04:00 TRACE 27080 --- [backend] [main] o.h.metamodel.internal.AttributeFactory  : Building attribute [com.duoc.backend.Patient.Patient.age]
2026-09-05T00:51:45.618-04:00 TRACE 27080 --- [backend] [main] o.h.metamodel.internal.AttributeFactory  : Starting attribute metadata determination [age]
2026-09-05T00:51:45.618-04:00 TRACE 27080 --- [backend] [main] o.h.metamodel.internal.AttributeFactory  :     Determined member [private int com.duoc.backend.Patient.Patient.age]
2026-09-05T00:51:45.618-04:00 TRACE 27080 --- [backend] [main] o.h.metamodel.internal.AttributeFactory  :     Determined type [name=integer, class=org.hibernate.type.internal.NamedBasicTypeImpl]
2026-09-05T00:51:45.620-04:00 TRACE 27080 --- [backend] [main] o.h.metamodel.internal.AttributeFactory  : Building attribute [com.duoc.backend.Patient.Patient.breed]
2026-09-05T00:51:45.620-04:00 TRACE 27080 --- [backend] [main] o.h.metamodel.internal.AttributeFactory  : Starting attribute metadata determination [breed]
2026-09-05T00:51:45.620-04:00 TRACE 27080 --- [backend] [main] o.h.metamodel.internal.AttributeFactory  :     Determined member [private java.lang.String com.duoc.backend.Patient.Patient.breed]
2026-09-05T00:51:45.620-04:00 TRACE 27080 --- [backend] [main] o.h.metamodel.internal.AttributeFactory  :     Determined type [name=string, class=org.hibernate.type.internal.NamedBasicTypeImpl]
2026-09-05T00:51:45.620-04:00 TRACE 27080 --- [backend] [main] o.h.metamodel.internal.AttributeFactory  : Building attribute [com.duoc.backend.Patient.Patient.name]
2026-09-05T00:51:45.620-04:00 TRACE 27080 --- [backend] [main] o.h.metamodel.internal.AttributeFactory  : Starting attribute metadata determination [name]
2026-09-05T00:51:45.620-04:00 TRACE 27080 --- [backend] [main] o.h.metamodel.internal.AttributeFactory  :     Determined member [private java.lang.String com.duoc.backend.Patient.Patient.name]
2026-09-05T00:51:45.620-04:00 TRACE 27080 --- [backend] [main] o.h.metamodel.internal.AttributeFactory  :     Determined type [name=string, class=org.hibernate.type.internal.NamedBasicTypeImpl]
2026-09-05T00:51:45.620-04:00 TRACE 27080 --- [backend] [main] o.h.metamodel.internal.AttributeFactory  : Building attribute [com.duoc.backend.Patient.Patient.owner]
2026-09-05T00:51:45.620-04:00 TRACE 27080 --- [backend] [main] o.h.metamodel.internal.AttributeFactory  : Starting attribute metadata determination [owner]
2026-09-05T00:51:45.620-04:00 TRACE 27080 --- [backend] [main] o.h.metamodel.internal.AttributeFactory  :     Determined member [private java.lang.String com.duoc.backend.Patient.Patient.owner]
2026-09-05T00:51:45.620-04:00 TRACE 27080 --- [backend] [main] o.h.metamodel.internal.AttributeFactory  :     Determined type [name=string, class=org.hibernate.type.internal.NamedBasicTypeImpl]
2026-09-05T00:51:45.620-04:00 TRACE 27080 --- [backend] [main] o.h.metamodel.internal.AttributeFactory  : Building attribute [com.duoc.backend.Patient.Patient.species]
2026-09-05T00:51:45.620-04:00 TRACE 27080 --- [backend] [main] o.h.metamodel.internal.AttributeFactory  : Starting attribute metadata determination [species]
2026-09-05T00:51:45.620-04:00 TRACE 27080 --- [backend] [main] o.h.metamodel.internal.AttributeFactory  :     Determined member [private java.lang.String com.duoc.backend.Patient.Patient.species]
2026-09-05T00:51:45.620-04:00 TRACE 27080 --- [backend] [main] o.h.metamodel.internal.AttributeFactory  :     Determined type [name=string, class=org.hibernate.type.internal.NamedBasicTypeImpl]
2026-09-05T00:51:45.621-04:00 TRACE 27080 --- [backend] [main] o.h.m.m.domain.AbstractIdentifiableType  : Interpreting domain-model identifier descriptor
2026-09-05T00:51:45.621-04:00 TRACE 27080 --- [backend] [main] o.h.metamodel.internal.MetadataContext   : Completed entity [com.duoc.backend.Patient.Patient]
2026-09-05T00:51:45.621-04:00 TRACE 27080 --- [backend] [main] o.h.metamodel.internal.MetadataContext   : Starting entity [com.duoc.backend.Invoice.Invoice]
2026-09-05T00:51:45.621-04:00 TRACE 27080 --- [backend] [main] o.h.metamodel.internal.AttributeFactory  : Building identifier attribute [com.duoc.backend.Invoice.Invoice.id]
2026-09-05T00:51:45.621-04:00 TRACE 27080 --- [backend] [main] o.h.metamodel.internal.AttributeFactory  : Starting attribute metadata determination [id]
2026-09-05T00:51:45.621-04:00 TRACE 27080 --- [backend] [main] o.h.metamodel.internal.AttributeFactory  :     Determined member [private java.lang.Long com.duoc.backend.Invoice.Invoice.id]
2026-09-05T00:51:45.621-04:00 TRACE 27080 --- [backend] [main] o.h.metamodel.internal.AttributeFactory  :     Determined type [name=long, class=org.hibernate.type.internal.NamedBasicTypeImpl]
2026-09-05T00:51:45.621-04:00 TRACE 27080 --- [backend] [main] o.h.metamodel.internal.AttributeFactory  : Building attribute [com.duoc.backend.Invoice.Invoice.cares]
2026-09-05T00:51:45.621-04:00 TRACE 27080 --- [backend] [main] o.h.metamodel.internal.AttributeFactory  : Starting attribute metadata determination [cares]
2026-09-05T00:51:45.621-04:00 TRACE 27080 --- [backend] [main] o.h.metamodel.internal.AttributeFactory  :     Determined member [private java.util.List com.duoc.backend.Invoice.Invoice.cares]
2026-09-05T00:51:45.621-04:00 TRACE 27080 --- [backend] [main] o.h.metamodel.internal.AttributeFactory  :     Determined type [name=java.util.Collection(com.duoc.backend.Invoice.Invoice.cares), class=org.hibernate.type.BagType]
2026-09-05T00:51:45.624-04:00 TRACE 27080 --- [backend] [main] o.h.metamodel.internal.AttributeFactory  : Building attribute [com.duoc.backend.Invoice.Invoice.date]
2026-09-05T00:51:45.624-04:00 TRACE 27080 --- [backend] [main] o.h.metamodel.internal.AttributeFactory  : Starting attribute metadata determination [date]
2026-09-05T00:51:45.625-04:00 TRACE 27080 --- [backend] [main] o.h.metamodel.internal.AttributeFactory  :     Determined member [private java.time.LocalDate com.duoc.backend.Invoice.Invoice.date]
2026-09-05T00:51:45.625-04:00 TRACE 27080 --- [backend] [main] o.h.metamodel.internal.AttributeFactory  :     Determined type [name=LocalDate, class=org.hibernate.type.internal.NamedBasicTypeImpl]
2026-09-05T00:51:45.625-04:00 TRACE 27080 --- [backend] [main] o.h.metamodel.internal.AttributeFactory  : Building attribute [com.duoc.backend.Invoice.Invoice.medications]
2026-09-05T00:51:45.625-04:00 TRACE 27080 --- [backend] [main] o.h.metamodel.internal.AttributeFactory  : Starting attribute metadata determination [medications]
2026-09-05T00:51:45.625-04:00 TRACE 27080 --- [backend] [main] o.h.metamodel.internal.AttributeFactory  :     Determined member [private java.util.List com.duoc.backend.Invoice.Invoice.medications]
2026-09-05T00:51:45.625-04:00 TRACE 27080 --- [backend] [main] o.h.metamodel.internal.AttributeFactory  :     Determined type [name=java.util.Collection(com.duoc.backend.Invoice.Invoice.medications), class=org.hibernate.type.BagType]
2026-09-05T00:51:45.625-04:00 TRACE 27080 --- [backend] [main] o.h.metamodel.internal.AttributeFactory  : Building attribute [com.duoc.backend.Invoice.Invoice.patientName]
2026-09-05T00:51:45.625-04:00 TRACE 27080 --- [backend] [main] o.h.metamodel.internal.AttributeFactory  : Starting attribute metadata determination [patientName]
2026-09-05T00:51:45.625-04:00 TRACE 27080 --- [backend] [main] o.h.metamodel.internal.AttributeFactory  :     Determined member [private java.lang.String com.duoc.backend.Invoice.Invoice.patientName]
2026-09-05T00:51:45.625-04:00 TRACE 27080 --- [backend] [main] o.h.metamodel.internal.AttributeFactory  :     Determined type [name=string, class=org.hibernate.type.internal.NamedBasicTypeImpl]
2026-09-05T00:51:45.625-04:00 TRACE 27080 --- [backend] [main] o.h.metamodel.internal.AttributeFactory  : Building attribute [com.duoc.backend.Invoice.Invoice.time]
2026-09-05T00:51:45.626-04:00 TRACE 27080 --- [backend] [main] o.h.metamodel.internal.AttributeFactory  : Starting attribute metadata determination [time]
2026-09-05T00:51:45.626-04:00 TRACE 27080 --- [backend] [main] o.h.metamodel.internal.AttributeFactory  :     Determined member [private java.time.LocalTime com.duoc.backend.Invoice.Invoice.time]
2026-09-05T00:51:45.626-04:00 TRACE 27080 --- [backend] [main] o.h.metamodel.internal.AttributeFactory  :     Determined type [name=LocalTime, class=org.hibernate.type.internal.NamedBasicTypeImpl]
2026-09-05T00:51:45.626-04:00 TRACE 27080 --- [backend] [main] o.h.metamodel.internal.AttributeFactory  : Building attribute [com.duoc.backend.Invoice.Invoice.totalCost]
2026-09-05T00:51:45.626-04:00 TRACE 27080 --- [backend] [main] o.h.metamodel.internal.AttributeFactory  : Starting attribute metadata determination [totalCost]
2026-09-05T00:51:45.626-04:00 TRACE 27080 --- [backend] [main] o.h.metamodel.internal.AttributeFactory  :     Determined member [private java.lang.Double com.duoc.backend.Invoice.Invoice.totalCost]
2026-09-05T00:51:45.626-04:00 TRACE 27080 --- [backend] [main] o.h.metamodel.internal.AttributeFactory  :     Determined type [name=double, class=org.hibernate.type.internal.NamedBasicTypeImpl]
2026-09-05T00:51:45.626-04:00 TRACE 27080 --- [backend] [main] o.h.m.m.domain.AbstractIdentifiableType  : Interpreting domain-model identifier descriptor
2026-09-05T00:51:45.626-04:00 TRACE 27080 --- [backend] [main] o.h.metamodel.internal.MetadataContext   : Completed entity [com.duoc.backend.Invoice.Invoice]
2026-09-05T00:51:45.626-04:00 TRACE 27080 --- [backend] [main] o.h.metamodel.internal.MetadataContext   : Starting entity [com.duoc.backend.Medication.Medication]
2026-09-05T00:51:45.626-04:00 TRACE 27080 --- [backend] [main] o.h.metamodel.internal.AttributeFactory  : Building identifier attribute [com.duoc.backend.Medication.Medication.id]
2026-09-05T00:51:45.626-04:00 TRACE 27080 --- [backend] [main] o.h.metamodel.internal.AttributeFactory  : Starting attribute metadata determination [id]
2026-09-05T00:51:45.626-04:00 TRACE 27080 --- [backend] [main] o.h.metamodel.internal.AttributeFactory  :     Determined member [private java.lang.Long com.duoc.backend.Medication.Medication.id]
2026-09-05T00:51:45.627-04:00 TRACE 27080 --- [backend] [main] o.h.metamodel.internal.AttributeFactory  :     Determined type [name=long, class=org.hibernate.type.internal.NamedBasicTypeImpl]
2026-09-05T00:51:45.627-04:00 TRACE 27080 --- [backend] [main] o.h.metamodel.internal.AttributeFactory  : Building attribute [com.duoc.backend.Medication.Medication.cost]
2026-09-05T00:51:45.627-04:00 TRACE 27080 --- [backend] [main] o.h.metamodel.internal.AttributeFactory  : Starting attribute metadata determination [cost]
2026-09-05T00:51:45.627-04:00 TRACE 27080 --- [backend] [main] o.h.metamodel.internal.AttributeFactory  :     Determined member [private java.lang.Double com.duoc.backend.Medication.Medication.cost]
2026-09-05T00:51:45.627-04:00 TRACE 27080 --- [backend] [main] o.h.metamodel.internal.AttributeFactory  :     Determined type [name=double, class=org.hibernate.type.internal.NamedBasicTypeImpl]
2026-09-05T00:51:45.627-04:00 TRACE 27080 --- [backend] [main] o.h.metamodel.internal.AttributeFactory  : Building attribute [com.duoc.backend.Medication.Medication.name]
2026-09-05T00:51:45.627-04:00 TRACE 27080 --- [backend] [main] o.h.metamodel.internal.AttributeFactory  : Starting attribute metadata determination [name]
2026-09-05T00:51:45.627-04:00 TRACE 27080 --- [backend] [main] o.h.metamodel.internal.AttributeFactory  :     Determined member [private java.lang.String com.duoc.backend.Medication.Medication.name]
2026-09-05T00:51:45.627-04:00 TRACE 27080 --- [backend] [main] o.h.metamodel.internal.AttributeFactory  :     Determined type [name=string, class=org.hibernate.type.internal.NamedBasicTypeImpl]
2026-09-05T00:51:45.627-04:00 TRACE 27080 --- [backend] [main] o.h.m.m.domain.AbstractIdentifiableType  : Interpreting domain-model identifier descriptor
2026-09-05T00:51:45.627-04:00 TRACE 27080 --- [backend] [main] o.h.metamodel.internal.MetadataContext   : Completed entity [com.duoc.backend.Medication.Medication]
2026-09-05T00:51:45.627-04:00 TRACE 27080 --- [backend] [main] o.h.metamodel.internal.MetadataContext   : Starting entity [com.duoc.backend.Care.Care]
2026-09-05T00:51:45.627-04:00 TRACE 27080 --- [backend] [main] o.h.metamodel.internal.AttributeFactory  : Building identifier attribute [com.duoc.backend.Care.Care.id]
2026-09-05T00:51:45.627-04:00 TRACE 27080 --- [backend] [main] o.h.metamodel.internal.AttributeFactory  : Starting attribute metadata determination [id]
2026-09-05T00:51:45.628-04:00 TRACE 27080 --- [backend] [main] o.h.metamodel.internal.AttributeFactory  :     Determined member [private java.lang.Long com.duoc.backend.Care.Care.id]
2026-09-05T00:51:45.628-04:00 TRACE 27080 --- [backend] [main] o.h.metamodel.internal.AttributeFactory  :     Determined type [name=long, class=org.hibernate.type.internal.NamedBasicTypeImpl]
2026-09-05T00:51:45.628-04:00 TRACE 27080 --- [backend] [main] o.h.metamodel.internal.AttributeFactory  : Building attribute [com.duoc.backend.Care.Care.cost]
2026-09-05T00:51:45.628-04:00 TRACE 27080 --- [backend] [main] o.h.metamodel.internal.AttributeFactory  : Starting attribute metadata determination [cost]
2026-09-05T00:51:45.628-04:00 TRACE 27080 --- [backend] [main] o.h.metamodel.internal.AttributeFactory  :     Determined member [private java.lang.Double com.duoc.backend.Care.Care.cost]
2026-09-05T00:51:45.628-04:00 TRACE 27080 --- [backend] [main] o.h.metamodel.internal.AttributeFactory  :     Determined type [name=double, class=org.hibernate.type.internal.NamedBasicTypeImpl]
2026-09-05T00:51:45.628-04:00 TRACE 27080 --- [backend] [main] o.h.metamodel.internal.AttributeFactory  : Building attribute [com.duoc.backend.Care.Care.name]
2026-09-05T00:51:45.628-04:00 TRACE 27080 --- [backend] [main] o.h.metamodel.internal.AttributeFactory  : Starting attribute metadata determination [name]
2026-09-05T00:51:45.628-04:00 TRACE 27080 --- [backend] [main] o.h.metamodel.internal.AttributeFactory  :     Determined member [private java.lang.String com.duoc.backend.Care.Care.name]
2026-09-05T00:51:45.628-04:00 TRACE 27080 --- [backend] [main] o.h.metamodel.internal.AttributeFactory  :     Determined type [name=string, class=org.hibernate.type.internal.NamedBasicTypeImpl]
2026-09-05T00:51:45.628-04:00 TRACE 27080 --- [backend] [main] o.h.m.m.domain.AbstractIdentifiableType  : Interpreting domain-model identifier descriptor
2026-09-05T00:51:45.628-04:00 TRACE 27080 --- [backend] [main] o.h.metamodel.internal.MetadataContext   : Completed entity [com.duoc.backend.Care.Care]
2026-09-05T00:51:45.632-04:00 TRACE 27080 --- [backend] [main] o.h.s.i.AbstractServiceRegistryImpl      : Initializing service [role=org.hibernate.engine.transaction.jta.platform.spi.JtaPlatform]
2026-09-05T00:51:45.632-04:00  INFO 27080 --- [backend] [main] o.h.e.t.j.p.i.JtaPlatformInitiator       : HHH000489: No JTA platform available (set 'hibernate.transaction.jta.platform' to enable JTA platform integration)
2026-09-05T00:51:45.633-04:00 DEBUG 27080 --- [backend] [main] o.h.type.spi.TypeConfiguration$Scope     : Scoping TypeConfiguration [org.hibernate.type.spi.TypeConfiguration@17136390] to SessionFactoryImplementor [org.hibernate.internal.SessionFactoryImpl@9715d26]
2026-09-05T00:51:45.634-04:00 DEBUG 27080 --- [backend] [main] o.h.query.named.NamedObjectRepository    : Checking 0 named HQL queries
2026-09-05T00:51:45.634-04:00 DEBUG 27080 --- [backend] [main] o.h.query.named.NamedObjectRepository    : Checking 0 named SQL queries
2026-09-05T00:51:45.636-04:00 TRACE 27080 --- [backend] [main] o.h.s.i.AbstractServiceRegistryImpl      : Initializing service [role=org.hibernate.tool.schema.spi.SchemaManagementTool]
2026-09-05T00:51:45.644-04:00 TRACE 27080 --- [backend] [main] .e.j.e.i.NormalizingIdentifierHelperImpl : Normalizing identifier quoting [null]
2026-09-05T00:51:45.645-04:00 TRACE 27080 --- [backend] [main] o.h.s.i.AbstractServiceRegistryImpl      : Initializing service [role=org.hibernate.engine.jdbc.connections.spi.MultiTenantConnectionProvider]
2026-09-05T00:51:45.656-04:00 TRACE 27080 --- [backend] [main] .e.j.e.i.NormalizingIdentifierHelperImpl : Normalizing identifier quoting for object name [mydatabase]
2026-09-05T00:51:45.657-04:00 TRACE 27080 --- [backend] [main] .e.j.e.i.NormalizingIdentifierHelperImpl : Rendering unquoted identifier [mydatabase] in mixed case for use in DatabaseMetaData
2026-09-05T00:51:45.686-04:00 TRACE 27080 --- [backend] [main] .e.j.e.i.NormalizingIdentifierHelperImpl : Normalizing identifier quoting for object name [appointment]
2026-09-05T00:51:45.687-04:00 TRACE 27080 --- [backend] [main] .e.j.e.i.NormalizingIdentifierHelperImpl : Rendering unquoted identifier [appointment] in mixed case for use in DatabaseMetaData
2026-09-05T00:51:45.687-04:00 TRACE 27080 --- [backend] [main] .e.j.e.i.NormalizingIdentifierHelperImpl : Normalizing identifier quoting for object name [id]
2026-09-05T00:51:45.687-04:00 TRACE 27080 --- [backend] [main] .e.j.e.i.NormalizingIdentifierHelperImpl : Rendering unquoted identifier [id] in mixed case for use in DatabaseMetaData
2026-09-05T00:51:45.688-04:00 TRACE 27080 --- [backend] [main] .e.j.e.i.NormalizingIdentifierHelperImpl : Normalizing identifier quoting for object name [date]
2026-09-05T00:51:45.688-04:00 TRACE 27080 --- [backend] [main] .e.j.e.i.NormalizingIdentifierHelperImpl : Rendering unquoted identifier [date] in mixed case for use in DatabaseMetaData
2026-09-05T00:51:45.688-04:00 TRACE 27080 --- [backend] [main] .e.j.e.i.NormalizingIdentifierHelperImpl : Normalizing identifier quoting for object name [reason]
2026-09-05T00:51:45.688-04:00 TRACE 27080 --- [backend] [main] .e.j.e.i.NormalizingIdentifierHelperImpl : Rendering unquoted identifier [reason] in mixed case for use in DatabaseMetaData
2026-09-05T00:51:45.688-04:00 TRACE 27080 --- [backend] [main] .e.j.e.i.NormalizingIdentifierHelperImpl : Normalizing identifier quoting for object name [time]
2026-09-05T00:51:45.688-04:00 TRACE 27080 --- [backend] [main] .e.j.e.i.NormalizingIdentifierHelperImpl : Rendering unquoted identifier [time] in mixed case for use in DatabaseMetaData
2026-09-05T00:51:45.688-04:00 TRACE 27080 --- [backend] [main] .e.j.e.i.NormalizingIdentifierHelperImpl : Normalizing identifier quoting for object name [veterinarian]
2026-09-05T00:51:45.689-04:00 TRACE 27080 --- [backend] [main] .e.j.e.i.NormalizingIdentifierHelperImpl : Rendering unquoted identifier [veterinarian] in mixed case for use in DatabaseMetaData
2026-09-05T00:51:45.689-04:00 DEBUG 27080 --- [backend] [main] org.hibernate.mapping.Table              : No alter strings for table : appointment
2026-09-05T00:51:45.689-04:00 TRACE 27080 --- [backend] [main] .e.j.e.i.NormalizingIdentifierHelperImpl : Normalizing identifier quoting for object name [appointment_seq]
2026-09-05T00:51:45.689-04:00 TRACE 27080 --- [backend] [main] .e.j.e.i.NormalizingIdentifierHelperImpl : Rendering unquoted identifier [appointment_seq] in mixed case for use in DatabaseMetaData
2026-09-05T00:51:45.689-04:00 TRACE 27080 --- [backend] [main] .e.j.e.i.NormalizingIdentifierHelperImpl : Normalizing identifier quoting for object name [next_val]
2026-09-05T00:51:45.689-04:00 TRACE 27080 --- [backend] [main] .e.j.e.i.NormalizingIdentifierHelperImpl : Rendering unquoted identifier [next_val] in mixed case for use in DatabaseMetaData
2026-09-05T00:51:45.689-04:00 DEBUG 27080 --- [backend] [main] org.hibernate.mapping.Table              : No alter strings for table : appointment_seq
2026-09-05T00:51:45.689-04:00 TRACE 27080 --- [backend] [main] .e.j.e.i.NormalizingIdentifierHelperImpl : Normalizing identifier quoting for object name [care]
2026-09-05T00:51:45.689-04:00 TRACE 27080 --- [backend] [main] .e.j.e.i.NormalizingIdentifierHelperImpl : Rendering unquoted identifier [care] in mixed case for use in DatabaseMetaData
2026-09-05T00:51:45.689-04:00 TRACE 27080 --- [backend] [main] .e.j.e.i.NormalizingIdentifierHelperImpl : Normalizing identifier quoting for object name [id]
2026-09-05T00:51:45.689-04:00 TRACE 27080 --- [backend] [main] .e.j.e.i.NormalizingIdentifierHelperImpl : Rendering unquoted identifier [id] in mixed case for use in DatabaseMetaData
2026-09-05T00:51:45.689-04:00 TRACE 27080 --- [backend] [main] .e.j.e.i.NormalizingIdentifierHelperImpl : Normalizing identifier quoting for object name [cost]
2026-09-05T00:51:45.689-04:00 TRACE 27080 --- [backend] [main] .e.j.e.i.NormalizingIdentifierHelperImpl : Rendering unquoted identifier [cost] in mixed case for use in DatabaseMetaData
2026-09-05T00:51:45.689-04:00 TRACE 27080 --- [backend] [main] .e.j.e.i.NormalizingIdentifierHelperImpl : Normalizing identifier quoting for object name [name]
2026-09-05T00:51:45.689-04:00 TRACE 27080 --- [backend] [main] .e.j.e.i.NormalizingIdentifierHelperImpl : Rendering unquoted identifier [name] in mixed case for use in DatabaseMetaData
2026-09-05T00:51:45.690-04:00 DEBUG 27080 --- [backend] [main] org.hibernate.mapping.Table              : No alter strings for table : care
2026-09-05T00:51:45.690-04:00 TRACE 27080 --- [backend] [main] .e.j.e.i.NormalizingIdentifierHelperImpl : Normalizing identifier quoting for object name [care_seq]
2026-09-05T00:51:45.690-04:00 TRACE 27080 --- [backend] [main] .e.j.e.i.NormalizingIdentifierHelperImpl : Rendering unquoted identifier [care_seq] in mixed case for use in DatabaseMetaData
2026-09-05T00:51:45.690-04:00 TRACE 27080 --- [backend] [main] .e.j.e.i.NormalizingIdentifierHelperImpl : Normalizing identifier quoting for object name [next_val]
2026-09-05T00:51:45.690-04:00 TRACE 27080 --- [backend] [main] .e.j.e.i.NormalizingIdentifierHelperImpl : Rendering unquoted identifier [next_val] in mixed case for use in DatabaseMetaData
2026-09-05T00:51:45.690-04:00 DEBUG 27080 --- [backend] [main] org.hibernate.mapping.Table              : No alter strings for table : care_seq
2026-09-05T00:51:45.690-04:00 TRACE 27080 --- [backend] [main] .e.j.e.i.NormalizingIdentifierHelperImpl : Normalizing identifier quoting for object name [invoice]
2026-09-05T00:51:45.690-04:00 TRACE 27080 --- [backend] [main] .e.j.e.i.NormalizingIdentifierHelperImpl : Rendering unquoted identifier [invoice] in mixed case for use in DatabaseMetaData
2026-09-05T00:51:45.690-04:00 TRACE 27080 --- [backend] [main] .e.j.e.i.NormalizingIdentifierHelperImpl : Normalizing identifier quoting for object name [id]
2026-09-05T00:51:45.690-04:00 TRACE 27080 --- [backend] [main] .e.j.e.i.NormalizingIdentifierHelperImpl : Rendering unquoted identifier [id] in mixed case for use in DatabaseMetaData
2026-09-05T00:51:45.690-04:00 TRACE 27080 --- [backend] [main] .e.j.e.i.NormalizingIdentifierHelperImpl : Normalizing identifier quoting for object name [date]
2026-09-05T00:51:45.690-04:00 TRACE 27080 --- [backend] [main] .e.j.e.i.NormalizingIdentifierHelperImpl : Rendering unquoted identifier [date] in mixed case for use in DatabaseMetaData
2026-09-05T00:51:45.690-04:00 TRACE 27080 --- [backend] [main] .e.j.e.i.NormalizingIdentifierHelperImpl : Normalizing identifier quoting for object name [patient_name]
2026-09-05T00:51:45.690-04:00 TRACE 27080 --- [backend] [main] .e.j.e.i.NormalizingIdentifierHelperImpl : Rendering unquoted identifier [patient_name] in mixed case for use in DatabaseMetaData
2026-09-05T00:51:45.691-04:00 TRACE 27080 --- [backend] [main] .e.j.e.i.NormalizingIdentifierHelperImpl : Normalizing identifier quoting for object name [time]
2026-09-05T00:51:45.691-04:00 TRACE 27080 --- [backend] [main] .e.j.e.i.NormalizingIdentifierHelperImpl : Rendering unquoted identifier [time] in mixed case for use in DatabaseMetaData
2026-09-05T00:51:45.691-04:00 TRACE 27080 --- [backend] [main] .e.j.e.i.NormalizingIdentifierHelperImpl : Normalizing identifier quoting for object name [total_cost]
2026-09-05T00:51:45.691-04:00 TRACE 27080 --- [backend] [main] .e.j.e.i.NormalizingIdentifierHelperImpl : Rendering unquoted identifier [total_cost] in mixed case for use in DatabaseMetaData
2026-09-05T00:51:45.691-04:00 DEBUG 27080 --- [backend] [main] org.hibernate.mapping.Table              : No alter strings for table : invoice
2026-09-05T00:51:45.691-04:00 TRACE 27080 --- [backend] [main] .e.j.e.i.NormalizingIdentifierHelperImpl : Normalizing identifier quoting for object name [invoice_cares]
2026-09-05T00:51:45.691-04:00 TRACE 27080 --- [backend] [main] .e.j.e.i.NormalizingIdentifierHelperImpl : Rendering unquoted identifier [invoice_cares] in mixed case for use in DatabaseMetaData
2026-09-05T00:51:45.691-04:00 TRACE 27080 --- [backend] [main] .e.j.e.i.NormalizingIdentifierHelperImpl : Normalizing identifier quoting for object name [invoice_id]
2026-09-05T00:51:45.691-04:00 TRACE 27080 --- [backend] [main] .e.j.e.i.NormalizingIdentifierHelperImpl : Rendering unquoted identifier [invoice_id] in mixed case for use in DatabaseMetaData
2026-09-05T00:51:45.691-04:00 TRACE 27080 --- [backend] [main] .e.j.e.i.NormalizingIdentifierHelperImpl : Normalizing identifier quoting for object name [care_id]
2026-09-05T00:51:45.691-04:00 TRACE 27080 --- [backend] [main] .e.j.e.i.NormalizingIdentifierHelperImpl : Rendering unquoted identifier [care_id] in mixed case for use in DatabaseMetaData
2026-09-05T00:51:45.691-04:00 DEBUG 27080 --- [backend] [main] org.hibernate.mapping.Table              : No alter strings for table : invoice_cares
2026-09-05T00:51:45.692-04:00 TRACE 27080 --- [backend] [main] .e.j.e.i.NormalizingIdentifierHelperImpl : Normalizing identifier quoting for object name [invoice_medications]
2026-09-05T00:51:45.692-04:00 TRACE 27080 --- [backend] [main] .e.j.e.i.NormalizingIdentifierHelperImpl : Rendering unquoted identifier [invoice_medications] in mixed case for use in DatabaseMetaData
2026-09-05T00:51:45.692-04:00 TRACE 27080 --- [backend] [main] .e.j.e.i.NormalizingIdentifierHelperImpl : Normalizing identifier quoting for object name [invoice_id]
2026-09-05T00:51:45.692-04:00 TRACE 27080 --- [backend] [main] .e.j.e.i.NormalizingIdentifierHelperImpl : Rendering unquoted identifier [invoice_id] in mixed case for use in DatabaseMetaData
2026-09-05T00:51:45.692-04:00 TRACE 27080 --- [backend] [main] .e.j.e.i.NormalizingIdentifierHelperImpl : Normalizing identifier quoting for object name [medication_id]
2026-09-05T00:51:45.692-04:00 TRACE 27080 --- [backend] [main] .e.j.e.i.NormalizingIdentifierHelperImpl : Rendering unquoted identifier [medication_id] in mixed case for use in DatabaseMetaData
2026-09-05T00:51:45.692-04:00 DEBUG 27080 --- [backend] [main] org.hibernate.mapping.Table              : No alter strings for table : invoice_medications
2026-09-05T00:51:45.693-04:00 TRACE 27080 --- [backend] [main] .e.j.e.i.NormalizingIdentifierHelperImpl : Normalizing identifier quoting for object name [invoice_seq]
2026-09-05T00:51:45.693-04:00 TRACE 27080 --- [backend] [main] .e.j.e.i.NormalizingIdentifierHelperImpl : Rendering unquoted identifier [invoice_seq] in mixed case for use in DatabaseMetaData
2026-09-05T00:51:45.693-04:00 TRACE 27080 --- [backend] [main] .e.j.e.i.NormalizingIdentifierHelperImpl : Normalizing identifier quoting for object name [next_val]
2026-09-05T00:51:45.693-04:00 TRACE 27080 --- [backend] [main] .e.j.e.i.NormalizingIdentifierHelperImpl : Rendering unquoted identifier [next_val] in mixed case for use in DatabaseMetaData
2026-09-05T00:51:45.693-04:00 DEBUG 27080 --- [backend] [main] org.hibernate.mapping.Table              : No alter strings for table : invoice_seq
2026-09-05T00:51:45.693-04:00 TRACE 27080 --- [backend] [main] .e.j.e.i.NormalizingIdentifierHelperImpl : Normalizing identifier quoting for object name [medication]
2026-09-05T00:51:45.693-04:00 TRACE 27080 --- [backend] [main] .e.j.e.i.NormalizingIdentifierHelperImpl : Rendering unquoted identifier [medication] in mixed case for use in DatabaseMetaData
2026-09-05T00:51:45.693-04:00 TRACE 27080 --- [backend] [main] .e.j.e.i.NormalizingIdentifierHelperImpl : Normalizing identifier quoting for object name [id]
2026-09-05T00:51:45.693-04:00 TRACE 27080 --- [backend] [main] .e.j.e.i.NormalizingIdentifierHelperImpl : Rendering unquoted identifier [id] in mixed case for use in DatabaseMetaData
2026-09-05T00:51:45.693-04:00 TRACE 27080 --- [backend] [main] .e.j.e.i.NormalizingIdentifierHelperImpl : Normalizing identifier quoting for object name [cost]
2026-09-05T00:51:45.693-04:00 TRACE 27080 --- [backend] [main] .e.j.e.i.NormalizingIdentifierHelperImpl : Rendering unquoted identifier [cost] in mixed case for use in DatabaseMetaData
2026-09-05T00:51:45.693-04:00 TRACE 27080 --- [backend] [main] .e.j.e.i.NormalizingIdentifierHelperImpl : Normalizing identifier quoting for object name [name]
2026-09-05T00:51:45.693-04:00 TRACE 27080 --- [backend] [main] .e.j.e.i.NormalizingIdentifierHelperImpl : Rendering unquoted identifier [name] in mixed case for use in DatabaseMetaData
2026-09-05T00:51:45.693-04:00 DEBUG 27080 --- [backend] [main] org.hibernate.mapping.Table              : No alter strings for table : medication
2026-09-05T00:51:45.693-04:00 TRACE 27080 --- [backend] [main] .e.j.e.i.NormalizingIdentifierHelperImpl : Normalizing identifier quoting for object name [medication_seq]
2026-09-05T00:51:45.693-04:00 TRACE 27080 --- [backend] [main] .e.j.e.i.NormalizingIdentifierHelperImpl : Rendering unquoted identifier [medication_seq] in mixed case for use in DatabaseMetaData
2026-09-05T00:51:45.693-04:00 TRACE 27080 --- [backend] [main] .e.j.e.i.NormalizingIdentifierHelperImpl : Normalizing identifier quoting for object name [next_val]
2026-09-05T00:51:45.693-04:00 TRACE 27080 --- [backend] [main] .e.j.e.i.NormalizingIdentifierHelperImpl : Rendering unquoted identifier [next_val] in mixed case for use in DatabaseMetaData
2026-09-05T00:51:45.694-04:00 DEBUG 27080 --- [backend] [main] org.hibernate.mapping.Table              : No alter strings for table : medication_seq
2026-09-05T00:51:45.694-04:00 TRACE 27080 --- [backend] [main] .e.j.e.i.NormalizingIdentifierHelperImpl : Normalizing identifier quoting for object name [patient]
2026-09-05T00:51:45.694-04:00 TRACE 27080 --- [backend] [main] .e.j.e.i.NormalizingIdentifierHelperImpl : Rendering unquoted identifier [patient] in mixed case for use in DatabaseMetaData
2026-09-05T00:51:45.694-04:00 TRACE 27080 --- [backend] [main] .e.j.e.i.NormalizingIdentifierHelperImpl : Normalizing identifier quoting for object name [id]
2026-09-05T00:51:45.694-04:00 TRACE 27080 --- [backend] [main] .e.j.e.i.NormalizingIdentifierHelperImpl : Rendering unquoted identifier [id] in mixed case for use in DatabaseMetaData
2026-09-05T00:51:45.694-04:00 TRACE 27080 --- [backend] [main] .e.j.e.i.NormalizingIdentifierHelperImpl : Normalizing identifier quoting for object name [age]
2026-09-05T00:51:45.694-04:00 TRACE 27080 --- [backend] [main] .e.j.e.i.NormalizingIdentifierHelperImpl : Rendering unquoted identifier [age] in mixed case for use in DatabaseMetaData
2026-09-05T00:51:45.694-04:00 TRACE 27080 --- [backend] [main] .e.j.e.i.NormalizingIdentifierHelperImpl : Normalizing identifier quoting for object name [breed]
2026-09-05T00:51:45.694-04:00 TRACE 27080 --- [backend] [main] .e.j.e.i.NormalizingIdentifierHelperImpl : Rendering unquoted identifier [breed] in mixed case for use in DatabaseMetaData
2026-09-05T00:51:45.694-04:00 TRACE 27080 --- [backend] [main] .e.j.e.i.NormalizingIdentifierHelperImpl : Normalizing identifier quoting for object name [name]
2026-09-05T00:51:45.694-04:00 TRACE 27080 --- [backend] [main] .e.j.e.i.NormalizingIdentifierHelperImpl : Rendering unquoted identifier [name] in mixed case for use in DatabaseMetaData
2026-09-05T00:51:45.694-04:00 TRACE 27080 --- [backend] [main] .e.j.e.i.NormalizingIdentifierHelperImpl : Normalizing identifier quoting for object name [owner]
2026-09-05T00:51:45.697-04:00 TRACE 27080 --- [backend] [main] .e.j.e.i.NormalizingIdentifierHelperImpl : Rendering unquoted identifier [owner] in mixed case for use in DatabaseMetaData
2026-09-05T00:51:45.697-04:00 TRACE 27080 --- [backend] [main] .e.j.e.i.NormalizingIdentifierHelperImpl : Normalizing identifier quoting for object name [species]
2026-09-05T00:51:45.697-04:00 TRACE 27080 --- [backend] [main] .e.j.e.i.NormalizingIdentifierHelperImpl : Rendering unquoted identifier [species] in mixed case for use in DatabaseMetaData
2026-09-05T00:51:45.697-04:00 DEBUG 27080 --- [backend] [main] org.hibernate.mapping.Table              : No alter strings for table : patient
2026-09-05T00:51:45.697-04:00 TRACE 27080 --- [backend] [main] .e.j.e.i.NormalizingIdentifierHelperImpl : Normalizing identifier quoting for object name [patient_seq]
2026-09-05T00:51:45.697-04:00 TRACE 27080 --- [backend] [main] .e.j.e.i.NormalizingIdentifierHelperImpl : Rendering unquoted identifier [patient_seq] in mixed case for use in DatabaseMetaData
2026-09-05T00:51:45.697-04:00 TRACE 27080 --- [backend] [main] .e.j.e.i.NormalizingIdentifierHelperImpl : Normalizing identifier quoting for object name [next_val]
2026-09-05T00:51:45.697-04:00 TRACE 27080 --- [backend] [main] .e.j.e.i.NormalizingIdentifierHelperImpl : Rendering unquoted identifier [next_val] in mixed case for use in DatabaseMetaData
2026-09-05T00:51:45.697-04:00 DEBUG 27080 --- [backend] [main] org.hibernate.mapping.Table              : No alter strings for table : patient_seq
2026-09-05T00:51:45.698-04:00 TRACE 27080 --- [backend] [main] .e.j.e.i.NormalizingIdentifierHelperImpl : Normalizing identifier quoting for object name [user]
2026-09-05T00:51:45.698-04:00 TRACE 27080 --- [backend] [main] .e.j.e.i.NormalizingIdentifierHelperImpl : Rendering unquoted identifier [user] in mixed case for use in DatabaseMetaData
2026-09-05T00:51:45.698-04:00 TRACE 27080 --- [backend] [main] .e.j.e.i.NormalizingIdentifierHelperImpl : Normalizing identifier quoting for object name [id]
2026-09-05T00:51:45.698-04:00 TRACE 27080 --- [backend] [main] .e.j.e.i.NormalizingIdentifierHelperImpl : Rendering unquoted identifier [id] in mixed case for use in DatabaseMetaData
2026-09-05T00:51:45.698-04:00 TRACE 27080 --- [backend] [main] .e.j.e.i.NormalizingIdentifierHelperImpl : Normalizing identifier quoting for object name [email]
2026-09-05T00:51:45.698-04:00 TRACE 27080 --- [backend] [main] .e.j.e.i.NormalizingIdentifierHelperImpl : Rendering unquoted identifier [email] in mixed case for use in DatabaseMetaData
2026-09-05T00:51:45.698-04:00 TRACE 27080 --- [backend] [main] .e.j.e.i.NormalizingIdentifierHelperImpl : Normalizing identifier quoting for object name [password]
2026-09-05T00:51:45.698-04:00 TRACE 27080 --- [backend] [main] .e.j.e.i.NormalizingIdentifierHelperImpl : Rendering unquoted identifier [password] in mixed case for use in DatabaseMetaData
2026-09-05T00:51:45.698-04:00 TRACE 27080 --- [backend] [main] .e.j.e.i.NormalizingIdentifierHelperImpl : Normalizing identifier quoting for object name [username]
2026-09-05T00:51:45.698-04:00 TRACE 27080 --- [backend] [main] .e.j.e.i.NormalizingIdentifierHelperImpl : Rendering unquoted identifier [username] in mixed case for use in DatabaseMetaData
2026-09-05T00:51:45.698-04:00 DEBUG 27080 --- [backend] [main] org.hibernate.mapping.Table              : No alter strings for table : user
2026-09-05T00:51:45.698-04:00 TRACE 27080 --- [backend] [main] .e.j.e.i.NormalizingIdentifierHelperImpl : Normalizing identifier quoting for object name [user_seq]
2026-09-05T00:51:45.698-04:00 TRACE 27080 --- [backend] [main] .e.j.e.i.NormalizingIdentifierHelperImpl : Rendering unquoted identifier [user_seq] in mixed case for use in DatabaseMetaData
2026-09-05T00:51:45.699-04:00 TRACE 27080 --- [backend] [main] .e.j.e.i.NormalizingIdentifierHelperImpl : Normalizing identifier quoting for object name [next_val]
2026-09-05T00:51:45.699-04:00 TRACE 27080 --- [backend] [main] .e.j.e.i.NormalizingIdentifierHelperImpl : Rendering unquoted identifier [next_val] in mixed case for use in DatabaseMetaData
2026-09-05T00:51:45.699-04:00 DEBUG 27080 --- [backend] [main] org.hibernate.mapping.Table              : No alter strings for table : user_seq
2026-09-05T00:51:45.699-04:00 TRACE 27080 --- [backend] [main] .e.j.e.i.NormalizingIdentifierHelperImpl : Normalizing identifier quoting for object name [appointment]
2026-09-05T00:51:45.699-04:00 TRACE 27080 --- [backend] [main] .e.j.e.i.NormalizingIdentifierHelperImpl : Rendering unquoted identifier [appointment] in mixed case for use in DatabaseMetaData
2026-09-05T00:51:45.699-04:00 TRACE 27080 --- [backend] [main] t.s.UniqueConstraintSchemaUpdateStrategy : Interpreting UniqueConstraintSchemaUpdateStrategy from setting : null
2026-09-05T00:51:45.700-04:00 TRACE 27080 --- [backend] [main] .e.j.e.i.NormalizingIdentifierHelperImpl : Normalizing identifier quoting for object name [appointment_seq]
2026-09-05T00:51:45.700-04:00 TRACE 27080 --- [backend] [main] .e.j.e.i.NormalizingIdentifierHelperImpl : Rendering unquoted identifier [appointment_seq] in mixed case for use in DatabaseMetaData
2026-09-05T00:51:45.700-04:00 TRACE 27080 --- [backend] [main] .e.j.e.i.NormalizingIdentifierHelperImpl : Normalizing identifier quoting for object name [care]
2026-09-05T00:51:45.700-04:00 TRACE 27080 --- [backend] [main] .e.j.e.i.NormalizingIdentifierHelperImpl : Rendering unquoted identifier [care] in mixed case for use in DatabaseMetaData
2026-09-05T00:51:45.700-04:00 TRACE 27080 --- [backend] [main] .e.j.e.i.NormalizingIdentifierHelperImpl : Normalizing identifier quoting for object name [care_seq]
2026-09-05T00:51:45.700-04:00 TRACE 27080 --- [backend] [main] .e.j.e.i.NormalizingIdentifierHelperImpl : Rendering unquoted identifier [care_seq] in mixed case for use in DatabaseMetaData
2026-09-05T00:51:45.700-04:00 TRACE 27080 --- [backend] [main] .e.j.e.i.NormalizingIdentifierHelperImpl : Normalizing identifier quoting for object name [invoice]
2026-09-05T00:51:45.700-04:00 TRACE 27080 --- [backend] [main] .e.j.e.i.NormalizingIdentifierHelperImpl : Rendering unquoted identifier [invoice] in mixed case for use in DatabaseMetaData
2026-09-05T00:51:45.700-04:00 TRACE 27080 --- [backend] [main] .e.j.e.i.NormalizingIdentifierHelperImpl : Normalizing identifier quoting for object name [invoice_cares]
2026-09-05T00:51:45.700-04:00 TRACE 27080 --- [backend] [main] .e.j.e.i.NormalizingIdentifierHelperImpl : Rendering unquoted identifier [invoice_cares] in mixed case for use in DatabaseMetaData
2026-09-05T00:51:45.700-04:00 TRACE 27080 --- [backend] [main] .e.j.e.i.NormalizingIdentifierHelperImpl : Normalizing identifier quoting for object name [invoice_medications]
2026-09-05T00:51:45.700-04:00 TRACE 27080 --- [backend] [main] .e.j.e.i.NormalizingIdentifierHelperImpl : Rendering unquoted identifier [invoice_medications] in mixed case for use in DatabaseMetaData
2026-09-05T00:51:45.701-04:00 TRACE 27080 --- [backend] [main] .e.j.e.i.NormalizingIdentifierHelperImpl : Normalizing identifier quoting for object name [invoice_seq]
2026-09-05T00:51:45.701-04:00 TRACE 27080 --- [backend] [main] .e.j.e.i.NormalizingIdentifierHelperImpl : Rendering unquoted identifier [invoice_seq] in mixed case for use in DatabaseMetaData
2026-09-05T00:51:45.701-04:00 TRACE 27080 --- [backend] [main] .e.j.e.i.NormalizingIdentifierHelperImpl : Normalizing identifier quoting for object name [medication]
2026-09-05T00:51:45.701-04:00 TRACE 27080 --- [backend] [main] .e.j.e.i.NormalizingIdentifierHelperImpl : Rendering unquoted identifier [medication] in mixed case for use in DatabaseMetaData
2026-09-05T00:51:45.701-04:00 TRACE 27080 --- [backend] [main] .e.j.e.i.NormalizingIdentifierHelperImpl : Normalizing identifier quoting for object name [medication_seq]
2026-09-05T00:51:45.701-04:00 TRACE 27080 --- [backend] [main] .e.j.e.i.NormalizingIdentifierHelperImpl : Rendering unquoted identifier [medication_seq] in mixed case for use in DatabaseMetaData
2026-09-05T00:51:45.701-04:00 TRACE 27080 --- [backend] [main] .e.j.e.i.NormalizingIdentifierHelperImpl : Normalizing identifier quoting for object name [patient]
2026-09-05T00:51:45.701-04:00 TRACE 27080 --- [backend] [main] .e.j.e.i.NormalizingIdentifierHelperImpl : Rendering unquoted identifier [patient] in mixed case for use in DatabaseMetaData
2026-09-05T00:51:45.701-04:00 TRACE 27080 --- [backend] [main] .e.j.e.i.NormalizingIdentifierHelperImpl : Normalizing identifier quoting for object name [patient_seq]
2026-09-05T00:51:45.701-04:00 TRACE 27080 --- [backend] [main] .e.j.e.i.NormalizingIdentifierHelperImpl : Rendering unquoted identifier [patient_seq] in mixed case for use in DatabaseMetaData
2026-09-05T00:51:45.701-04:00 TRACE 27080 --- [backend] [main] .e.j.e.i.NormalizingIdentifierHelperImpl : Normalizing identifier quoting for object name [user]
2026-09-05T00:51:45.701-04:00 TRACE 27080 --- [backend] [main] .e.j.e.i.NormalizingIdentifierHelperImpl : Rendering unquoted identifier [user] in mixed case for use in DatabaseMetaData
2026-09-05T00:51:45.702-04:00 TRACE 27080 --- [backend] [main] .e.j.e.i.NormalizingIdentifierHelperImpl : Normalizing identifier quoting for object name [user_seq]
2026-09-05T00:51:45.702-04:00 TRACE 27080 --- [backend] [main] .e.j.e.i.NormalizingIdentifierHelperImpl : Rendering unquoted identifier [user_seq] in mixed case for use in DatabaseMetaData
2026-09-05T00:51:45.702-04:00 TRACE 27080 --- [backend] [main] .e.j.e.i.NormalizingIdentifierHelperImpl : Normalizing identifier quoting for object name [appointment]
2026-09-05T00:51:45.702-04:00 TRACE 27080 --- [backend] [main] .e.j.e.i.NormalizingIdentifierHelperImpl : Rendering unquoted identifier [appointment] in mixed case for use in DatabaseMetaData
2026-09-05T00:51:45.702-04:00 TRACE 27080 --- [backend] [main] .e.j.e.i.NormalizingIdentifierHelperImpl : Normalizing identifier quoting for object name [appointment_seq]
2026-09-05T00:51:45.702-04:00 TRACE 27080 --- [backend] [main] .e.j.e.i.NormalizingIdentifierHelperImpl : Rendering unquoted identifier [appointment_seq] in mixed case for use in DatabaseMetaData
2026-09-05T00:51:45.702-04:00 TRACE 27080 --- [backend] [main] .e.j.e.i.NormalizingIdentifierHelperImpl : Normalizing identifier quoting for object name [care]
2026-09-05T00:51:45.702-04:00 TRACE 27080 --- [backend] [main] .e.j.e.i.NormalizingIdentifierHelperImpl : Rendering unquoted identifier [care] in mixed case for use in DatabaseMetaData
2026-09-05T00:51:45.702-04:00 TRACE 27080 --- [backend] [main] .e.j.e.i.NormalizingIdentifierHelperImpl : Normalizing identifier quoting for object name [care_seq]
2026-09-05T00:51:45.702-04:00 TRACE 27080 --- [backend] [main] .e.j.e.i.NormalizingIdentifierHelperImpl : Rendering unquoted identifier [care_seq] in mixed case for use in DatabaseMetaData
2026-09-05T00:51:45.702-04:00 TRACE 27080 --- [backend] [main] .e.j.e.i.NormalizingIdentifierHelperImpl : Normalizing identifier quoting for object name [invoice]
2026-09-05T00:51:45.702-04:00 TRACE 27080 --- [backend] [main] .e.j.e.i.NormalizingIdentifierHelperImpl : Rendering unquoted identifier [invoice] in mixed case for use in DatabaseMetaData
2026-09-05T00:51:45.702-04:00 TRACE 27080 --- [backend] [main] .e.j.e.i.NormalizingIdentifierHelperImpl : Normalizing identifier quoting for object name [invoice_cares]
2026-09-05T00:51:45.702-04:00 TRACE 27080 --- [backend] [main] .e.j.e.i.NormalizingIdentifierHelperImpl : Rendering unquoted identifier [invoice_cares] in mixed case for use in DatabaseMetaData
2026-09-05T00:51:45.713-04:00 TRACE 27080 --- [backend] [main] .e.j.e.i.NormalizingIdentifierHelperImpl : Normalizing identifier quoting for object name [mydatabase]
2026-09-05T00:51:45.713-04:00 TRACE 27080 --- [backend] [main] .e.j.e.i.NormalizingIdentifierHelperImpl : Normalizing identifier quoting for object name [care]
2026-09-05T00:51:45.735-04:00 TRACE 27080 --- [backend] [main] .e.j.e.i.NormalizingIdentifierHelperImpl : Normalizing identifier quoting for object name [care_id]
2026-09-05T00:51:45.736-04:00 TRACE 27080 --- [backend] [main] .e.j.e.i.NormalizingIdentifierHelperImpl : Normalizing identifier quoting for object name [id]
2026-09-05T00:51:45.736-04:00 TRACE 27080 --- [backend] [main] .e.j.e.i.NormalizingIdentifierHelperImpl : Normalizing identifier quoting for object name [mydatabase]
2026-09-05T00:51:45.736-04:00 TRACE 27080 --- [backend] [main] .e.j.e.i.NormalizingIdentifierHelperImpl : Normalizing identifier quoting for object name [invoice]
2026-09-05T00:51:45.742-04:00 TRACE 27080 --- [backend] [main] .e.j.e.i.NormalizingIdentifierHelperImpl : Normalizing identifier quoting for object name [invoice_id]
2026-09-05T00:51:45.742-04:00 TRACE 27080 --- [backend] [main] .e.j.e.i.NormalizingIdentifierHelperImpl : Normalizing identifier quoting for object name [id]
2026-09-05T00:51:45.743-04:00 TRACE 27080 --- [backend] [main] .e.j.e.i.NormalizingIdentifierHelperImpl : Normalizing identifier quoting for object name [invoice_medications]
2026-09-05T00:51:45.743-04:00 TRACE 27080 --- [backend] [main] .e.j.e.i.NormalizingIdentifierHelperImpl : Rendering unquoted identifier [invoice_medications] in mixed case for use in DatabaseMetaData
2026-09-05T00:51:45.750-04:00 TRACE 27080 --- [backend] [main] .e.j.e.i.NormalizingIdentifierHelperImpl : Normalizing identifier quoting for object name [mydatabase]
2026-09-05T00:51:45.750-04:00 TRACE 27080 --- [backend] [main] .e.j.e.i.NormalizingIdentifierHelperImpl : Normalizing identifier quoting for object name [invoice]
2026-09-05T00:51:45.755-04:00 TRACE 27080 --- [backend] [main] .e.j.e.i.NormalizingIdentifierHelperImpl : Normalizing identifier quoting for object name [invoice_id]
2026-09-05T00:51:45.755-04:00 TRACE 27080 --- [backend] [main] .e.j.e.i.NormalizingIdentifierHelperImpl : Normalizing identifier quoting for object name [id]
2026-09-05T00:51:45.755-04:00 TRACE 27080 --- [backend] [main] .e.j.e.i.NormalizingIdentifierHelperImpl : Normalizing identifier quoting for object name [mydatabase]
2026-09-05T00:51:45.755-04:00 TRACE 27080 --- [backend] [main] .e.j.e.i.NormalizingIdentifierHelperImpl : Normalizing identifier quoting for object name [medication]
2026-09-05T00:51:45.760-04:00 TRACE 27080 --- [backend] [main] .e.j.e.i.NormalizingIdentifierHelperImpl : Normalizing identifier quoting for object name [medication_id]
2026-09-05T00:51:45.760-04:00 TRACE 27080 --- [backend] [main] .e.j.e.i.NormalizingIdentifierHelperImpl : Normalizing identifier quoting for object name [id]
2026-09-05T00:51:45.760-04:00 TRACE 27080 --- [backend] [main] .e.j.e.i.NormalizingIdentifierHelperImpl : Normalizing identifier quoting for object name [invoice_seq]
2026-09-05T00:51:45.760-04:00 TRACE 27080 --- [backend] [main] .e.j.e.i.NormalizingIdentifierHelperImpl : Rendering unquoted identifier [invoice_seq] in mixed case for use in DatabaseMetaData
2026-09-05T00:51:45.760-04:00 TRACE 27080 --- [backend] [main] .e.j.e.i.NormalizingIdentifierHelperImpl : Normalizing identifier quoting for object name [medication]
2026-09-05T00:51:45.761-04:00 TRACE 27080 --- [backend] [main] .e.j.e.i.NormalizingIdentifierHelperImpl : Rendering unquoted identifier [medication] in mixed case for use in DatabaseMetaData
2026-09-05T00:51:45.761-04:00 TRACE 27080 --- [backend] [main] .e.j.e.i.NormalizingIdentifierHelperImpl : Normalizing identifier quoting for object name [medication_seq]
2026-09-05T00:51:45.761-04:00 TRACE 27080 --- [backend] [main] .e.j.e.i.NormalizingIdentifierHelperImpl : Rendering unquoted identifier [medication_seq] in mixed case for use in DatabaseMetaData
2026-09-05T00:51:45.761-04:00 TRACE 27080 --- [backend] [main] .e.j.e.i.NormalizingIdentifierHelperImpl : Normalizing identifier quoting for object name [patient]
2026-09-05T00:51:45.761-04:00 TRACE 27080 --- [backend] [main] .e.j.e.i.NormalizingIdentifierHelperImpl : Rendering unquoted identifier [patient] in mixed case for use in DatabaseMetaData
2026-09-05T00:51:45.762-04:00 TRACE 27080 --- [backend] [main] .e.j.e.i.NormalizingIdentifierHelperImpl : Normalizing identifier quoting for object name [patient_seq]
2026-09-05T00:51:45.762-04:00 TRACE 27080 --- [backend] [main] .e.j.e.i.NormalizingIdentifierHelperImpl : Rendering unquoted identifier [patient_seq] in mixed case for use in DatabaseMetaData
2026-09-05T00:51:45.762-04:00 TRACE 27080 --- [backend] [main] .e.j.e.i.NormalizingIdentifierHelperImpl : Normalizing identifier quoting for object name [user]
2026-09-05T00:51:45.762-04:00 TRACE 27080 --- [backend] [main] .e.j.e.i.NormalizingIdentifierHelperImpl : Rendering unquoted identifier [user] in mixed case for use in DatabaseMetaData
2026-09-05T00:51:45.762-04:00 TRACE 27080 --- [backend] [main] .e.j.e.i.NormalizingIdentifierHelperImpl : Normalizing identifier quoting for object name [user_seq]
2026-09-05T00:51:45.762-04:00 TRACE 27080 --- [backend] [main] .e.j.e.i.NormalizingIdentifierHelperImpl : Rendering unquoted identifier [user_seq] in mixed case for use in DatabaseMetaData
2026-09-05T00:51:45.764-04:00 DEBUG 27080 --- [backend] [main] o.h.internal.SessionFactoryRegistry      : Initializing SessionFactoryRegistry : org.hibernate.internal.SessionFactoryRegistry@1e3a2177
2026-09-05T00:51:45.764-04:00 DEBUG 27080 --- [backend] [main] o.h.internal.SessionFactoryRegistry      : Registering SessionFactory: 9090d530-05ea-4739-ad33-db7296a1e3f2 (<unnamed>)
2026-09-05T00:51:45.764-04:00 DEBUG 27080 --- [backend] [main] o.h.internal.SessionFactoryRegistry      : Not binding SessionFactory to JNDI, no JNDI name configured
2026-09-05T00:51:45.764-04:00 TRACE 27080 --- [backend] [main] o.h.type.spi.TypeConfiguration$Scope     : Handling #sessionFactoryCreated from [org.hibernate.internal.SessionFactoryImpl@9715d26] for TypeConfiguration
2026-09-05T00:51:45.764-04:00 DEBUG 27080 --- [backend] [main] o.hibernate.internal.SessionFactoryImpl  : Instantiated SessionFactory
2026-09-05T00:51:45.764-04:00  INFO 27080 --- [backend] [main] j.LocalContainerEntityManagerFactoryBean : Initialized JPA EntityManagerFactory for persistence unit 'default'
2026-09-05T00:51:45.830-04:00 TRACE 27080 --- [backend] [main] .i.SessionFactoryImpl$SessionBuilderImpl : Opening Hibernate Session.  tenant=null
2026-09-05T00:51:45.853-04:00 TRACE 27080 --- [backend] [main] o.h.s.i.AbstractServiceRegistryImpl      : Initializing service [role=org.hibernate.stat.spi.StatisticsImplementor]
2026-09-05T00:51:45.856-04:00 DEBUG 27080 --- [backend] [main] o.h.stat.internal.StatisticsInitiator    : Statistics initialized [enabled=false]
2026-09-05T00:51:45.858-04:00 TRACE 27080 --- [backend] [main] org.hibernate.internal.SessionImpl       : Opened Session [0f552bc9-d7ab-4a31-8cb9-5409a743375a] at timestamp: 1788583905858
2026-09-05T00:51:45.860-04:00 TRACE 27080 --- [backend] [main] org.hibernate.internal.SessionImpl       : Closing session [0f552bc9-d7ab-4a31-8cb9-5409a743375a]
2026-09-05T00:51:45.860-04:00 TRACE 27080 --- [backend] [main] o.h.e.jdbc.internal.JdbcCoordinatorImpl  : Closing JDBC container [org.hibernate.engine.jdbc.internal.JdbcCoordinatorImpl@37aea657]
2026-09-05T00:51:45.861-04:00 TRACE 27080 --- [backend] [main] o.h.r.j.i.ResourceRegistryStandardImpl   : Releasing JDBC resources
2026-09-05T00:51:45.861-04:00 TRACE 27080 --- [backend] [main] o.h.r.j.i.LogicalConnectionManagedImpl   : Closing logical connection
2026-09-05T00:51:45.861-04:00 TRACE 27080 --- [backend] [main] o.h.r.j.i.LogicalConnectionManagedImpl   : Logical connection closed
2026-09-05T00:51:45.861-04:00 TRACE 27080 --- [backend] [main] .i.SessionFactoryImpl$SessionBuilderImpl : Opening Hibernate Session.  tenant=null
2026-09-05T00:51:45.861-04:00 TRACE 27080 --- [backend] [main] org.hibernate.internal.SessionImpl       : Opened Session [267e5609-f354-45b8-9795-7eaa2916e492] at timestamp: 1788583905861
2026-09-05T00:51:45.861-04:00 TRACE 27080 --- [backend] [main] org.hibernate.internal.SessionImpl       : Closing session [267e5609-f354-45b8-9795-7eaa2916e492]
2026-09-05T00:51:45.861-04:00 TRACE 27080 --- [backend] [main] o.h.e.jdbc.internal.JdbcCoordinatorImpl  : Closing JDBC container [org.hibernate.engine.jdbc.internal.JdbcCoordinatorImpl@2f8b48c3]
2026-09-05T00:51:45.861-04:00 TRACE 27080 --- [backend] [main] o.h.r.j.i.ResourceRegistryStandardImpl   : Releasing JDBC resources
2026-09-05T00:51:45.861-04:00 TRACE 27080 --- [backend] [main] o.h.r.j.i.LogicalConnectionManagedImpl   : Closing logical connection
2026-09-05T00:51:45.862-04:00 TRACE 27080 --- [backend] [main] o.h.r.j.i.LogicalConnectionManagedImpl   : Logical connection closed
2026-09-05T00:51:45.905-04:00 TRACE 27080 --- [backend] [main] .i.SessionFactoryImpl$SessionBuilderImpl : Opening Hibernate Session.  tenant=null
2026-09-05T00:51:45.905-04:00 TRACE 27080 --- [backend] [main] org.hibernate.internal.SessionImpl       : Opened Session [63433757-a568-47bd-a1c2-b9a6694a7f0e] at timestamp: 1788583905905
2026-09-05T00:51:45.905-04:00 TRACE 27080 --- [backend] [main] org.hibernate.internal.SessionImpl       : Closing session [63433757-a568-47bd-a1c2-b9a6694a7f0e]
2026-09-05T00:51:45.905-04:00 TRACE 27080 --- [backend] [main] o.h.e.jdbc.internal.JdbcCoordinatorImpl  : Closing JDBC container [org.hibernate.engine.jdbc.internal.JdbcCoordinatorImpl@310cc4d]
2026-09-05T00:51:45.905-04:00 TRACE 27080 --- [backend] [main] o.h.r.j.i.ResourceRegistryStandardImpl   : Releasing JDBC resources
2026-09-05T00:51:45.905-04:00 TRACE 27080 --- [backend] [main] o.h.r.j.i.LogicalConnectionManagedImpl   : Closing logical connection
2026-09-05T00:51:45.905-04:00 TRACE 27080 --- [backend] [main] o.h.r.j.i.LogicalConnectionManagedImpl   : Logical connection closed
2026-09-05T00:51:45.929-04:00 TRACE 27080 --- [backend] [main] .i.SessionFactoryImpl$SessionBuilderImpl : Opening Hibernate Session.  tenant=null
2026-09-05T00:51:45.930-04:00 TRACE 27080 --- [backend] [main] org.hibernate.internal.SessionImpl       : Opened Session [a5a9d8f0-5268-437e-84ca-cdbddd3abbb4] at timestamp: 1788583905930
2026-09-05T00:51:45.930-04:00 TRACE 27080 --- [backend] [main] org.hibernate.internal.SessionImpl       : Closing session [a5a9d8f0-5268-437e-84ca-cdbddd3abbb4]
2026-09-05T00:51:45.930-04:00 TRACE 27080 --- [backend] [main] o.h.e.jdbc.internal.JdbcCoordinatorImpl  : Closing JDBC container [org.hibernate.engine.jdbc.internal.JdbcCoordinatorImpl@105cdf61]
2026-09-05T00:51:45.930-04:00 TRACE 27080 --- [backend] [main] o.h.r.j.i.ResourceRegistryStandardImpl   : Releasing JDBC resources
2026-09-05T00:51:45.930-04:00 TRACE 27080 --- [backend] [main] o.h.r.j.i.LogicalConnectionManagedImpl   : Closing logical connection
2026-09-05T00:51:45.930-04:00 TRACE 27080 --- [backend] [main] o.h.r.j.i.LogicalConnectionManagedImpl   : Logical connection closed
2026-09-05T00:51:45.933-04:00 TRACE 27080 --- [backend] [main] .i.SessionFactoryImpl$SessionBuilderImpl : Opening Hibernate Session.  tenant=null
2026-09-05T00:51:45.933-04:00 TRACE 27080 --- [backend] [main] org.hibernate.internal.SessionImpl       : Opened Session [3de91f4e-826b-474d-904d-9b9a343a9374] at timestamp: 1788583905933
2026-09-05T00:51:45.933-04:00 TRACE 27080 --- [backend] [main] org.hibernate.internal.SessionImpl       : Closing session [3de91f4e-826b-474d-904d-9b9a343a9374]
2026-09-05T00:51:45.933-04:00 TRACE 27080 --- [backend] [main] o.h.e.jdbc.internal.JdbcCoordinatorImpl  : Closing JDBC container [org.hibernate.engine.jdbc.internal.JdbcCoordinatorImpl@1ab717f3]
2026-09-05T00:51:45.933-04:00 TRACE 27080 --- [backend] [main] o.h.r.j.i.ResourceRegistryStandardImpl   : Releasing JDBC resources
2026-09-05T00:51:45.933-04:00 TRACE 27080 --- [backend] [main] o.h.r.j.i.LogicalConnectionManagedImpl   : Closing logical connection
2026-09-05T00:51:45.933-04:00 TRACE 27080 --- [backend] [main] o.h.r.j.i.LogicalConnectionManagedImpl   : Logical connection closed
2026-09-05T00:51:45.939-04:00 TRACE 27080 --- [backend] [main] .i.SessionFactoryImpl$SessionBuilderImpl : Opening Hibernate Session.  tenant=null
2026-09-05T00:51:45.940-04:00 TRACE 27080 --- [backend] [main] org.hibernate.internal.SessionImpl       : Opened Session [47742e46-a2ef-4e74-b0bf-4544d117bd15] at timestamp: 1788583905940
2026-09-05T00:51:45.940-04:00 TRACE 27080 --- [backend] [main] org.hibernate.internal.SessionImpl       : Closing session [47742e46-a2ef-4e74-b0bf-4544d117bd15]
2026-09-05T00:51:45.940-04:00 TRACE 27080 --- [backend] [main] o.h.e.jdbc.internal.JdbcCoordinatorImpl  : Closing JDBC container [org.hibernate.engine.jdbc.internal.JdbcCoordinatorImpl@7095b688]
2026-09-05T00:51:45.940-04:00 TRACE 27080 --- [backend] [main] o.h.r.j.i.ResourceRegistryStandardImpl   : Releasing JDBC resources
2026-09-05T00:51:45.940-04:00 TRACE 27080 --- [backend] [main] o.h.r.j.i.LogicalConnectionManagedImpl   : Closing logical connection
2026-09-05T00:51:45.940-04:00 TRACE 27080 --- [backend] [main] o.h.r.j.i.LogicalConnectionManagedImpl   : Logical connection closed
2026-09-05T00:51:45.947-04:00 TRACE 27080 --- [backend] [main] .i.SessionFactoryImpl$SessionBuilderImpl : Opening Hibernate Session.  tenant=null
2026-09-05T00:51:45.947-04:00 TRACE 27080 --- [backend] [main] org.hibernate.internal.SessionImpl       : Opened Session [6f7641e5-8a2d-49e1-8075-28b78bfb5c94] at timestamp: 1788583905947
2026-09-05T00:51:45.947-04:00 TRACE 27080 --- [backend] [main] org.hibernate.internal.SessionImpl       : Closing session [6f7641e5-8a2d-49e1-8075-28b78bfb5c94]
2026-09-05T00:51:45.947-04:00 TRACE 27080 --- [backend] [main] o.h.e.jdbc.internal.JdbcCoordinatorImpl  : Closing JDBC container [org.hibernate.engine.jdbc.internal.JdbcCoordinatorImpl@66acaa54]
2026-09-05T00:51:45.947-04:00 TRACE 27080 --- [backend] [main] o.h.r.j.i.ResourceRegistryStandardImpl   : Releasing JDBC resources
2026-09-05T00:51:45.947-04:00 TRACE 27080 --- [backend] [main] o.h.r.j.i.LogicalConnectionManagedImpl   : Closing logical connection
2026-09-05T00:51:45.947-04:00 TRACE 27080 --- [backend] [main] o.h.r.j.i.LogicalConnectionManagedImpl   : Logical connection closed
2026-09-05T00:51:45.953-04:00 TRACE 27080 --- [backend] [main] .i.SessionFactoryImpl$SessionBuilderImpl : Opening Hibernate Session.  tenant=null
2026-09-05T00:51:45.953-04:00 TRACE 27080 --- [backend] [main] org.hibernate.internal.SessionImpl       : Opened Session [bc94e391-4f48-4260-9027-781c5e6a4b63] at timestamp: 1788583905953
2026-09-05T00:51:45.953-04:00 TRACE 27080 --- [backend] [main] org.hibernate.internal.SessionImpl       : Closing session [bc94e391-4f48-4260-9027-781c5e6a4b63]
2026-09-05T00:51:45.953-04:00 TRACE 27080 --- [backend] [main] o.h.e.jdbc.internal.JdbcCoordinatorImpl  : Closing JDBC container [org.hibernate.engine.jdbc.internal.JdbcCoordinatorImpl@5cff6d1d]
2026-09-05T00:51:45.953-04:00 TRACE 27080 --- [backend] [main] o.h.r.j.i.ResourceRegistryStandardImpl   : Releasing JDBC resources
2026-09-05T00:51:45.953-04:00 TRACE 27080 --- [backend] [main] o.h.r.j.i.LogicalConnectionManagedImpl   : Closing logical connection
2026-09-05T00:51:45.953-04:00 TRACE 27080 --- [backend] [main] o.h.r.j.i.LogicalConnectionManagedImpl   : Logical connection closed
2026-09-05T00:51:45.954-04:00 TRACE 27080 --- [backend] [main] .i.SessionFactoryImpl$SessionBuilderImpl : Opening Hibernate Session.  tenant=null
2026-09-05T00:51:45.954-04:00 TRACE 27080 --- [backend] [main] org.hibernate.internal.SessionImpl       : Opened Session [6bddcad7-1b02-45ab-8193-3c85537b7cba] at timestamp: 1788583905954
2026-09-05T00:51:45.954-04:00 TRACE 27080 --- [backend] [main] org.hibernate.internal.SessionImpl       : Closing session [6bddcad7-1b02-45ab-8193-3c85537b7cba]
2026-09-05T00:51:45.954-04:00 TRACE 27080 --- [backend] [main] o.h.e.jdbc.internal.JdbcCoordinatorImpl  : Closing JDBC container [org.hibernate.engine.jdbc.internal.JdbcCoordinatorImpl@3c981f76]
2026-09-05T00:51:45.954-04:00 TRACE 27080 --- [backend] [main] o.h.r.j.i.ResourceRegistryStandardImpl   : Releasing JDBC resources
2026-09-05T00:51:45.954-04:00 TRACE 27080 --- [backend] [main] o.h.r.j.i.LogicalConnectionManagedImpl   : Closing logical connection
2026-09-05T00:51:45.954-04:00 TRACE 27080 --- [backend] [main] o.h.r.j.i.LogicalConnectionManagedImpl   : Logical connection closed
2026-09-05T00:51:45.961-04:00 TRACE 27080 --- [backend] [main] .i.SessionFactoryImpl$SessionBuilderImpl : Opening Hibernate Session.  tenant=null
2026-09-05T00:51:45.962-04:00 TRACE 27080 --- [backend] [main] org.hibernate.internal.SessionImpl       : Opened Session [b221d13a-6c79-4f06-863e-38fc24a72513] at timestamp: 1788583905962
2026-09-05T00:51:45.962-04:00 TRACE 27080 --- [backend] [main] org.hibernate.internal.SessionImpl       : Closing session [b221d13a-6c79-4f06-863e-38fc24a72513]
2026-09-05T00:51:45.962-04:00 TRACE 27080 --- [backend] [main] o.h.e.jdbc.internal.JdbcCoordinatorImpl  : Closing JDBC container [org.hibernate.engine.jdbc.internal.JdbcCoordinatorImpl@54d2887a]
2026-09-05T00:51:45.962-04:00 TRACE 27080 --- [backend] [main] o.h.r.j.i.ResourceRegistryStandardImpl   : Releasing JDBC resources
2026-09-05T00:51:45.962-04:00 TRACE 27080 --- [backend] [main] o.h.r.j.i.LogicalConnectionManagedImpl   : Closing logical connection
2026-09-05T00:51:45.962-04:00 TRACE 27080 --- [backend] [main] o.h.r.j.i.LogicalConnectionManagedImpl   : Logical connection closed
2026-09-05T00:51:45.965-04:00 TRACE 27080 --- [backend] [main] .i.SessionFactoryImpl$SessionBuilderImpl : Opening Hibernate Session.  tenant=null
2026-09-05T00:51:45.965-04:00 TRACE 27080 --- [backend] [main] org.hibernate.internal.SessionImpl       : Opened Session [dc6f0c03-f179-4295-b586-c40ec874c2f5] at timestamp: 1788583905965
2026-09-05T00:51:45.965-04:00 TRACE 27080 --- [backend] [main] org.hibernate.internal.SessionImpl       : Closing session [dc6f0c03-f179-4295-b586-c40ec874c2f5]
2026-09-05T00:51:45.965-04:00 TRACE 27080 --- [backend] [main] o.h.e.jdbc.internal.JdbcCoordinatorImpl  : Closing JDBC container [org.hibernate.engine.jdbc.internal.JdbcCoordinatorImpl@237bdbcb]
2026-09-05T00:51:45.965-04:00 TRACE 27080 --- [backend] [main] o.h.r.j.i.ResourceRegistryStandardImpl   : Releasing JDBC resources
2026-09-05T00:51:45.965-04:00 TRACE 27080 --- [backend] [main] o.h.r.j.i.LogicalConnectionManagedImpl   : Closing logical connection
2026-09-05T00:51:45.965-04:00 TRACE 27080 --- [backend] [main] o.h.r.j.i.LogicalConnectionManagedImpl   : Logical connection closed
2026-09-05T00:51:45.980-04:00 TRACE 27080 --- [backend] [main] .i.SessionFactoryImpl$SessionBuilderImpl : Opening Hibernate Session.  tenant=null
2026-09-05T00:51:45.981-04:00 TRACE 27080 --- [backend] [main] org.hibernate.internal.SessionImpl       : Opened Session [8cd88618-870e-4370-b62e-394ed88083e0] at timestamp: 1788583905981
2026-09-05T00:51:45.982-04:00 DEBUG 27080 --- [backend] [main] cResourceLocalTransactionCoordinatorImpl : JDBC transaction marked for rollback-only (exception provided for stack trace)

java.lang.Exception: exception just for purpose of providing stack trace
	at org.hibernate.resource.transaction.backend.jdbc.internal.JdbcResourceLocalTransactionCoordinatorImpl$TransactionDriverControlImpl.markRollbackOnly(JdbcResourceLocalTransactionCoordinatorImpl.java:309) ~[hibernate-core-6.6.11.Final.jar:6.6.11.Final]
	at org.hibernate.internal.AbstractSharedSessionContract.buildNamedQuery(AbstractSharedSessionContract.java:1141) ~[hibernate-core-6.6.11.Final.jar:6.6.11.Final]
	at org.hibernate.internal.AbstractSharedSessionContract.createNamedQuery(AbstractSharedSessionContract.java:1019) ~[hibernate-core-6.6.11.Final.jar:6.6.11.Final]
	at org.hibernate.internal.AbstractSharedSessionContract.createNamedQuery(AbstractSharedSessionContract.java:143) ~[hibernate-core-6.6.11.Final.jar:6.6.11.Final]
	at java.base/jdk.internal.reflect.DirectMethodHandleAccessor.invoke(DirectMethodHandleAccessor.java:104) ~[na:na]
	at java.base/java.lang.reflect.Method.invoke(Method.java:565) ~[na:na]
	at org.springframework.orm.jpa.ExtendedEntityManagerCreator$ExtendedEntityManagerInvocationHandler.invoke(ExtendedEntityManagerCreator.java:364) ~[spring-orm-6.2.5.jar:6.2.5]
	at jdk.proxy2/jdk.proxy2.$Proxy116.createNamedQuery(Unknown Source) ~[na:na]
	at org.springframework.data.jpa.repository.query.NamedQuery.hasNamedQuery(NamedQuery.java:114) ~[spring-data-jpa-3.4.4.jar:3.4.4]
	at org.springframework.data.jpa.repository.query.NamedQuery.lookupFrom(NamedQuery.java:140) ~[spring-data-jpa-3.4.4.jar:3.4.4]
	at org.springframework.data.jpa.repository.query.JpaQueryLookupStrategy$DeclaredQueryLookupStrategy.resolveQuery(JpaQueryLookupStrategy.java:184) ~[spring-data-jpa-3.4.4.jar:3.4.4]
	at org.springframework.data.jpa.repository.query.JpaQueryLookupStrategy$CreateIfNotFoundQueryLookupStrategy.resolveQuery(JpaQueryLookupStrategy.java:256) ~[spring-data-jpa-3.4.4.jar:3.4.4]
	at org.springframework.data.jpa.repository.query.JpaQueryLookupStrategy$AbstractQueryLookupStrategy.resolveQuery(JpaQueryLookupStrategy.java:99) ~[spring-data-jpa-3.4.4.jar:3.4.4]
	at org.springframework.data.repository.core.support.QueryExecutorMethodInterceptor.lookupQuery(QueryExecutorMethodInterceptor.java:116) ~[spring-data-commons-3.4.4.jar:3.4.4]
	at org.springframework.data.repository.core.support.QueryExecutorMethodInterceptor.mapMethodsToQuery(QueryExecutorMethodInterceptor.java:104) ~[spring-data-commons-3.4.4.jar:3.4.4]
	at org.springframework.data.repository.core.support.QueryExecutorMethodInterceptor.lambda$new$0(QueryExecutorMethodInterceptor.java:92) ~[spring-data-commons-3.4.4.jar:3.4.4]
	at java.base/java.util.Optional.map(Optional.java:260) ~[na:na]
	at org.springframework.data.repository.core.support.QueryExecutorMethodInterceptor.<init>(QueryExecutorMethodInterceptor.java:92) ~[spring-data-commons-3.4.4.jar:3.4.4]
	at org.springframework.data.repository.core.support.RepositoryFactorySupport.getRepository(RepositoryFactorySupport.java:431) ~[spring-data-commons-3.4.4.jar:3.4.4]
	at org.springframework.data.repository.core.support.RepositoryFactoryBeanSupport.lambda$afterPropertiesSet$4(RepositoryFactoryBeanSupport.java:350) ~[spring-data-commons-3.4.4.jar:3.4.4]
	at org.springframework.data.util.Lazy.getNullable(Lazy.java:135) ~[spring-data-commons-3.4.4.jar:3.4.4]
	at org.springframework.data.util.Lazy.get(Lazy.java:113) ~[spring-data-commons-3.4.4.jar:3.4.4]
	at org.springframework.data.repository.core.support.RepositoryFactoryBeanSupport.afterPropertiesSet(RepositoryFactoryBeanSupport.java:356) ~[spring-data-commons-3.4.4.jar:3.4.4]
	at org.springframework.data.jpa.repository.support.JpaRepositoryFactoryBean.afterPropertiesSet(JpaRepositoryFactoryBean.java:132) ~[spring-data-jpa-3.4.4.jar:3.4.4]
	at org.springframework.beans.factory.support.AbstractAutowireCapableBeanFactory.invokeInitMethods(AbstractAutowireCapableBeanFactory.java:1859) ~[spring-beans-6.2.5.jar:6.2.5]
	at org.springframework.beans.factory.support.AbstractAutowireCapableBeanFactory.initializeBean(AbstractAutowireCapableBeanFactory.java:1808) ~[spring-beans-6.2.5.jar:6.2.5]
	at org.springframework.beans.factory.support.AbstractAutowireCapableBeanFactory.doCreateBean(AbstractAutowireCapableBeanFactory.java:601) ~[spring-beans-6.2.5.jar:6.2.5]
	at org.springframework.beans.factory.support.AbstractAutowireCapableBeanFactory.createBean(AbstractAutowireCapableBeanFactory.java:523) ~[spring-beans-6.2.5.jar:6.2.5]
	at org.springframework.beans.factory.support.AbstractBeanFactory.lambda$doGetBean$0(AbstractBeanFactory.java:339) ~[spring-beans-6.2.5.jar:6.2.5]
	at org.springframework.beans.factory.support.DefaultSingletonBeanRegistry.getSingleton(DefaultSingletonBeanRegistry.java:347) ~[spring-beans-6.2.5.jar:6.2.5]
	at org.springframework.beans.factory.support.AbstractBeanFactory.doGetBean(AbstractBeanFactory.java:337) ~[spring-beans-6.2.5.jar:6.2.5]
	at org.springframework.beans.factory.support.AbstractBeanFactory.getBean(AbstractBeanFactory.java:202) ~[spring-beans-6.2.5.jar:6.2.5]
	at org.springframework.beans.factory.support.DefaultListableBeanFactory.doResolveDependency(DefaultListableBeanFactory.java:1609) ~[spring-beans-6.2.5.jar:6.2.5]
	at org.springframework.beans.factory.support.DefaultListableBeanFactory.resolveDependency(DefaultListableBeanFactory.java:1555) ~[spring-beans-6.2.5.jar:6.2.5]
	at org.springframework.beans.factory.annotation.AutowiredAnnotationBeanPostProcessor$AutowiredFieldElement.resolveFieldValue(AutowiredAnnotationBeanPostProcessor.java:785) ~[spring-beans-6.2.5.jar:6.2.5]
	at org.springframework.beans.factory.annotation.AutowiredAnnotationBeanPostProcessor$AutowiredFieldElement.inject(AutowiredAnnotationBeanPostProcessor.java:768) ~[spring-beans-6.2.5.jar:6.2.5]
	at org.springframework.beans.factory.annotation.InjectionMetadata.inject(InjectionMetadata.java:146) ~[spring-beans-6.2.5.jar:6.2.5]
	at org.springframework.beans.factory.annotation.AutowiredAnnotationBeanPostProcessor.postProcessProperties(AutowiredAnnotationBeanPostProcessor.java:509) ~[spring-beans-6.2.5.jar:6.2.5]
	at org.springframework.beans.factory.support.AbstractAutowireCapableBeanFactory.populateBean(AbstractAutowireCapableBeanFactory.java:1445) ~[spring-beans-6.2.5.jar:6.2.5]
	at org.springframework.beans.factory.support.AbstractAutowireCapableBeanFactory.doCreateBean(AbstractAutowireCapableBeanFactory.java:600) ~[spring-beans-6.2.5.jar:6.2.5]
	at org.springframework.beans.factory.support.AbstractAutowireCapableBeanFactory.createBean(AbstractAutowireCapableBeanFactory.java:523) ~[spring-beans-6.2.5.jar:6.2.5]
	at org.springframework.beans.factory.support.AbstractBeanFactory.lambda$doGetBean$0(AbstractBeanFactory.java:339) ~[spring-beans-6.2.5.jar:6.2.5]
	at org.springframework.beans.factory.support.DefaultSingletonBeanRegistry.getSingleton(DefaultSingletonBeanRegistry.java:347) ~[spring-beans-6.2.5.jar:6.2.5]
	at org.springframework.beans.factory.support.AbstractBeanFactory.doGetBean(AbstractBeanFactory.java:337) ~[spring-beans-6.2.5.jar:6.2.5]
	at org.springframework.beans.factory.support.AbstractBeanFactory.getBean(AbstractBeanFactory.java:202) ~[spring-beans-6.2.5.jar:6.2.5]
	at org.springframework.beans.factory.config.DependencyDescriptor.resolveCandidate(DependencyDescriptor.java:254) ~[spring-beans-6.2.5.jar:6.2.5]
	at org.springframework.beans.factory.support.DefaultListableBeanFactory.doResolveDependency(DefaultListableBeanFactory.java:1667) ~[spring-beans-6.2.5.jar:6.2.5]
	at org.springframework.beans.factory.support.DefaultListableBeanFactory.resolveDependency(DefaultListableBeanFactory.java:1555) ~[spring-beans-6.2.5.jar:6.2.5]
	at org.springframework.beans.factory.annotation.AutowiredAnnotationBeanPostProcessor$AutowiredFieldElement.resolveFieldValue(AutowiredAnnotationBeanPostProcessor.java:785) ~[spring-beans-6.2.5.jar:6.2.5]
	at org.springframework.beans.factory.annotation.AutowiredAnnotationBeanPostProcessor$AutowiredFieldElement.inject(AutowiredAnnotationBeanPostProcessor.java:768) ~[spring-beans-6.2.5.jar:6.2.5]
	at org.springframework.beans.factory.annotation.InjectionMetadata.inject(InjectionMetadata.java:146) ~[spring-beans-6.2.5.jar:6.2.5]
	at org.springframework.beans.factory.annotation.AutowiredAnnotationBeanPostProcessor.postProcessProperties(AutowiredAnnotationBeanPostProcessor.java:509) ~[spring-beans-6.2.5.jar:6.2.5]
	at org.springframework.beans.factory.support.AbstractAutowireCapableBeanFactory.populateBean(AbstractAutowireCapableBeanFactory.java:1445) ~[spring-beans-6.2.5.jar:6.2.5]
	at org.springframework.beans.factory.support.AbstractAutowireCapableBeanFactory.doCreateBean(AbstractAutowireCapableBeanFactory.java:600) ~[spring-beans-6.2.5.jar:6.2.5]
	at org.springframework.beans.factory.support.AbstractAutowireCapableBeanFactory.createBean(AbstractAutowireCapableBeanFactory.java:523) ~[spring-beans-6.2.5.jar:6.2.5]
	at org.springframework.beans.factory.support.AbstractBeanFactory.lambda$doGetBean$0(AbstractBeanFactory.java:339) ~[spring-beans-6.2.5.jar:6.2.5]
	at org.springframework.beans.factory.support.DefaultSingletonBeanRegistry.getSingleton(DefaultSingletonBeanRegistry.java:347) ~[spring-beans-6.2.5.jar:6.2.5]
	at org.springframework.beans.factory.support.AbstractBeanFactory.doGetBean(AbstractBeanFactory.java:337) ~[spring-beans-6.2.5.jar:6.2.5]
	at org.springframework.beans.factory.support.AbstractBeanFactory.getBean(AbstractBeanFactory.java:202) ~[spring-beans-6.2.5.jar:6.2.5]
	at org.springframework.beans.factory.support.DefaultListableBeanFactory.instantiateSingleton(DefaultListableBeanFactory.java:1155) ~[spring-beans-6.2.5.jar:6.2.5]
	at org.springframework.beans.factory.support.DefaultListableBeanFactory.preInstantiateSingleton(DefaultListableBeanFactory.java:1121) ~[spring-beans-6.2.5.jar:6.2.5]
	at org.springframework.beans.factory.support.DefaultListableBeanFactory.preInstantiateSingletons(DefaultListableBeanFactory.java:1056) ~[spring-beans-6.2.5.jar:6.2.5]
	at org.springframework.context.support.AbstractApplicationContext.finishBeanFactoryInitialization(AbstractApplicationContext.java:987) ~[spring-context-6.2.5.jar:6.2.5]
	at org.springframework.context.support.AbstractApplicationContext.refresh(AbstractApplicationContext.java:627) ~[spring-context-6.2.5.jar:6.2.5]
	at org.springframework.boot.web.servlet.context.ServletWebServerApplicationContext.refresh(ServletWebServerApplicationContext.java:146) ~[spring-boot-3.4.4.jar:3.4.4]
	at org.springframework.boot.SpringApplication.refresh(SpringApplication.java:752) ~[spring-boot-3.4.4.jar:3.4.4]
	at org.springframework.boot.SpringApplication.refreshContext(SpringApplication.java:439) ~[spring-boot-3.4.4.jar:3.4.4]
	at org.springframework.boot.SpringApplication.run(SpringApplication.java:318) ~[spring-boot-3.4.4.jar:3.4.4]
	at org.springframework.boot.SpringApplication.run(SpringApplication.java:1361) ~[spring-boot-3.4.4.jar:3.4.4]
	at org.springframework.boot.SpringApplication.run(SpringApplication.java:1350) ~[spring-boot-3.4.4.jar:3.4.4]
	at com.duoc.backend.BackendApplication.main(BackendApplication.java:10) ~[classes/:na]

2026-09-05T00:51:45.983-04:00 TRACE 27080 --- [backend] [main] org.hibernate.internal.SessionImpl       : Closing session [8cd88618-870e-4370-b62e-394ed88083e0]
2026-09-05T00:51:45.984-04:00 TRACE 27080 --- [backend] [main] o.h.e.jdbc.internal.JdbcCoordinatorImpl  : Closing JDBC container [org.hibernate.engine.jdbc.internal.JdbcCoordinatorImpl@4ac0fdc7]
2026-09-05T00:51:45.984-04:00 TRACE 27080 --- [backend] [main] o.h.r.j.i.ResourceRegistryStandardImpl   : Releasing JDBC resources
2026-09-05T00:51:45.984-04:00 TRACE 27080 --- [backend] [main] o.h.r.j.i.LogicalConnectionManagedImpl   : Closing logical connection
2026-09-05T00:51:45.984-04:00 TRACE 27080 --- [backend] [main] o.h.r.j.i.LogicalConnectionManagedImpl   : Logical connection closed
2026-09-05T00:51:45.985-04:00 TRACE 27080 --- [backend] [main] .i.SessionFactoryImpl$SessionBuilderImpl : Opening Hibernate Session.  tenant=null
2026-09-05T00:51:45.985-04:00 TRACE 27080 --- [backend] [main] org.hibernate.internal.SessionImpl       : Opened Session [ed03fa2f-2d7e-4a1f-b461-1f03cb30d02d] at timestamp: 1788583905985
2026-09-05T00:51:45.985-04:00 TRACE 27080 --- [backend] [main] org.hibernate.internal.SessionImpl       : Closing session [ed03fa2f-2d7e-4a1f-b461-1f03cb30d02d]
2026-09-05T00:51:45.986-04:00 TRACE 27080 --- [backend] [main] o.h.e.jdbc.internal.JdbcCoordinatorImpl  : Closing JDBC container [org.hibernate.engine.jdbc.internal.JdbcCoordinatorImpl@2b6ff016]
2026-09-05T00:51:45.986-04:00 TRACE 27080 --- [backend] [main] o.h.r.j.i.ResourceRegistryStandardImpl   : Releasing JDBC resources
2026-09-05T00:51:45.986-04:00 TRACE 27080 --- [backend] [main] o.h.r.j.i.LogicalConnectionManagedImpl   : Closing logical connection
2026-09-05T00:51:45.986-04:00 TRACE 27080 --- [backend] [main] o.h.r.j.i.LogicalConnectionManagedImpl   : Logical connection closed
2026-09-05T00:51:46.047-04:00 TRACE 27080 --- [backend] [main] .i.SessionFactoryImpl$SessionBuilderImpl : Opening Hibernate Session.  tenant=null
2026-09-05T00:51:46.048-04:00 TRACE 27080 --- [backend] [main] org.hibernate.internal.SessionImpl       : Opened Session [f9c94c6c-38a2-40d5-8c16-e9b6a01d3f3e] at timestamp: 1788583906048
2026-09-05T00:51:46.048-04:00 TRACE 27080 --- [backend] [main] org.hibernate.internal.SessionImpl       : Closing session [f9c94c6c-38a2-40d5-8c16-e9b6a01d3f3e]
2026-09-05T00:51:46.048-04:00 TRACE 27080 --- [backend] [main] o.h.e.jdbc.internal.JdbcCoordinatorImpl  : Closing JDBC container [org.hibernate.engine.jdbc.internal.JdbcCoordinatorImpl@73753326]
2026-09-05T00:51:46.048-04:00 TRACE 27080 --- [backend] [main] o.h.r.j.i.ResourceRegistryStandardImpl   : Releasing JDBC resources
2026-09-05T00:51:46.048-04:00 TRACE 27080 --- [backend] [main] o.h.r.j.i.LogicalConnectionManagedImpl   : Closing logical connection
2026-09-05T00:51:46.048-04:00 TRACE 27080 --- [backend] [main] o.h.r.j.i.LogicalConnectionManagedImpl   : Logical connection closed
2026-09-05T00:51:46.051-04:00 TRACE 27080 --- [backend] [main] .i.SessionFactoryImpl$SessionBuilderImpl : Opening Hibernate Session.  tenant=null
2026-09-05T00:51:46.051-04:00 TRACE 27080 --- [backend] [main] org.hibernate.internal.SessionImpl       : Opened Session [63fe5eee-2c1a-4da7-9a4f-958edaec38bd] at timestamp: 1788583906051
2026-09-05T00:51:46.051-04:00 TRACE 27080 --- [backend] [main] org.hibernate.internal.SessionImpl       : Closing session [63fe5eee-2c1a-4da7-9a4f-958edaec38bd]
2026-09-05T00:51:46.051-04:00 TRACE 27080 --- [backend] [main] o.h.e.jdbc.internal.JdbcCoordinatorImpl  : Closing JDBC container [org.hibernate.engine.jdbc.internal.JdbcCoordinatorImpl@5e7ea81b]
2026-09-05T00:51:46.051-04:00 TRACE 27080 --- [backend] [main] o.h.r.j.i.ResourceRegistryStandardImpl   : Releasing JDBC resources
2026-09-05T00:51:46.051-04:00 TRACE 27080 --- [backend] [main] o.h.r.j.i.LogicalConnectionManagedImpl   : Closing logical connection
2026-09-05T00:51:46.051-04:00 TRACE 27080 --- [backend] [main] o.h.r.j.i.LogicalConnectionManagedImpl   : Logical connection closed
2026-09-05T00:51:46.082-04:00  WARN 27080 --- [backend] [main] JpaBaseConfiguration$JpaWebConfiguration : spring.jpa.open-in-view is enabled by default. Therefore, database queries may be performed during view rendering. Explicitly configure spring.jpa.open-in-view to disable this warning
2026-09-05T00:51:46.097-04:00  INFO 27080 --- [backend] [main] r$InitializeUserDetailsManagerConfigurer : Global AuthenticationManager configured with UserDetailsService bean with name myUserDetailsService
2026-09-05T00:51:46.178-04:00 TRACE 27080 --- [backend] [main] s.w.s.m.m.a.RequestMappingHandlerMapping : 
	c.d.b.A.AppointmentController:
	{GET [/appointment]}: getAllAppointments()
	{GET [/appointment/{id}]}: getAppointmentById(Long)
	{POST [/appointment]}: saveAppointment(Appointment)
	{DELETE [/appointment/{id}]}: deleteAppointment(Long)
2026-09-05T00:51:46.182-04:00 TRACE 27080 --- [backend] [main] s.w.s.m.m.a.RequestMappingHandlerMapping : 
	c.d.b.C.CareController:
	{GET [/care/{id}]}: getCareById(Long)
	{GET [/care]}: getAllCares()
	{DELETE [/care/{id}]}: deleteCare(Long)
	{POST [/care]}: saveCare(Care)
2026-09-05T00:51:46.183-04:00 TRACE 27080 --- [backend] [main] s.w.s.m.m.a.RequestMappingHandlerMapping : 
	c.d.b.I.InvoiceController:
	{DELETE [/invoice/{id}]}: deleteInvoice(Long)
	{GET [/invoice]}: getAllInvoices()
	{POST [/invoice]}: saveInvoice(Invoice)
	{GET [/invoice/{id}]}: getInvoiceById(Long)
2026-09-05T00:51:46.184-04:00 TRACE 27080 --- [backend] [main] s.w.s.m.m.a.RequestMappingHandlerMapping : 
	c.d.b.LoginController:
	{POST [/login]}: login(String,String)
2026-09-05T00:51:46.185-04:00 TRACE 27080 --- [backend] [main] s.w.s.m.m.a.RequestMappingHandlerMapping : 
	c.d.b.M.MedicationController:
	{DELETE [/medication/{id}]}: deleteMedication(Long)
	{GET [/medication/{id}]}: getMedicationById(Long)
	{POST [/medication]}: saveMedication(Medication)
	{GET [/medication]}: getAllMedications()
2026-09-05T00:51:46.186-04:00 TRACE 27080 --- [backend] [main] s.w.s.m.m.a.RequestMappingHandlerMapping : 
	c.d.b.P.PatientController:
	{GET [/patient/register]}: greetings(String)
	{GET [/patient]}: getAllPatients()
	{GET [/patient/{id}]}: getPatientById(Long)
	{DELETE [/patient/{id}]}: deletePatient(Long)
	{POST [/patient]}: savePatient(Patient)
2026-09-05T00:51:46.187-04:00 TRACE 27080 --- [backend] [main] s.w.s.m.m.a.RequestMappingHandlerMapping : 
	c.d.b.SecuredController:
	{ [/greetings]}: greetings(String)
2026-09-05T00:51:46.193-04:00 TRACE 27080 --- [backend] [main] s.w.s.m.m.a.RequestMappingHandlerMapping : 
	o.s.b.a.w.s.e.BasicErrorController:
	{ [/error]}: error(HttpServletRequest)
	{ [/error], produces [text/html]}: errorHtml(HttpServletRequest,HttpServletResponse)
2026-09-05T00:51:46.195-04:00 DEBUG 27080 --- [backend] [main] s.w.s.m.m.a.RequestMappingHandlerMapping : 25 mappings in 'requestMappingHandlerMapping'
2026-09-05T00:51:46.200-04:00 DEBUG 27080 --- [backend] [main] o.s.w.s.h.BeanNameUrlHandlerMapping      : Detected 0 mappings in 'beanNameHandlerMapping'
2026-09-05T00:51:46.241-04:00 TRACE 27080 --- [backend] [main] o.s.w.s.f.support.RouterFunctionMapping  : 0 RouterFunction(s) in 'routerFunctionMapping'
2026-09-05T00:51:46.252-04:00 TRACE 27080 --- [backend] [main] o.s.w.s.handler.SimpleUrlHandlerMapping  : Mapped [/webjars/**] onto ResourceHttpRequestHandler [classpath [META-INF/resources/webjars/]]
2026-09-05T00:51:46.252-04:00 TRACE 27080 --- [backend] [main] o.s.w.s.handler.SimpleUrlHandlerMapping  : Mapped [/**] onto ResourceHttpRequestHandler [classpath [META-INF/resources/], classpath [resources/], classpath [static/], classpath [public/], ServletContext [/]]
2026-09-05T00:51:46.252-04:00 DEBUG 27080 --- [backend] [main] o.s.w.s.handler.SimpleUrlHandlerMapping  : Patterns [/webjars/**, /**] in 'resourceHandlerMapping'
2026-09-05T00:51:46.329-04:00 DEBUG 27080 --- [backend] [main] s.w.s.m.m.a.RequestMappingHandlerAdapter : ControllerAdvice beans: 0 @ModelAttribute, 0 @InitBinder, 1 RequestBodyAdvice, 1 ResponseBodyAdvice
2026-09-05T00:51:46.358-04:00 DEBUG 27080 --- [backend] [main] .m.m.a.ExceptionHandlerExceptionResolver : ControllerAdvice beans: 0 @ExceptionHandler, 1 ResponseBodyAdvice
2026-09-05T00:51:46.434-04:00  INFO 27080 --- [backend] [main] o.s.b.w.embedded.tomcat.TomcatWebServer  : Tomcat started on port 8180 (http) with context path '/'
2026-09-05T00:51:46.441-04:00  INFO 27080 --- [backend] [main] com.duoc.backend.BackendApplication      : Started BackendApplication in 4.578 seconds (process running for 4.845)
2026-09-05T00:52:14.621-04:00 DEBUG 27080 --- [backend] [HikariPool-1 housekeeper] com.zaxxer.hikari.pool.HikariPool        : HikariPool-1 - Pool stats (total=10, active=0, idle=10, waiting=0)
2026-09-05T00:52:14.621-04:00 DEBUG 27080 --- [backend] [HikariPool-1 housekeeper] com.zaxxer.hikari.pool.HikariPool        : HikariPool-1 - Fill pool skipped, pool has sufficient level or currently being filled.
2026-09-05T00:52:28.168-04:00  INFO 27080 --- [backend] [SpringApplicationShutdownHook] o.s.b.w.e.tomcat.GracefulShutdown        : Commencing graceful shutdown. Waiting for active requests to complete
2026-09-05T00:52:28.171-04:00  INFO 27080 --- [backend] [tomcat-shutdown] o.s.b.w.e.tomcat.GracefulShutdown        : Graceful shutdown complete
2026-09-05T00:52:28.174-04:00  INFO 27080 --- [backend] [SpringApplicationShutdownHook] j.LocalContainerEntityManagerFactoryBean : Closing JPA EntityManagerFactory for persistence unit 'default'
2026-09-05T00:52:28.174-04:00 DEBUG 27080 --- [backend] [SpringApplicationShutdownHook] o.hibernate.internal.SessionFactoryImpl  : HHH000031: Closing
2026-09-05T00:52:28.175-04:00 TRACE 27080 --- [backend] [SpringApplicationShutdownHook] o.h.s.i.AbstractServiceRegistryImpl      : Initializing service [role=org.hibernate.engine.jdbc.connections.spi.MultiTenantConnectionProvider]
2026-09-05T00:52:28.175-04:00 TRACE 27080 --- [backend] [SpringApplicationShutdownHook] o.h.type.spi.TypeConfiguration$Scope     : Handling #sessionFactoryClosed from [org.hibernate.internal.SessionFactoryImpl@9715d26] for TypeConfiguration
2026-09-05T00:52:28.175-04:00 DEBUG 27080 --- [backend] [SpringApplicationShutdownHook] o.h.type.spi.TypeConfiguration$Scope     : Un-scoping TypeConfiguration [org.hibernate.type.spi.TypeConfiguration$Scope@f8edfbd] from SessionFactory [org.hibernate.internal.SessionFactoryImpl@9715d26]
2026-09-05T00:52:28.175-04:00 DEBUG 27080 --- [backend] [SpringApplicationShutdownHook] o.h.s.i.AbstractServiceRegistryImpl      : Implicitly destroying ServiceRegistry on de-registration of all child ServiceRegistries
2026-09-05T00:52:28.176-04:00 DEBUG 27080 --- [backend] [SpringApplicationShutdownHook] o.h.b.r.i.BootstrapServiceRegistryImpl   : Implicitly destroying Boot-strap registry on de-registration of all child ServiceRegistries
2026-09-05T00:52:28.177-04:00  INFO 27080 --- [backend] [SpringApplicationShutdownHook] com.zaxxer.hikari.HikariDataSource       : HikariPool-1 - Shutdown initiated...
2026-09-05T00:52:28.177-04:00 DEBUG 27080 --- [backend] [SpringApplicationShutdownHook] com.zaxxer.hikari.pool.HikariPool        : HikariPool-1 - Before shutdown stats (total=10, active=0, idle=10, waiting=0)
2026-09-05T00:52:28.177-04:00 DEBUG 27080 --- [backend] [HikariPool-1 connection closer] com.zaxxer.hikari.pool.PoolBase          : HikariPool-1 - Closing connection com.mysql.cj.jdbc.ConnectionImpl@49122853: (connection evicted)
2026-09-05T00:52:28.179-04:00 DEBUG 27080 --- [backend] [HikariPool-1 connection closer] com.zaxxer.hikari.pool.PoolBase          : HikariPool-1 - Closing connection com.mysql.cj.jdbc.ConnectionImpl@100e4e2c: (connection evicted)
2026-09-05T00:52:28.180-04:00 DEBUG 27080 --- [backend] [HikariPool-1 connection closer] com.zaxxer.hikari.pool.PoolBase          : HikariPool-1 - Closing connection com.mysql.cj.jdbc.ConnectionImpl@51334417: (connection evicted)
2026-09-05T00:52:28.181-04:00 DEBUG 27080 --- [backend] [HikariPool-1 connection closer] com.zaxxer.hikari.pool.PoolBase          : HikariPool-1 - Closing connection com.mysql.cj.jdbc.ConnectionImpl@60a8d16b: (connection evicted)
2026-09-05T00:52:28.182-04:00 DEBUG 27080 --- [backend] [HikariPool-1 connection closer] com.zaxxer.hikari.pool.PoolBase          : HikariPool-1 - Closing connection com.mysql.cj.jdbc.ConnectionImpl@311cbb58: (connection evicted)
2026-09-05T00:52:28.183-04:00 DEBUG 27080 --- [backend] [HikariPool-1 connection closer] com.zaxxer.hikari.pool.PoolBase          : HikariPool-1 - Closing connection com.mysql.cj.jdbc.ConnectionImpl@3552e6ed: (connection evicted)
2026-09-05T00:52:28.188-04:00 DEBUG 27080 --- [backend] [HikariPool-1 connection closer] com.zaxxer.hikari.pool.PoolBase          : HikariPool-1 - Closing connection com.mysql.cj.jdbc.ConnectionImpl@3e1497d2: (connection evicted)
2026-09-05T00:52:28.190-04:00 DEBUG 27080 --- [backend] [HikariPool-1 connection closer] com.zaxxer.hikari.pool.PoolBase          : HikariPool-1 - Closing connection com.mysql.cj.jdbc.ConnectionImpl@7fcfe843: (connection evicted)
2026-09-05T00:52:28.191-04:00 DEBUG 27080 --- [backend] [HikariPool-1 connection closer] com.zaxxer.hikari.pool.PoolBase          : HikariPool-1 - Closing connection com.mysql.cj.jdbc.ConnectionImpl@734fcb00: (connection evicted)
2026-09-05T00:52:28.193-04:00 DEBUG 27080 --- [backend] [HikariPool-1 connection closer] com.zaxxer.hikari.pool.PoolBase          : HikariPool-1 - Closing connection com.mysql.cj.jdbc.ConnectionImpl@6e937908: (connection evicted)
2026-09-05T00:52:28.194-04:00 DEBUG 27080 --- [backend] [SpringApplicationShutdownHook] com.zaxxer.hikari.pool.HikariPool        : HikariPool-1 - After shutdown stats (total=0, active=0, idle=0, waiting=0)
2026-09-05T00:52:28.194-04:00  INFO 27080 --- [backend] [SpringApplicationShutdownHook] com.zaxxer.hikari.HikariDataSource       : HikariPool-1 - Shutdown completed.
